date,portfolio_value,return,n_coins
2021-02-02,1.0083094025685504,0.008309402568550395,2
2021-02-03,1.0275259401755144,0.019058175554063195,2
2021-02-04,1.0731902725337308,0.044441050656508385,2
2021-02-05,1.2195193829574416,0.13634964289998408,2
2021-02-06,1.139941839841463,-0.06525320075109925,2
2021-02-07,1.1019215873448973,-0.03335280026378634,2
2021-02-08,1.1705768282197628,0.06230501486071405,2
2021-02-09,1.3248358319746731,0.13178033259851085,2
2021-02-10,1.3822850090780228,0.043363242234867316,2
2021-02-11,1.5648145234679882,0.13204911663746655,2
2021-02-12,1.5974785920634584,0.02087408322558204,2
2021-02-13,1.7641099940128433,0.10430900468853715,2
2021-02-14,1.6182895890955622,-0.08265947441609445,2
2021-02-15,1.6164739764456193,-0.0011219330966329988,2
2021-02-16,1.584391610883501,-0.019847127779107576,2
2021-02-17,1.6556943367145778,0.045003221010061045,2
2021-02-18,1.6239085431331872,-0.019197863323289266,2
2021-02-19,1.6429225877543019,0.01170881494620929,2
2021-02-20,1.6024184265479369,-0.02465372471488736,2
2021-02-21,1.5808275695530234,-0.013473919568827097,2
2021-02-22,1.4293004281266963,-0.0958530483303573,2
2021-02-23,1.249017662288208,-0.12613357016535331,2
2021-02-24,1.3024798824690254,0.04280341407092225,2
2021-02-25,1.221333326059807,-0.06230158139210118,2
2021-02-26,1.1995806578900516,-0.017810590856414676,2
2021-02-27,1.2325446595117102,0.027479604147368497,2
2021-02-28,1.188347455420405,-0.03585850115063133,2
2021-03-01,1.3176086317522764,0.10877389078612731,2
2021-03-26,1.4493088290074951,0.09995395755723901,1
2021-03-27,1.7219194131919788,0.18809695954945016,1
2021-03-28,1.6684782527479642,-0.03103580808404327,1
2021-03-29,1.9457215071876568,0.16616533897464714,1
2021-03-30,1.8153449300053546,-0.0670068027210885,1
2021-03-31,1.732067167084341,-0.04587434682221403,1
2021-04-01,1.8242242146611716,0.05320639368273583,1
2021-06-02,2.076802257462233,0.1384577842850172,1
2021-06-03,2.2285983670765472,0.07309126762978524,1
2021-06-04,2.3874278448196184,0.07126877596676251,1
2021-06-05,2.255663479875815,-0.05519093078758952,1
2021-06-06,2.1910277170723003,-0.028654878433849063,1
2021-06-07,1.9153909104060738,-0.12580251930109698,1
2021-06-08,2.0611329816310784,0.07608998791484622,1
2021-06-09,2.2521913107995934,0.09269577987991884,1
2021-06-10,2.0156386637349404,-0.10503221725896361,1
2021-06-11,1.9251842078005457,-0.044876325088339164,1
2021-06-12,1.8575214258023762,-0.03514613392526822,1
2021-06-13,1.9640903074494935,0.057371549079754836,1
2021-06-14,2.0253429311530993,0.031186256289379433,1
2021-06-15,1.9906212403908807,-0.01714361070816306,1
2021-06-16,1.8475500684552781,-0.07187262399928429,1
2021-06-17,1.8657121836232078,0.00983037779491136,1
2021-06-18,1.7155186135825344,-0.08050200419927467,1
2021-06-19,1.6515060606132135,-0.03731382012559037,1
2021-06-20,1.713381894151013,0.03746630727762801,1
2021-06-21,1.2874624874677993,-0.24858404780462462,1
2021-06-22,1.2505150472977464,-0.028697877048613374,1
2021-06-23,1.3377644240848594,0.06977075323935633,1
2021-06-24,1.4949023322779764,0.11746306402236129,1
2021-06-25,1.2830109886521301,-0.1417426002024894,1
2021-06-26,1.3252111974246725,0.03289154118381776,1
2021-06-27,1.4153985634301274,0.06805508901578783,1
2021-06-28,1.4399708368926203,0.017360674298653844,1
2021-06-29,1.5978209848962444,0.10962037838506244,1
2021-06-30,1.618297879448322,0.012815512341895596,1
2021-07-01,1.5046065996961346,-0.07025361720856038,1
2021-07-02,1.4813697758783422,-0.015443786982248575,1
2021-07-03,1.566126313328681,0.05721497686159038,1
2021-07-04,1.6373502943793854,0.045477801148314345,1
2021-07-05,1.5989783745883184,-0.023435375999129926,1
2021-07-06,1.7449875357422626,0.09131403118040082,1
2021-07-07,1.7286060201006006,-0.009387755102040818,1
2021-07-08,1.5618528744656384,-0.09646683147919244,1
2021-07-09,1.5749402809837054,0.008379410591119019,1
2021-07-10,1.5565110758868357,-0.011701526286037267,1
2021-07-11,1.5682630327602023,0.007550191614711599,1
2021-07-12,1.494101062491156,-0.04728924212319052,1
2021-07-13,1.427684700161374,-0.04445238946490282,1
2021-07-14,1.4225209615351981,-0.0036168620603640456,1
2021-07-15,1.3382986039427398,-0.059206408812116695,1
2021-07-16,1.2624450641237392,-0.05667908461947857,1
2021-07-17,1.270546791968257,0.006417489421720823,1
2021-07-18,1.2561239358054892,-0.011351692243010247,1
2021-07-19,1.1947822821255698,-0.04883407753915936,1
2021-07-20,1.1414533263138547,-0.044634873323397994,1
2021-07-21,1.290934656544021,0.1309570236331019,1
2021-07-22,1.3744447743259722,0.06468965517241387,1
2021-07-23,1.4287530598771345,0.03951289027076044,1
2021-07-24,1.3778279134258808,-0.035643070787637066,1
2021-07-25,1.3584193785895637,-0.01408632721633496,1
2021-07-26,1.3626928174526058,0.003145890680298802,1
2021-07-27,1.397770628120078,0.025741539265647484,1
2021-07-28,1.375157014136479,-0.016178343949044605,1
2021-07-29,1.4456687553766765,0.051275411109672264,1
2021-07-30,1.5137766872564127,0.04711171326518038,1
2021-07-31,1.5215222951956768,0.005116744103981663,1
2021-08-01,1.4755828274179723,-0.03019309537741377,1
2021-08-02,1.4455797254003628,-0.02033305176782918,1
2021-08-03,1.3977706281200775,-0.03307261193570232,1
2021-08-04,1.4494970443581516,0.037006369426751506,1
2021-08-05,1.5776111802731063,0.08838523432221601,1
2021-08-06,1.7131148042220719,0.0858916478555305,1
2021-08-07,1.704924046401241,-0.004781207774659513,1
2021-08-08,1.5665714632102474,-0.0811488250652741,1
2021-08-09,1.6699352657100823,0.06598090475107976,1
2021-08-10,1.8422082698764741,0.10316148637841871,1
2021-08-11,1.8154102470061466,-0.014546684709066282,1
2021-08-12,1.810068448427344,-0.002942474621156266,1
2021-08-13,2.104045430214127,0.1624120800747626,1
2021-08-14,2.0186656829295946,-0.040578851605805544,1
2021-08-15,1.9818963027121685,-0.018214695245655665,1
2021-08-16,1.888058707677865,-0.047347378823952346,1
2021-08-17,1.70937554521691,-0.09463856273871829,1
2021-08-18,1.7013628473487057,-0.004687499999999956,1
2021-08-19,1.9171715099323403,0.12684458398744103,1
2021-08-20,2.018665682929594,0.05293953747561986,1
2021-08-21,1.9831427223805553,-0.017597247949192818,1
2021-08-22,2.174913291359577,0.09670033670033651,1
2021-08-23,2.105024759953573,-0.03213393917065788,1
2021-08-24,1.865178003765326,-0.11394011165623397,1
2021-08-25,1.9569679093444214,0.04921241050119329,1
2021-08-26,1.825203544400618,-0.06733087666621174,1
2021-08-27,1.9457501323289357,0.06604555875323159,1
2021-08-28,1.8651780037653263,-0.04140928849233583,1
2021-08-29,1.8739029414440374,0.004677804295942556,1
2021-08-30,1.8675818131257875,-0.0033732421132648405,1
2021-08-31,1.9873271312672847,0.06411784335224291,1
2021-09-01,2.055969243004901,0.03453991577815585,1
2021-09-02,1.9635561275916116,-0.044948685748928296,1
2021-09-03,1.9653367271178794,0.0009068238494673864,1
2021-09-04,2.0243636014136506,0.03003397508493766,1
2021-09-05,2.2104362519086163,0.09191661535755125,1
2021-09-06,2.2140864809374645,0.0016513613661992554,1
2021-09-07,1.7750796677361844,-0.1982789818649724,1
2021-09-08,1.769381749252128,-0.0032099508476276517,1
2021-09-09,2.121851425476802,0.19920499144611048,1
2021-09-10,1.9098710518746425,-0.0999034951537785,1
2021-09-11,2.021336582218995,0.058362856610106206,1
2021-09-12,2.1558608764285134,0.06655214940098664,1
2021-09-13,2.104490580095693,-0.023828205657650203,1
2021-09-14,2.4920380669878393,0.1841526355867671,1
2021-09-15,2.6829183362037274,0.07659604872994885,1
2021-09-16,2.766072334080425,0.030993860959017683,1
2021-09-17,2.4965785957798214,-0.09742830474106023,1
2021-09-18,2.568247726712093,0.0287069395906141,1
2021-09-19,2.7106066588371887,0.0554303740423614,1
2021-09-20,2.1451772792709076,-0.20859883071667873,1
2021-09-21,1.9601729884917027,-0.08624195891263742,1
2021-09-22,2.1810563597252,0.11268565199618474,1
2021-09-23,2.484381489024888,0.1390725773532533,1
2021-09-24,2.161647824888883,-0.12990503493997496,1
2021-09-25,2.0573937226259145,-0.04822899505766054,1
2021-09-26,2.265901927151852,0.10134579601021243,1
2021-09-27,2.1095652887455554,-0.06899532434874867,1
2021-09-28,1.9834098123094948,-0.05980164591686021,1
2021-09-29,2.036916828073837,0.02697728700960611,1
2021-09-30,2.0784938270121853,0.02041173128196161,1
2021-10-01,2.1839876313363074,0.05075492789688396,2
2022-06-02,2.219519411387021,0.01626922219745941,1
2022-06-03,2.194452470666312,-0.011293859649122773,1
2022-06-04,2.199319837796547,0.0022180326050793564,1
2022-06-05,2.1920187871011945,-0.003319685736417055,1
2022-06-06,2.2986141272533347,0.04862884423226399,1
2022-06-07,2.276224238454255,-0.009740603493912148,1
2022-06-08,2.346070956773123,0.030685341601625282,1
2022-06-09,2.2365551963428425,-0.04668049792531115,1
2022-06-10,2.1586773222590874,-0.03482045701849845,1
2022-06-11,1.936725381120385,-0.1028184892897408,1
2022-06-12,1.9303978038510798,-0.0032671525508922716,1
2022-06-13,1.5935759984388391,-0.17448310640443765,1
2022-06-14,1.5590176918141727,-0.02168601099572387,1
2022-06-15,1.668776820600965,0.07040274742428965,1
2022-06-16,1.4336829882106294,-0.1408779349569782,1
2022-06-17,1.5174017028506663,0.05839416058394176,1
2022-06-18,1.4422008806885402,-0.0495589414595029,1
2022-06-19,1.643709879880257,0.139723253459332,1
2022-06-20,1.5801907388306942,-0.03864376665679592,1
2022-06-21,1.5984433655690742,0.011550900970275668,1
2022-06-22,1.5361410663020698,-0.03897685749086499,1
2022-06-23,1.5957663136474447,0.03881495564005055,1
2022-06-24,1.685569237200275,0.056275735854811826,1
2022-06-25,1.6583119812709606,-0.016170950043315147,1
2022-06-26,1.5512299044057973,-0.06457293806868214,1
2022-06-27,1.5154547559985725,-0.023062441167241876,1
2022-06-28,1.4302758312194654,-0.05620684117552588,1
2022-06-29,1.399368049942475,-0.021609664794963512,1
2022-06-30,1.3256274379194193,-0.05269565217391303,1
2022-07-01,1.3010472339117343,-0.018542316871672404,1
2022-07-02,1.3134590200938325,0.009539842873176108,1
2022-07-03,1.3270876480584897,0.01037613488975353,1
2022-07-04,1.413970151333179,0.06546854942233638,1
2022-07-05,1.390120052395029,-0.01686746987951815,1
2022-07-06,1.4164038348982966,0.01890756302521024,1
2022-07-07,1.456072877009709,0.028006872852233577,1
2022-07-08,1.450718773166451,-0.003677085074377362,1
2022-07-09,1.4903878152778638,0.02734440530112403,1
2022-07-10,1.4497452997404041,-0.027269758327890248,1
2022-07-11,1.350694378640128,-0.06832298136645965,1
2022-07-12,1.2635685070089269,-0.06450450450450451,1
2022-07-13,1.3365790139624474,0.05778120184899849,1
2022-07-14,1.4015583651510806,0.048616168973051765,1
2022-07-15,1.4202977286024843,0.013370376801528083,1
2022-07-16,1.5410084334323046,0.08498971898560659,1
2022-07-17,1.4463381427492399,-0.0614339861023373,1
2022-07-18,1.5957663136474447,0.10331482416288051,1
2022-07-19,1.5770269501960412,-0.011743175232575842,1
2022-07-20,1.5118042306508963,-0.041358024691358075,1
2022-07-21,1.505720021738103,-0.0040244687701223025,1
2022-07-22,1.45899329728785,-0.031032810732180338,1
2022-07-23,1.444391195897146,-0.010008340283569672,1
2022-07-24,1.4366034084887704,-0.005391743892165124,1
2022-07-25,1.3190564922936026,-0.0818228019651025,1
2022-07-26,1.3567785875529212,0.02859778597785967,1
2022-07-27,1.5066934951641497,0.11049327354260075,1
2022-07-28,1.5487962208406798,0.027943789371668526,1
2022-07-29,1.5453890638495154,-0.0021998742928975856,1
2022-07-30,1.5850581059609279,0.025669291338582534,1
2022-07-31,1.5670488475790598,-0.011361891601412433,1
2022-08-01,1.5264063320416001,-0.02593570430191028,1
2022-08-02,1.4964720241906568,-0.019610969387755084,1
2022-08-03,1.5047465483120557,0.005529354366563544,1
2022-08-04,1.5728896881353411,0.04528546013262158,1
2022-08-05,1.6797283966439929,0.0679251121770077,1
2022-08-06,1.6434665115237443,-0.021587945523036778,1
2022-08-07,1.7135565981991239,0.04264771212794316,1
2022-08-08,1.8868348680354792,0.1011219997159496,1
2022-08-09,1.9415927482506194,0.029021024119695538,1
2022-08-10,1.9150655973908404,-0.013662572073201318,1
2022-08-11,1.9289375937120092,0.0072436141822340705,1
2022-08-12,1.8819675009052443,-0.024350239717385924,1
2022-08-13,1.853980139906395,-0.01487133066080426,1
2022-08-14,1.7950849976305552,-0.03176686794434236,1
2022-08-15,1.794111524204508,-0.0005422993492408823,1
2022-08-16,1.8500862462022067,0.031199131850244033,1
2022-08-17,1.8084702572387004,-0.022494080505130132,1
2022-08-18,1.706985652573307,-0.05611626968106587,1
2022-08-19,1.5144812825725247,-0.11277445109780448,1
2022-08-20,1.5312736991718345,0.011087899726820005,1
2022-08-21,1.5726463197788296,0.02701843610934529,1
2022-08-22,1.584084632534881,0.0072732900030949565,1
2022-08-23,1.6164526239509416,0.02043324627438925,1
2022-08-24,1.6483338786539787,0.019722975007527843,1
2022-08-25,1.6495507204365374,0.0007382253063634714,1
2022-08-26,1.4794362392348348,-0.10312776630274423,1
2022-08-27,1.4933082355560037,0.00937654219443984,1
2022-08-28,1.4886842367822808,-0.003096479791395046,1
2022-08-29,1.5522033778318436,0.04266797449730264,1
2022-08-30,1.4587499289313373,-0.06020696142991544,1
2022-08-31,1.4550994035836613,-0.0025025025025025016,1
2022-09-01,1.4353865667062107,-0.013547415955845521,1
2022-10-02,1.3922600200866213,-0.03004524886877824,1
2022-10-03,1.4499352812284818,0.04142563911177466,1
2022-10-04,1.4740965392743963,0.016663680344024323,1
2022-10-05,1.4714985545382766,-0.0017624250969333621,1
2022-10-06,1.432009186549255,-0.026836158192090398,1
2022-10-07,1.420318255236716,-0.008164005805515129,1
2022-10-08,1.4138232933964163,-0.004572891896835518,1
2022-10-09,1.4236956353936714,0.006982726938625339,1
2022-10-10,1.365240978830975,-0.04105839416058399,1
2022-10-11,1.3403003253642245,-0.01826831588962885,1
2022-10-12,1.3436777055211802,0.0025198681915099552,1
2022-10-13,1.3231536261058334,-0.01527455529775712,1
2022-10-14,1.2762873173447988,-0.035420156689564886,2
2022-10-15,1.2745445862401288,-0.0013654692646288824,2
2022-10-16,1.2979109536255975,0.018333111009006586,2
2022-10-17,1.3246456409808218,0.02059824464886717,2
2022-10-18,1.3149674640927485,-0.007306238429854561,2
2022-10-19,1.2615891485081014,-0.04059287932380501,2
2022-10-20,1.2662154260128107,0.003667023856522511,2
2022-10-21,1.2848561410178836,0.01472159841218379,2
2022-10-22,1.2879135181754926,0.0023795482311248506,2
2022-10-23,1.3048986086525571,0.013188067550627292,2
2022-10-24,1.2704226414319855,-0.02642041840796483,2
2022-10-25,1.2961658537455196,0.020263502454991866,2
2022-10-26,1.3301048113370675,0.026184116402599655,2
2022-10-27,1.2786505162833373,-0.03868439134657853,2
2022-10-28,1.3051930265512588,0.020758221210493755,2
2022-10-29,1.3188039780385716,0.010428305400372428,1
2022-10-30,1.3042208157307362,-0.011057869517139718,1
2022-10-31,1.2769989127561103,-0.020872158032053667,1
2022-11-01,1.2196384743452915,-0.044918157594213914,1
2022-11-02,1.2213398432812057,0.001394978078915976,1
2022-11-03,1.2235273176273813,0.001791044776119577,1
2022-11-04,1.3064082900769116,0.06773937226857352,1
2022-11-05,1.3032486049102139,-0.0024186046511628367,1
2022-11-06,1.2215828959863362,-0.06266318537859006,1
2022-11-07,1.2439437448583504,0.018304814962196714,1
2022-11-08,1.025196310240821,-0.17584994138335286,1
2022-11-09,0.8501983625467975,-0.170697012802276,1
2022-11-10,0.9513082878811222,0.1189251000571756,1
2022-11-11,0.9593290271504316,0.008431272355646335,1
2022-11-12,0.9712386097018305,0.012414492019255263,1
2022-11-13,0.9843634557788824,0.013513513513513598,1
2022-11-14,0.9855787193045352,0.0012345679012344402,1
2022-11-15,0.9906828261122776,0.0051787916152898905,1
2022-11-16,0.9464472337785106,-0.04465161923454364,1
2022-11-17,0.9632178704325214,0.01771956856702639,1
2022-11-18,0.9505791297657307,-0.013121372697451505,1
2022-11-19,0.966377555599219,0.016619790334952755,1
2022-11-20,0.923357226791105,-0.04451710261569408,1
2022-11-21,0.912662907765359,-0.011581995261911171,1
2022-11-22,0.9695372407659166,0.062316910785619184,1
2022-11-23,1.050230738869272,0.08322887941840063,1
2022-11-24,1.064327795766846,0.01342281879194629,1
2022-11-25,1.0062381992406355,-0.05457867092943591,1
2022-11-26,1.003564619484199,-0.0026570048309179084,1
2022-11-27,0.9853356665994049,-0.01816420440784694,1
2022-11-28,0.961030396086346,-0.024666995559940785,1
2022-11-29,0.9760996638044424,0.01568032372281225,1
2022-11-30,1.0550917929718837,0.08092629482071723,1
2022-12-01,1.0917927514466028,0.034784611840589896,1
2022-12-02,1.1209590760622732,0.026714158504006935,1
2022-12-03,1.1061328610493073,-0.013226366001734546,1
2022-12-04,1.1143966530237475,0.007470885519666126,1
2022-12-05,1.1284937099213215,0.012649945474372926,1
2022-12-06,1.121688234177665,-0.0060305836743485,1
2022-12-07,1.062140321420671,-0.05308775731310933,1
2022-12-08,1.093980225792778,0.029977116704805296,1
2022-12-09,1.1109939151519193,0.015552099533437058,1
2022-12-10,1.1058898083441768,-0.004594180704441064,1
2022-12-11,1.0903344352158193,-0.014065934065934038,1
2022-12-12,1.1175563381904452,0.024966562639322287,1
2022-12-13,1.1241187612289711,0.005872118312309826,1
2022-12-14,1.1258201301648854,0.0015135135135135869,1
2022-12-15,1.116098021959662,-0.008635578583765069,1
2022-12-16,0.99554388021489,-0.10801393728222997,1
2022-12-17,1.046341895587183,0.051025390625,1
2022-12-18,1.0560640037924067,0.009291521486643584,1
2022-12-19,1.0242240994202996,-0.030149597238204873,1
2022-12-20,1.0237379940100382,-0.00047460844803048907,1
2022-12-21,1.0052659884201136,-0.018043684710351338,1
2022-12-22,0.9561693419837348,-0.04883945841392645,1
2022-12-23,0.9568985000991265,0.0007625826131163471,1
2022-12-24,0.96662060830435,0.010160020320040708,1
2022-12-25,0.9726969259326148,0.006286145335680171,1
2022-12-26,0.97901629626601,0.006496751624187835,1
2022-12-27,0.9435306013169442,-0.03624627606752728,1
2022-12-28,0.9107184861243148,-0.03477588871715609,1
2022-12-29,0.9228711213808443,0.013344008540165486,1
2022-12-30,0.9243294376116279,0.0015801948907032681,1
2022-12-31,0.9048852212011808,-0.021036024191427916,1
2023-01-01,0.9056143793165725,0.0008058017727639033,1
2023-01-02,0.9617595542017385,0.06199677938808379,1
2023-01-03,0.9731830313428761,0.011877685114985992,1
2023-01-04,0.9889814571763643,0.016233766233766156,1
2023-01-05,0.9668636610094808,-0.022364217252396124,1
2023-01-06,1.006238199240636,0.040723981900452344,1
2023-01-07,1.0093978844073335,0.0031400966183574575,1
2023-01-08,1.0395364198435264,0.029857934023597377,1
2023-01-09,1.0478002118179663,0.007949497311199316,1
2023-01-10,1.070404113395111,0.021572720946416046,1
2023-01-11,1.07404990397207,0.0034059945504087974,1
2023-01-12,1.1032162285877407,0.0271554650373389,1
2023-01-13,1.1037023339980017,0.0004406256884774695,1
2023-01-14,1.137243607306023,0.030389781986346787,1
2023-01-15,1.0881469608696441,-0.04317161786706558,1
2023-01-16,1.0320017859844781,-0.051597051597051635,1
2023-01-17,1.084015064882424,0.05040037682524723,1
2023-01-18,1.04512663206153,-0.0358744394618834,1
2023-01-19,1.0808553797157265,0.03418604651162793,1
2023-01-20,1.1678682481524771,0.08050371036653914,1
2023-01-21,1.165680773806302,-0.0018730489073880419,1
2023-01-22,1.150368453383075,-0.013135946622185202,1
2023-01-23,1.1387019235368068,-0.010141559264736921,1
2023-01-24,1.081341485125988,-0.050373532550693656,1
2023-01-25,1.1029731758826102,0.020004495392222932,1
2023-01-26,1.1360283437803702,0.029969149405024265,1
2023-01-27,1.1316533950880197,-0.0038510911424903815,1
2023-01-28,1.1017579123569572,-0.026417525773196004,1
2023-01-29,1.1452643465753325,0.03948819766159284,1
2023-01-30,1.0825567486516408,-0.05475382003395579,1
2023-01-31,1.0964107528440843,0.012797485406376374,1
2023-02-01,1.145021293870202,0.04433606739082241,1
2023-02-02,1.1146397057288784,-0.02653364466143071,1
2023-02-03,1.1416185559983736,0.024204099433057014,1
2023-02-04,1.1306811842674973,-0.009580583351075034,1
2023-02-05,1.0745360093823313,-0.04965606190885641,1
2023-02-06,1.0521751605103171,-0.02080977154489938,1
2023-02-07,1.1391880289470677,0.08269808269808276,1
2023-02-08,1.0993273853056513,-0.034990398975890735,1
2023-02-09,1.0409947360743101,-0.05306212690692014,1
2023-02-10,1.0567931619077984,0.015176278309596114,1
2023-02-11,1.107348124574961,0.047838086476541086,1
2023-02-12,1.120472970652013,0.011852502194907855,1
2023-02-13,1.0587375835488435,-0.05509761388286327,1
2023-02-14,1.060195899779627,0.0013774104683195176,1
2023-02-15,1.122903497703319,0.05914718019257226,1
2023-02-16,1.0587375835488435,-0.05714285714285716,1
2023-02-17,1.0983551744851292,0.037419651056014525,1
2023-02-18,1.1185285490109682,0.018366895330825583,1
2023-02-19,1.1627641413447354,0.039548022598870025,1
2023-02-20,1.2193954216401626,0.0487040133779264,1
2023-02-21,1.2004373106399766,-0.015547139724935266,1
2023-02-22,1.1666529846268248,-0.02814334885604375,1
2023-02-23,1.167139090037086,0.0004166666666667318,1
2023-02-24,1.09859822719026,-0.05872553102873801,1
2023-02-25,1.0798831688952044,-0.017035398230088594,1
2023-02-26,1.096167700138954,0.015079900967814641,1
2023-02-27,1.0735637985618094,-0.020620842572062092,1
2023-02-28,1.0468280009974447,-0.024903780846728618,1
2023-03-01,1.0776956945490295,0.029486881820292687,1
2023-03-02,1.0592236889591047,-0.017140279657194557,1
2023-03-03,0.9620026069068692,-0.09178522257916477,1
2023-03-04,0.9352668093425045,-0.027791814047498753,1
2023-03-05,0.9233572267911058,-0.012733887733887617,1
2023-03-06,0.9347807039322433,0.012371676757041206,1
2023-03-07,0.9153364875217962,-0.020800832033281424,1
2023-03-08,0.8684273154315927,-0.05124800849707911,1
2023-03-09,0.8317263569568738,-0.04226140498180797,1
2023-03-10,0.7816574996999726,-0.060198714202221004,1
2023-03-11,0.7668312846870068,-0.01896766169154218,1
2023-03-12,0.837559621880008,0.09223454833597455,1
2023-03-13,0.8601635234571526,0.02698781195589084,1
2023-03-14,0.8825243723291668,0.025996044080248693,1
2023-03-15,0.8108238243156431,-0.0812448361332967,1
2023-03-16,0.8249208812132172,0.017386091127098213,1
2023-03-17,0.9034269049703973,0.09516794342958179,1
2023-03-18,0.8769341601111631,-0.02932472423997856,1
2023-03-19,0.8946770075856961,0.02023281596452331,1
2023-03-20,0.8363443583543547,-0.06519967400163018,1
2023-03-21,0.8881145845471701,0.0619006102877071,1
2023-03-22,0.8441220449185335,-0.049534756431308224,1
2023-03-23,0.9274891227783254,0.09876187733947606,1
2023-03-24,0.872802264123943,-0.05896226415094341,1
2023-03-25,0.8642954194443726,-0.009746588693956948,1
2023-03-26,0.8820382669189055,0.02052868391451068,1
2023-03-27,0.872316158713682,-0.01102232019840177,1
2023-03-28,0.8851979520856033,0.014767344664252002,1
2023-03-29,0.9019685887396138,0.018945634266886335,1
2023-03-30,0.921412805150061,0.02155753166262464,1
2023-03-31,0.9423153377912917,0.022685307306779423,1
2023-04-01,0.9301627025347623,-0.012896569512509726,1
2023-08-02,0.8839997112679628,-0.0496289424860854,1
2023-08-03,0.8523615241069165,-0.03578981617048971,1
2023-08-04,0.8514986644570697,-0.0010123165176312288,1
2023-08-05,0.8507796147488641,-0.0008444519506839443,1
2023-08-06,0.8497729451573762,-0.0011832319134550406,1
2023-08-07,0.8366862404680343,-0.015400236926721989,1
2023-08-08,0.8545186732315331,0.021313166036438513,1
2023-08-09,0.8555253428230211,0.0011780545270954068,1
2023-08-10,0.8691872872789275,0.01596907043200546,1
2023-08-11,0.869762527045492,0.0006618133686300265,1
2023-08-12,0.8735015855281612,0.004298941798941858,1
2023-08-13,0.8612777404886658,-0.013994073098452575,1
2023-08-14,0.8622844100801536,0.0011688094840540675,1
2023-08-15,0.8067737726066814,-0.0643762508338892,1
2023-08-16,0.7578783924487006,-0.06060606060606066,1
2023-08-17,0.6846791321533707,-0.09658444022770396,1
2023-08-18,0.6964715473679425,0.017223272421760027,1
2023-08-19,0.8041851936571411,0.15465620483171594,1
2023-08-20,0.7817508427611264,-0.027896995708154626,1
2023-08-21,0.739183100035355,-0.054451802796173565,1
2023-08-22,0.7701022374881956,0.04182879377431892,1
2023-08-23,0.864297749263129,0.12231559290382821,1
2023-08-24,0.8224490562455631,-0.04841930116472548,1
2023-08-25,0.8001585152911896,-0.027102640321734484,1
2023-08-26,0.8456024568497834,0.056793673616103435,1
2023-08-27,0.8384119597677274,-0.008503401360544172,1
2023-08-28,0.7872156205434888,-0.06106346483704972,1
2023-08-29,0.7843394217106664,-0.003653635367190322,1
2023-08-30,0.7551460035575192,-0.03722038870553723,1
2023-08-31,0.7196249479721625,-0.047038659302990005,1
2023-09-01,0.7029429947417927,-0.023181454836130988,1
2023-09-02,0.7113278884716611,0.011928269849176387,2
2023-09-03,0.7113151990074499,-1.78391209129658e-05,2
2023-09-04,0.7433166290449171,0.044989099181517944,2
2023-09-05,0.7621693890024805,0.02536302730343487,2
2023-09-06,0.759773977669728,-0.0031428857775141483,2
2023-09-07,0.7638349010646334,0.005344909820892307,2
2023-09-08,0.7406027695048348,-0.030415121811555756,2
2023-09-09,0.7406361529038796,4.507598461600537e-05,2
2023-09-10,0.714974599283907,-0.03464798946062653,2
2023-09-11,0.6762289416324812,-0.05419165616545285,2
2023-09-12,0.6764984308645162,0.00039851774368665493,2
2023-09-13,0.6968177294365692,0.030035987734792324,2
2023-09-14,0.704707430577444,0.011322474741356392,2
2023-09-15,0.7159879152543223,0.01600733040041169,2
2023-09-16,0.7336614932068656,0.024684184713181345,2
2023-09-17,0.698688400748483,-0.047669249077682496,2
2023-09-18,0.7150864684048608,0.023469786586997943,2
2023-09-19,0.7171759895978768,0.0029220538848637734,2
2023-09-20,0.7037209823581125,-0.018761095512007497,2
2023-09-21,0.6896319843167382,-0.020020716156797236,2
2023-09-22,0.7055481217257463,0.02307917522818681,2
2023-09-23,0.6852946696324737,-0.02870598258235524,2
2023-09-24,0.6720811270228377,-0.019281548792320802,2
2023-09-25,0.6802052664624397,0.012088033888989047,2
2023-09-26,0.6777794063906559,-0.003566364730458571,2
2023-09-27,0.6828316759715808,0.00745415032278629,2
2023-09-28,0.6971986442781659,0.021040278024804238,2
2023-09-29,0.721656880200973,0.0350807278865688,2
2023-09-30,0.718824651117006,-0.003924620081468877,2
2023-10-01,0.760883722900649,0.058510892355021604,2
2023-10-02,0.7142692951516749,-0.06126353652470057,2
2023-10-03,0.6914289744948308,-0.031977183972319634,2
2023-10-04,0.6899310947378979,-0.0021663537574878045,2
2023-10-05,0.6730772288204474,-0.02442833211315576,2
2023-10-06,0.6898988076071719,0.024992048559128954,2
2023-10-07,0.6846466310266655,-0.007612966601178828,2
2023-10-08,0.6840421781053169,-0.0008828684666748465,2
2023-10-09,0.6510023950767748,-0.04830079794210468,2
2023-10-10,0.6495454030541785,-0.0022380747499776144,2
2023-10-11,0.6457666637471501,-0.005817513740010716,2
2023-10-12,0.6303927814111224,-0.023807178659267736,2
2023-10-13,0.6395036663903897,0.01445271146486271,2
2023-10-14,0.6376717645237612,-0.0028645682001613437,2
2023-10-15,0.6367430991141135,-0.0014563376666696937,2
2023-10-16,0.6463780363202991,0.015131592662080418,2
2023-10-17,0.6244550159076147,-0.03391671619519715,2
2023-10-18,0.6218149415797937,-0.004227805463270673,2
2023-10-19,0.6117347858026799,-0.01621086130787397,2
2023-10-20,0.6329470484247214,0.03467558673193338,2
2023-10-21,0.6547767884659229,0.03448904627256144,2
2023-10-22,0.6730620624332629,0.02792596544263659,2
2023-10-23,0.7062106238748058,0.04925037866746451,2
2023-10-24,0.7254268878291472,0.02721038639847473,2
2023-10-25,0.738581604693746,0.018133759701083774,2
2023-10-26,0.734972259136134,-0.004886860889405209,2
2023-10-27,0.7226038248616828,-0.016828436884119446,2
2023-10-28,0.7582999215425917,0.04939926340376288,2
2023-10-29,0.7589533467227232,0.0008616975441619878,1
2023-10-30,0.7596067719028546,0.0008609556607834801,1
2023-10-31,0.7400040164989099,-0.02580645161290329,1
2023-11-01,0.7687547244246954,0.038852097130242846,1
2023-11-14,0.5124993822316719,-0.33333823396635975,2
2023-11-15,0.5538459894740138,0.08067640406179333,2
2023-11-16,0.5115720397484653,-0.07632798743509173,2
2023-11-17,0.5017796030327586,-0.019141852866942366,2
2023-11-18,0.49908347536570136,-0.005373131252768837,2
2023-11-19,0.5135283613065919,0.02894282550690741,2
2023-11-20,0.5060832637432261,-0.01449792869165556,2
2023-11-21,0.461857560511217,-0.0873881955804966,2
2023-11-22,0.5120796221504555,0.10873928659660581,2
2023-11-23,0.5249257324660827,0.025086158011288218,2
2023-11-24,0.5470412252003775,0.04213070795824192,2
2023-11-25,0.5625202419534691,0.02829588711055875,2
2023-11-26,0.5486864858325526,-0.024592459238223674,2
2023-11-27,0.5188620437873118,-0.054356071846724086,2
2023-11-28,0.5312390196576345,0.02385407839814202,2
2023-11-29,0.5177869280722956,-0.025322107540233563,2
2023-11-30,0.5196230719675802,0.003546137987917919,2
2023-12-01,0.5312422104912776,0.022360705577797124,2
2023-12-02,0.5689891275330526,0.07105406215155186,2
2023-12-03,0.5788350948093022,0.017304315319588703,2
2023-12-04,0.5735486709019677,-0.00913286695077814,2
2023-12-05,0.6108273885330618,0.06499660712746358,2
2023-12-06,0.5676205925700888,-0.07073487006981904,2
2023-12-07,0.5944646461149382,0.04729224749106464,2
2023-12-08,0.6218450215532806,0.04605887939221265,2
2023-12-09,0.6143386768743615,-0.01207108591167827,2
2023-12-10,0.6773380168580624,0.1025482235698224,2
2023-12-11,0.6599822137562853,-0.02562354787390303,2
2023-12-12,0.6331935919121079,-0.04058991482771962,2
2023-12-13,0.6415247029688356,0.013157288960504998,2
2023-12-14,0.6419283819406366,0.0006292493023773438,2
2023-12-15,0.6118613584841551,-0.0468385949310805,2
2023-12-16,0.614505966564544,0.004322234185438256,2
2023-12-17,0.6038072718116388,-0.017410237385842298,2
2023-12-18,0.579566559992035,-0.040146439023287905,2
2023-12-19,0.5533973846548165,-0.04515301113573261,2
2023-12-20,0.5643695675675997,0.019826951151254768,2
2023-12-21,0.579267221293948,0.026396982726330176,2
2023-12-22,0.6199373054285995,0.07020953825732446,2
2023-12-23,0.6067904979083504,-0.021206672683070582,2
2023-12-24,0.6107376400870004,0.006504950542660093,2
2023-12-25,0.6228009355124933,0.019752009101280332,2
2023-12-26,0.6008641459969671,-0.03522279474014389,2
2023-12-27,0.643348541282515,0.07070549236226564,2
2023-12-28,0.6501110088753217,0.010511359176047508,2
2023-12-29,0.6014306176954329,-0.07488012126437427,2
2023-12-30,0.5960980533211133,-0.008866466417611019,2
2023-12-31,0.5881058468061265,-0.013407536680347776,2
2024-01-01,0.6178588218609007,0.050591190712277245,2
2024-01-02,0.5815397560319107,-0.058782143337538284,2
2024-01-03,0.5328729248289179,-0.08368616366844273,2
2024-01-04,0.5613617688921003,0.05346273517711364,2
2024-01-05,0.5249407361041478,-0.06487978841137126,2
2024-01-06,0.5116138967927302,-0.025387321643816185,2
2024-01-07,0.49537924612408724,-0.03173223161141003,2
2024-01-08,0.518355182242778,0.04638049796889454,2
2024-01-09,0.5334621996516503,0.02914414271602045,2
2024-01-10,0.597459061458715,0.11996512939221282,2
2024-01-11,0.6064682069783062,0.015079100980735172,2
2024-01-12,0.5874470575293539,-0.03136380313112219,2
2024-01-13,0.5801502791641353,-0.012421167612800599,2
2024-01-14,0.536970271962307,-0.07442900357479937,2
2024-01-15,0.5359581450602637,-0.00188488442450363,2
2024-01-16,0.5540245496249627,0.033708610889134905,2
2024-01-17,0.5396204743470192,-0.02599898377733295,2
2024-01-18,0.5031270707645698,-0.06762790760785942,2
2024-01-19,0.5018876039503776,-0.0024635263857074596,2
2024-01-20,0.4993738900534428,-0.005008519591138072,2
2024-01-21,0.4896433265913305,-0.019485527088873245,2
2024-01-22,0.47231650662614044,-0.03538661516294178,2
2024-01-23,0.4538873999216038,-0.039018553122734834,2
2024-01-24,0.46481005317763985,0.02406467608028473,2
2024-01-25,0.46481041762811925,7.840847608409085e-07,2
2024-01-26,0.48287549360644616,0.03886547136897478,2
2024-01-27,0.483456889473707,0.0012040285227950531,2
2024-01-28,0.475196720357154,-0.017085637409252896,2
2024-01-29,0.49320570674026093,0.037897960174412715,2
2024-01-30,0.4888118719799325,-0.008908726521776378,2
2024-01-31,0.456634334687941,-0.06582806011166703,2
2024-02-01,0.46973078981695987,0.028680399466607942,2
2024-02-02,0.4740579224369479,0.009211941635067555,2
2024-02-03,0.46524226834874516,-0.018596153910654833,2
2024-02-04,0.46767886079783294,0.00523725511384826,2
2024-02-05,0.47339126621003724,0.012214375912692033,2
2024-02-06,0.5018799499678627,0.06017999441752564,2
2024-02-07,0.514711827601248,0.025567623560588615,2
2024-02-08,0.510746486246241,-0.007704002788292197,2
2024-02-09,0.5334471775944847,0.044446103809903104,2
2024-02-10,0.5235135229296045,-0.01862162756146679,2
2024-02-11,0.5387777244105472,0.02915722481345573,2
2024-02-12,0.571208400776141,0.060193053454603684,2
2024-02-13,0.5638019726321689,-0.012966245128587961,2
2024-02-14,0.5756747929494161,0.02105849375059421,2
2024-02-15,0.582627533032611,0.012077548241383185,2
2024-02-16,0.5599793429626547,-0.03887250221779098,2
2024-02-17,0.556953115221316,-0.0054041774564898,2
2024-02-18,0.5789512784625629,0.039497334048496424,2
2024-02-19,0.5976991974462985,0.03238255045143312,2
2024-02-20,0.5955515016935508,-0.0035932719366595367,2
2024-02-21,0.5607635507372608,-0.05841300182665066,2
2024-02-22,0.5489809149671111,-0.02101177181480235,2
2024-02-23,0.5519638984800432,0.00543367434387193,2
2024-02-24,0.5929387176274427,0.07423459987189907,2
2024-02-25,0.6007685191181145,0.013205077114885722,2
2024-02-26,0.6107599485764027,0.01663108025859089,2
2024-02-27,0.5841355748682666,-0.04359220634914568,2
2024-02-28,0.5970173056425379,0.022052638682683257,2
2024-02-29,0.6068398926674241,0.016452767670301904,2
2024-03-01,0.637840697021146,0.051085640097678575,2
2024-03-02,0.6609839385249855,0.03628373293194276,2
2024-03-03,0.6366894713655243,-0.03675500378068991,2
2024-03-04,0.6836491706187416,0.07375604806610303,2
2024-03-05,0.6100058838885833,-0.10772087482166764,2
2024-03-06,0.694570341238473,0.13862892077502542,2
2024-03-07,0.7022638789375358,0.011076686178889572,2
2024-03-08,0.6734083857109098,-0.041089245926021256,2
2024-03-09,0.6854579000378721,0.017893323847225084,2
2024-03-10,0.703228306622753,0.02592486946886019,2
2024-03-11,0.7481269224149045,0.06384642849173228,2
2024-03-12,0.764199313697778,0.02148350874874666,2
2024-03-13,0.7702847494865087,0.00796315264833819,2
2024-03-14,0.7394109649701599,-0.040081001911215386,2
2024-03-15,0.6757477284042873,-0.08609993573525354,2
2024-03-16,0.6187917125086821,-0.08428591544081282,2
2024-03-17,0.6258524425061481,0.011410511573984428,2
2024-03-18,0.5954464701528329,-0.048583292623351204,2
2024-03-19,0.5459559861674669,-0.08311491706830232,2
2024-03-20,0.6110422926850092,0.11921529970655498,2
2024-03-21,0.6388377681333149,0.0454886278430392,2
2024-03-22,0.6310495512422194,-0.012191228007468524,2
2024-03-23,0.6392115764330708,0.012934048007457455,2
2024-03-24,0.6600380323932507,0.03258147494198338,2
2024-03-25,0.7092898679568347,0.07461969333039864,2
2024-03-26,0.6977373339200301,-0.016287465194000983,2
2024-03-27,0.6798155415537276,-0.025685586101025004,2
2024-03-28,0.7031624927392449,0.034343067727103604,2
2024-03-29,0.6852961946270892,-0.02540849134679468,2
2024-03-30,0.6592796853126005,-0.037963889947828844,2
2024-03-31,0.6707737843401422,0.01743432913770382,2
2024-04-01,0.6350569277189755,-0.05324724587485541,2
2024-04-02,0.584986603584453,-0.07884383580282667,2
2024-04-03,0.570571242986213,-0.02464220635124148,2
2024-04-04,0.5845313716463182,0.024466933501663624,2
2024-04-05,0.5583329768696348,-0.044819484543483445,2
2024-04-06,0.5727107857463949,0.025751315921497597,2
2024-04-07,0.5991686276373418,0.0461975617526833,2
2024-04-08,0.6234630288742853,0.040546851280818696,2
2024-04-09,0.5765328537880954,-0.07527338897853525,2
2024-04-10,0.5741989479761243,-0.004048174872665511,2
2024-04-11,0.5593898817926165,-0.02579082778835662,2
2024-04-12,0.4560446994415126,-0.18474624893093294,2
2024-04-13,0.4011154750759124,-0.12044701853320156,2
2024-04-14,0.43263198011222465,0.07857214940497548,2
2024-04-15,0.4141231543649389,-0.042781917653162305,2
2024-04-16,0.4156570817117707,0.0037040366631614363,2
2024-04-17,0.40292155705363725,-0.030639498804364618,2
2024-04-18,0.41248974527010307,0.02374702482148927,2
2024-04-19,0.41410645783684613,0.0039194006282129434,2
2024-04-20,0.45122161557905527,0.08962709235708688,2
2024-04-21,0.4429289604633195,-0.018378231071873197,2
2024-04-22,0.4591266066585044,0.03656939970292661,2
2024-04-23,0.45122072874383573,-0.017219385241485308,2
2024-04-24,0.43231528918230694,-0.04189842876713595,2
2024-04-25,0.43519376673633153,0.006658283031046597,2
2024-04-26,0.42497132382410585,-0.023489405624734394,2
2024-04-27,0.45534257620725865,0.07146659240406383,2
2024-04-28,0.4525761123187311,-0.006075566031119972,2
2024-04-29,0.4409659900352219,-0.025653413796026148,2
2024-04-30,0.4284727426997849,-0.02833154396881965,2
2024-05-01,0.4554629096609318,0.0629915611226124,2
2024-05-02,0.47791276995241605,0.04929020522921834,3
2024-05-03,0.4956923479375133,0.037202558924858874,3
2024-05-04,0.4977159134822949,0.0040823013572859335,3
2024-05-05,0.49543221253168096,-0.004588362334320177,3
2024-05-06,0.47401066765424205,-0.04323809460828931,3
2024-05-07,0.45728331441565373,-0.03528898056528499,3
2024-05-08,0.45629901173528364,-0.002152500756840111,3
2024-05-09,0.46947939027091934,0.028885397944456104,3
2024-05-10,0.44236908351041254,-0.057745467260793736,3
2024-05-11,0.44355191624254586,0.0026738593998182716,3
2024-05-12,0.4406050019618752,-0.00664389933344182,3
2024-05-13,0.4420000376699374,0.0031661821855189323,3
2024-05-14,0.4275947450840389,-0.032591156918985585,3
2024-05-15,0.453509529268818,0.06060594636093075,3
2024-05-16,0.439760546936784,-0.030316854321013092,3
2024-05-17,0.45839163301559493,0.042366433752614764,3
2024-05-18,0.4704596810372858,0.026326937824539837,3
2024-05-19,0.4522489797231271,-0.038708314544632416,3
2024-05-20,0.5276763691999247,0.16678288477947523,3
2024-05-21,0.5452372339983361,0.033279611942899,3
2024-05-22,0.525286371832376,-0.03659115871389843,3
2024-05-23,0.5356326949826853,0.019696538317218737,3
2024-05-24,0.5301573533717057,-0.01022219454164693,3
2024-05-25,0.5426524880312878,0.023568728378688657,3
2024-05-26,0.5329113729459696,-0.017950926790474015,3
2024-05-27,0.5675735706243378,0.06504308115391348,3
2024-05-28,0.5729131718905484,0.009407769393379136,3
2024-05-29,0.5425442016616906,-0.05300798047397589,3
2024-05-30,0.5238794122644906,-0.03440233872195834,3
2024-05-31,0.522837322806872,-0.001989178107065078,3
2024-06-01,0.5210414829843534,-0.0034347965307404507,3
2024-06-02,0.5147714038445211,-0.012033742695340327,4
2024-06-03,0.5172035962919924,0.004724801007411655,4
2024-06-04,0.5368303356951349,0.037947801492203836,4
2024-06-05,0.5527724934708703,0.029696827313404506,4
2024-06-06,0.5366189135346743,-0.029222836025662724,4
2024-06-07,0.5002886775201391,-0.06770211615395785,4
2024-06-08,0.4834355614386608,-0.03368678292904176,4
2024-06-09,0.4963352623500342,0.026683392659375443,4
2024-06-10,0.4674885060864667,-0.05811949795181742,4
2024-06-11,0.44474212631802473,-0.04865655405918101,4
2024-06-12,0.4617705262038272,0.038288254874299654,4
2024-06-13,0.40990514950742774,-0.11231850833525459,4
2024-06-14,0.3944664297905274,-0.03766412726322835,4
2024-06-15,0.4061863123095965,0.029710722216064606,4
2024-06-16,0.4172605580558411,0.027263955999097617,4
2024-06-17,0.3801566961525861,-0.08892252379696394,4
2024-06-18,0.3609443658789315,-0.05053792414574029,4
2024-06-19,0.3653162257567338,0.012112281811509917,4
2024-06-20,0.3728471638205792,0.020614846899409983,4
2024-06-21,0.36684639384687107,-0.016094449833594066,4
2024-06-22,0.37023733578311246,0.009243492625572447,4
2024-06-23,0.3596977088437385,-0.028467217972711956,4
2024-06-24,0.3724615594137634,0.0354849370908,4
2024-06-25,0.3754373222640388,0.007989449582284675,4
2024-06-26,0.35394162168751514,-0.05725509772682133,4
2024-06-27,0.3651408865442971,0.031641559428321364,4
2024-06-28,0.34187597700527356,-0.06371488484678672,4
2024-06-29,0.33833332553235945,-0.01036238785756935,4
2024-06-30,0.35153120644364577,0.039008515908149854,4
2024-07-01,0.356166627849463,0.013186372421136183,4
2024-07-02,0.354423081960651,-0.00489530953346079,4
2024-07-03,0.3309434692546722,-0.06624741418107052,4
2024-07-04,0.29264724563475003,-0.11571832405749014,4
2024-07-05,0.2855690320301396,-0.024186845118797623,4
2024-07-06,0.3099786035372448,0.08547695572441805,4
2024-07-07,0.28555115513904117,-0.07880365973475523,4
2024-07-08,0.31215873976783093,0.09317974783129124,4
2024-07-09,0.32828623886989977,0.05166441636093136,4
2024-07-10,0.32840897158254295,0.00037385884058283025,4
2024-07-11,0.3144200806432723,-0.04259594636486558,4
2024-07-12,0.3135610273421651,-0.002732183324136467,4
2024-07-13,0.3169323755038315,0.010751808635923121,4
2024-07-14,0.33708306330505683,0.06358040187340114,4
2024-07-15,0.35810626725571937,0.06236802212645348,4
2024-07-16,0.36597573688692137,0.021975235707289265,4
2024-07-17,0.3541730370293779,-0.03224995175346887,4
2024-07-18,0.34859563370992197,-0.015747679061727526,4
2024-07-19,0.3721580491250024,0.0675923997220445,4
2024-07-20,0.37004376603308825,-0.005681142989880511,4
2024-07-21,0.37725754414092716,0.019494391663914312,4
2024-07-22,0.356857264496823,-0.054075206608680926,4
2024-07-23,0.34712454823819017,-0.027273414967062953,4
2024-07-24,0.3304192948927268,-0.04812466715549177,4
2024-07-25,0.32119060150640383,-0.027930249622132836,4
2024-07-26,0.33857650058926714,0.05412953866433945,4
2024-07-27,0.3358533410961967,-0.008042966621519793,4
2024-07-28,0.3312559910589958,-0.013688564247107154,4
2024-07-29,0.3275448031351254,-0.011203383558455848,4
2024-07-30,0.31270213290375515,-0.04531493123781,4
2024-07-31,0.30149472030201196,-0.03584053775927595,4
2024-08-01,0.3011355581312474,-0.0011912718418576052,4
2024-08-02,0.2758272338278286,-0.08404296211471782,4
2024-08-03,0.2645279219261764,-0.04096517861867552,4
2024-08-04,0.248383804418618,-0.06102991846760081,4
2024-08-05,0.2251331838446201,-0.0936076352820977,4
2024-08-06,0.24521266218511628,0.08918933227699738,4
2024-08-07,0.23696381830467952,-0.03363955110201258,4
2024-08-08,0.28746222714990205,0.21310598895015048,4
2024-08-09,0.28059945356497074,-0.02387365342909073,4
2024-08-10,0.28606996142689967,0.019495789433753297,4
2024-08-11,0.26592258723041096,-0.07042813616639385,4
2024-08-12,0.2911485926421579,0.09486221412959428,4
2024-08-13,0.286651303395596,-0.015446714702445297,4
2024-08-14,0.27900831125172565,-0.026663029448439596,4
2024-08-15,0.26516603394606536,-0.04961241922708026,4
2024-08-16,0.26130104245987046,-0.014575741201382775,4
2024-08-17,0.26975032008491795,0.03233541491264835,4
2024-08-18,0.26764606786600476,-0.007800740396714884,4
2024-08-19,0.2778574296711241,0.038152482069086835,4
2024-08-20,0.2750596942471216,-0.010068960284106532,4
2024-08-21,0.28609982254384053,0.04013720849554986,4
2024-08-22,0.29021493800826914,0.014383495340330038,4
2024-08-23,0.3219810667933382,0.10945724917910304,4
2024-08-24,0.32745308569848375,0.016994846807740133,4
2024-08-25,0.3163294153708704,-0.033970271814313974,4
2024-08-26,0.2985947832871143,-0.056063809503658274,4
2024-08-27,0.2753499915218625,-0.07784728021487472,4
2024-08-28,0.2727155263047475,-0.009567696743167986,4
2024-08-29,0.27180261325522526,-0.0033474920254526475,4
2024-08-30,0.27578342506840425,0.014645965929109578,4
2024-08-31,0.2671675921873039,-0.031241300592895815,4
2024-09-01,0.25398690993648004,-0.049334884305815174,4
2024-09-02,0.267884076496457,0.05471607400339079,4
2024-09-03,0.2583701398020866,-0.03551512586637917,4
2024-09-04,0.27272973737160444,0.0555776204654197,4
2024-09-05,0.2617461173866622,-0.04027290933066327,4
2024-09-06,0.264443859777382,0.010306714069552192,4
2024-09-07,0.27495001447839773,0.039729244270826414,4
2024-09-08,0.2832149757652569,0.030059868527515743,4
2024-09-09,0.2910841229255129,0.027785067293822602,4
2024-09-10,0.28567078820796765,-0.018597148697562293,4
2024-09-11,0.27917726087268,-0.022730806240364776,4
2024-09-12,0.29358208564716565,0.051597414235878714,4
2024-09-13,0.3008473870284185,0.024747086884533226,4
2024-09-14,0.2968684991238246,-0.013225602335771774,4
2024-09-15,0.29080575919399565,-0.020422308017598645,4
2024-09-16,0.2813243536529853,-0.03260391254729353,4
2024-09-17,0.2976447374484981,0.058012694541348275,4
2024-09-18,0.31275564392867894,0.05076826356721814,4
2024-09-19,0.32218943220181223,0.030163446947370165,4
2024-09-20,0.3375184385348059,0.04757761987485648,4
2024-09-21,0.34331050031388116,0.01716072699381721,4
2024-09-22,0.3333765855440221,-0.028935656674574955,4
2024-09-23,0.33995104399938697,0.01972081645936921,4
2024-09-24,0.36246668707059143,0.06623201625244923,4
2024-09-25,0.3640757768886832,0.004439276423155586,4
2024-09-26,0.38292182888005005,0.051764091949267704,4
2024-09-27,0.39763957077764106,0.03843536927794561,4
2024-09-28,0.3963478208861012,-0.0032485446280249297,4
2024-09-29,0.398246461870511,0.004790340414046246,4
2024-09-30,0.390073549805712,-0.02052224651642076,4
2024-10-01,0.3672019213550551,-0.05863414338667375,4
2024-10-02,0.3616866003691564,-0.015019858734796129,3
2024-10-03,0.3467790631969096,-0.041216725079202154,3
2024-10-04,0.3660723793641686,0.05563575836844503,3
2024-10-05,0.36503284127891567,-0.002839706418327722,3
2024-10-06,0.3787096034273249,0.037467210074830115,3
2024-10-07,0.39050595637847196,0.03114880859737897,3
2024-10-08,0.3836905725190526,-0.01745270142003678,3
2024-10-09,0.3674628788309226,-0.04229369927332316,3
2024-10-10,0.37439725644761945,0.018870960894766992,3
2024-10-11,0.39797146325924465,0.0629657573757445,3
2024-10-12,0.4180100871483036,0.050351911478651624,3
2024-10-13,0.4210390130387808,0.007246059326320793,3
2024-10-14,0.43205490598558594,0.02616359198474209,3
2024-10-15,0.40946431839973485,-0.052286381367012615,3
2024-10-16,0.4044305574062033,-0.012293527829737213,3
2024-10-17,0.39112510205100476,-0.032899233531047845,3
2024-10-18,0.40281930744788946,0.02989888742901418,3
2024-10-19,0.40048936891612275,-0.005784078589798236,3
2024-10-20,0.42801072657176237,0.06871932138953622,3
2024-10-21,0.40557288130418234,-0.05242355827691625,3
2024-10-22,0.4030760131396534,-0.006156398219969421,3
2024-10-23,0.39279144435351215,-0.02551520916869347,3
2024-10-24,0.394783822433238,0.005072356102371556,3
2024-10-25,0.3595050386453169,-0.08936228331364086,3
2024-10-26,0.36539552584073426,0.016384992036867645,3
2024-10-27,0.36696862211233094,0.0043051875579952865,3
2024-10-28,0.3666079335672645,-0.000982886610278122,3
2024-10-29,0.40107614826481924,0.09401928202197667,3
2024-10-30,0.4007824020247997,-0.0007323951855287373,3
2024-10-31,0.37697959537919856,-0.059390847815040226,3
2024-11-01,0.37598394770981436,-0.0026411181973461004,3
2024-11-02,0.36604120841974847,-0.02644458453779447,2
2024-11-03,0.3626768502786255,-0.009191200508946396,2
2024-11-04,0.3487985153945155,-0.03826639299819651,2
2024-11-05,0.36992263032476136,0.06056251388098077,2
2024-11-06,0.423682990002999,0.14532865867395173,2
2024-11-07,0.4331381305266252,0.02231654502711844,2
2024-11-08,0.4273209212682824,-0.0134303790138956,2
2024-11-09,0.49411985704055883,0.1563203027224085,2
2024-11-10,0.5219884764967088,0.0564005252148011,2
2024-11-11,0.5954970655410378,0.14082416059771474,2
2024-11-12,0.5652609730514814,-0.05077454489567529,2
2024-11-13,0.5552891966505012,-0.017641013401560213,2
2024-11-14,0.535744609493869,-0.035197132007114384,2
2024-11-15,0.5658754752665381,0.05624109928261245,2
2024-11-16,0.5913557975956202,0.045028143898762196,2
2024-11-17,0.5789965053034687,-0.020899925801696417,2
2024-11-18,0.6143871613408317,0.061124127197993594,2
2024-11-19,0.5985835694531483,-0.025722529509232983,2
2024-11-20,0.5626832269698999,-0.0599754893306646,2
2024-11-21,0.6065351709259184,0.07793362562478545,2
2024-11-22,0.6181883178746752,0.01921264834645542,2
2024-11-23,0.6314487362929273,0.021450451318525743,2
2024-11-24,0.64684837487331,0.02438778905598904,2
2024-11-25,0.6137097781108843,-0.051230857260661955,2
2024-11-26,0.6390869065170282,0.04135037327294899,2
2024-11-27,0.670541141423814,0.049217461015136243,2
2024-11-28,0.6641362696059105,-0.009551795441370692,2
2024-11-29,0.6665924803872747,0.003698353626766404,2
2024-11-30,0.7106653188457817,0.06611661510628147,2
2024-12-01,0.7092501961647364,-0.0019912645847748878,2
2024-12-02,0.6862714314348156,-0.03239867236439024,3
2024-12-03,0.7077180969993861,0.03125099571714803,3
2024-12-04,0.7075887647922591,-0.00018274537231059243,3
2024-12-05,0.7426402760716394,0.049536557140885375,3
2024-12-06,0.7679560684673137,0.034088903081836396,3
2024-12-07,0.7863370017209573,0.023934875975820297,3
2024-12-08,0.7847866123743812,-0.0019716601701090055,3
2024-12-09,0.66949440365727,-0.14690899016268036,3
2024-12-10,0.6411178978102131,-0.042384978413626095,3
2024-12-11,0.71339358972549,0.1127338546656395,3
2024-12-12,0.7191448800236633,0.008061875493423446,3
2024-12-13,0.731918428038296,0.01776213440358824,3
2024-12-14,0.6885544267856601,-0.05924704118853933,3
2024-12-15,0.7170876713032552,0.04143934510855618,3
2024-12-16,0.7033115855033228,-0.019211159738523203,3
2024-12-17,0.6808001003087746,-0.03200784070468273,3
2024-12-18,0.6121118775336377,-0.10089337933996119,3
2024-12-19,0.575131265694918,-0.060414792125459936,3
2024-12-20,0.6305463454447818,0.09635205570489565,3
2024-12-21,0.5842516968655913,-0.0734198983367903,3
2024-12-22,0.5891419551796447,0.008370122569243299,3
2024-12-23,0.6260567388568639,0.06265855512864094,3
2024-12-24,0.6338081928062056,0.01238139208196265,3
2024-12-25,0.6196160581513105,-0.022391844750474104,3
2024-12-26,0.577369986292446,-0.0681810474455909,3
2024-12-27,0.5832553295280971,0.010193365390264867,3
2024-12-28,0.6004439792531179,0.029470197450108,3
2024-12-29,0.5774607122268419,-0.03827712129758465,3
2024-12-30,0.5826507292398616,0.008987653883855806,3
2024-12-31,0.5760795069477653,-0.011278149948716712,3
2025-01-01,0.5826689115072714,0.011438359601469958,3
2025-01-02,0.602714125323347,0.03440240833206961,3
2025-01-03,0.6744646374688268,0.11904567875688461,3
2025-01-04,0.6844888443430989,0.014862464712592671,3
2025-01-05,0.6715702305943531,-0.01887337369412312,3
2025-01-06,0.6760470902878163,0.006666256914784914,3
2025-01-07,0.6099211072691906,-0.09781268785651254,3
2025-01-08,0.5938750998698031,-0.026308332681304464,3
2025-01-09,0.5702599369814412,-0.03976452774925099,3
2025-01-10,0.5922983844209265,0.038646319003473296,3
2025-01-11,0.5889371231433917,-0.005674945881915565,3
2025-01-12,0.5702385636461486,-0.031749670316996714,3
2025-01-13,0.5560101561524688,-0.024951675317611333,3
2025-01-14,0.5609804569290054,0.008939226597820796,3
2025-01-15,0.6084415904971849,0.08460389837463778,3
2025-01-16,0.5974115718515103,-0.018128311440152478,3
2025-01-17,0.6465817110793338,0.08230530097606666,3
2025-01-18,0.6382968367298416,-0.012813344713481537,3
2025-01-19,0.5864059371866377,-0.08129587451671268,3
2025-01-20,0.5712763599966038,-0.025800518430321866,3
2025-01-21,0.6064664836495878,0.06159912455189498,3
2025-01-22,0.5867230705817421,-0.032554829656923356,3
2025-01-23,0.5782034522709001,-0.01452068060387457,3
2025-01-24,0.5619050585514546,-0.028187991018444086,3
2025-01-25,0.5611946538366971,-0.001264278909659337,3
2025-01-26,0.5314159484072439,-0.053063059717098605,3
2025-01-27,0.5285567513428924,-0.005380337328830957,3
2025-01-28,0.47568587552832264,-0.10002875884234168,3
2025-01-29,0.48867442798730953,0.027304894105928918,3
2025-01-30,0.5169111950667923,0.057782370965840636,3
2025-01-31,0.5160386354274944,-0.0016880261979721478,3
2025-02-01,0.4640398231605325,-0.10076534719902379,3
2025-02-02,0.3992882839048789,-0.13953875513234357,4
2025-02-03,0.41894741931105933,0.04923544265792634,4
2025-02-04,0.3949686648537583,-0.05723571348579504,4
2025-02-05,0.376600502015374,-0.04650536731865898,4
2025-02-06,0.35620611493518217,-0.05415390306452436,4
2025-02-07,0.3511115620339221,-0.014302261212408324,4
2025-02-08,0.3680254171491284,0.04817231029712493,4
2025-02-09,0.3639274827609674,-0.011134922201583825,4
2025-02-10,0.3736351172113815,0.026674639619866825,4
2025-02-11,0.3709753679035224,-0.007118574206059741,4
2025-02-12,0.3912926863097042,0.05476729768070637,4
2025-02-13,0.37563626832928104,-0.0400120383748529,4
2025-02-14,0.38768679934504496,0.03208031820079876,4
2025-02-15,0.37444331629742433,-0.03416026305253125,4
2025-02-16,0.3681812535499682,-0.016723660097279075,4
2025-02-17,0.3644986715111595,-0.010002090012192627,4
2025-02-18,0.34191703936548534,-0.061952577363461825,4
2025-02-19,0.3475250740053508,0.016401740756391253,4
2025-02-20,0.3605322635336392,0.03742806059538628,4
2025-02-21,0.3438293055495435,-0.04632860820939336,4
2025-02-22,0.35845785926499324,0.04254597696979007,4
2025-02-23,0.3503020850821384,-0.022752393264798304,4
2025-02-24,0.3010533631630356,-0.14058929140417475,4
2025-02-25,0.31540190231855264,0.047661115639975715,4
2025-02-26,0.3188284110777782,0.010863944491256883,4
2025-02-27,0.31467819047371764,-0.013017097786332754,4
2025-02-28,0.3207964425827867,0.019442885761668693,4
2025-03-01,0.31356796876668125,-0.022532898924650657,4
2025-03-02,0.3451140095069075,0.1006035178411318,4
2025-03-03,0.2862677005102255,-0.17051266357097625,4
2025-03-04,0.2766685917329114,-0.03353193098699303,4
2025-03-05,0.291551218994201,0.05379225436495111,4
2025-03-06,0.2873427688688796,-0.014434685403956787,4
2025-03-07,0.27487844149247675,-0.04337790515998868,4
2025-03-08,0.26642415351060833,-0.030756460695735705,4
2025-03-09,0.23708276321372235,-0.11013036885080199,4
2025-03-10,0.22426578281511364,-0.05406120725467767,4
2025-03-11,0.2363240628034293,0.053767809948326195,4
2025-03-12,0.24538972839027284,0.03836116170017029,4
2025-03-13,0.2363096786391386,-0.03700256653242284,4
2025-03-14,0.24986362669605672,0.05735671994043018,4
2025-03-15,0.2545407014004043,0.01871850963740701,4
2025-03-16,0.24293262580054778,-0.04560400570907705,4
2025-03-17,0.2575196363440189,0.06004549819276783,4
2025-03-18,0.2516693941005652,-0.02271765495831321,4
2025-03-19,0.264678722947636,0.05169213719278204,4
2025-03-20,0.2523725180827614,-0.04649487774394792,4
2025-03-21,0.2443472094157875,-0.03179945553478275,4
2025-03-22,0.25994968752841613,0.06385371926257205,4
2025-03-23,0.2593712369810683,-0.0022252404026628925,4
2025-03-24,0.27310134513303,0.05293612472906506,4
2025-03-25,0.28628486766110184,0.04827337090430661,4
2025-03-26,0.28177955224999796,-0.015737176218608817,4
2025-03-27,0.2843371288577779,0.009076515976257998,4
2025-03-28,0.2580765700766253,-0.09235712158536921,4
2025-03-29,0.2418373055820593,-0.06292421078652904,4
2025-03-30,0.24164786158517565,-0.0007833530746121364,4
2025-03-31,0.2367064947931092,-0.020448626193717456,4
2025-04-01,0.24327256674577552,0.027739297810164987,4
2025-04-02,0.2261753924997856,-0.07027991061506242,4
2025-04-03,0.22777334032765853,0.007065082590160421,4
2025-04-04,0.2246726704498652,-0.013612962225223235,4
2025-04-05,0.22111358114321197,-0.015841220472106454,4
2025-04-06,0.1950060171420606,-0.11807309106102301,4
2025-04-07,0.2019114695091719,0.035411483544534716,4
2025-04-08,0.19375392037582975,-0.040401613405976367,4
2025-04-09,0.2185596800238894,0.1280271366893801,4
2025-04-10,0.21258489042307796,-0.027337108107764352,4
2025-04-11,0.2175094720765548,0.023165247744918127,4
2025-04-12,0.2272261090638184,0.04467224757845817,4
2025-04-13,0.21511944635102864,-0.05328024478643659,4
2025-04-14,0.21517192956360096,0.0002439724230539897,4
2025-04-15,0.2069043162565756,-0.0384232893379412,4
2025-04-16,0.20584004706562728,-0.005143774717722899,4
2025-04-17,0.21410539910700255,0.04015424675228557,4
2025-04-18,0.21688986486522732,0.013005116965000924,4
2025-04-19,0.22524861740303415,0.038539156926492846,4
2025-04-20,0.22540530318264385,0.0006956126142579067,4
2025-04-21,0.2252894353428593,-0.0005140422081846563,4
2025-04-22,0.2544950187557439,0.12963583209500135,4
2025-04-23,0.2678575379060533,0.052506014520992794,4
2025-04-24,0.28208062112968335,0.05309943238789333,4
2025-04-25,0.28542754358993055,0.0118651272350557,4
2025-04-26,0.29060280860950705,0.018131624420282655,4
2025-04-27,0.2770382302636084,-0.046677382131312506,4
2025-04-28,0.28226669623148737,0.018872723677537062,4
2025-04-29,0.2789389409788607,-0.01178940093555203,4
2025-04-30,0.2793552872891991,0.0014926073386432315,4
2025-05-01,0.2851350852872167,0.02068977485303186,4
2025-05-02,0.29411585657768424,0.031496549368595625,5
2025-05-03,0.2712837089999849,-0.07762977434597693,5
2025-05-04,0.2632738416783837,-0.02952579552648924,5
2025-05-05,0.2640410077598232,0.0029139472290477864,5
2025-05-06,0.26022958083138487,-0.014434980993199776,5
2025-05-07,0.2643192568084435,0.0157156460229958,5
2025-05-08,0.30073066334953774,0.13775540602205222,5
2025-05-09,0.3302807934426059,0.09826111432714861,5
2025-05-10,0.35494503879351796,0.07467659591655314,5
2025-05-11,0.3396649246200897,-0.04304924003267221,5
2025-05-12,0.34923061896643615,0.02816214938014443,5
2025-05-13,0.36521812243282153,0.045779214645328324,5
2025-05-14,0.3565294180525767,-0.02379045246267315,5
2025-05-15,0.3470976451089616,-0.02645440310404954,5
2025-05-16,0.33886923914339473,-0.0237063145818343,5
2025-05-17,0.3325229919094332,-0.018727717068695315,5
2025-05-18,0.346391862600697,0.041708005246870794,5
2025-05-19,0.3277245193340714,-0.053890825051350566,5
2025-05-20,0.3234166895212912,-0.01314466742230207,5
2025-05-21,0.3333268576143237,0.03064210479583207,5
2025-05-22,0.349245453141766,0.04775671435951616,5
2025-05-23,0.3247345284367455,-0.07018251629197603,5
2025-05-24,0.3233723565345749,-0.004194724560791285,5
2025-05-25,0.32800545256694064,0.01432743380422612,5
2025-05-26,0.32881594688132704,0.0024709781744284287,5
2025-05-27,0.33377644264610096,0.015085934279714941,5
2025-05-28,0.3287276303803426,-0.015126328945603795,5
2025-05-29,0.31310830860153144,-0.047514478052055865,5
2025-05-30,0.2861501063428324,-0.08609864867242038,5
2025-05-31,0.28773869620401765,0.005551596263542758,5
2025-06-01,0.29039277939852975,0.009223935569063068,5
2025-06-02,0.2951633275674883,0.016427915937990735,5
2025-06-03,0.3004781917114999,0.018006519264478826,5
2025-06-04,0.28875783443697867,-0.03900568359974159,5
2025-06-05,0.270101802728338,-0.06460788066587438,5
2025-06-06,0.2761822097837293,0.022511538219931237,5
2025-06-07,0.2879668259937411,0.042669715110325204,5
2025-06-08,0.2836868772334051,-0.014862645186876699,5
2025-06-09,0.30009741356584946,0.05784735794790565,5
2025-06-10,0.31270687288535814,0.0420178873575725,5
2025-06-11,0.29483645448122614,-0.05714750762988028,5
2025-06-12,0.26804102989378376,-0.090882332154583,5
2025-06-13,0.26020240492649027,-0.029244123447815663,5
2025-06-14,0.2511518246053484,-0.0347828465447839,5
2025-06-15,0.24980308128869605,-0.005370231009755688,5
2025-06-16,0.24783113073755714,-0.00789402012563627,5
2025-06-17,0.2324571159793525,-0.06203423562024202,5
2025-06-18,0.23254776606297176,0.00038996476075752183,5
2025-06-19,0.22630865321902172,-0.026829381978498712,5
2025-06-20,0.21971733583553094,-0.029125344036720048,5
2025-06-21,0.20940843780089302,-0.04691891058771356,5
2025-06-22,0.20228002957173913,-0.034040692457347956,5
2025-06-23,0.2254817544335711,0.11470101576984124,5
2025-06-24,0.22628491681380136,0.003561983905295785,5
2025-06-25,0.21584815338089575,-0.04612222316829677,5
2025-06-26,0.21315030508195576,-0.012498825015098691,5
2025-06-27,0.21448629039841607,0.00626780860551257,5
2025-06-28,0.223395657544767,0.04153816605155267,5
2025-06-29,0.24295277870076032,0.08754476864472713,5
2025-06-30,0.22850282740965688,-0.0594763779545042,5
2025-07-01,0.21496436509700098,-0.05924855489155203,5
2025-07-02,0.22933558872775509,0.06685398123670035,5
2025-07-03,0.23090208745344865,0.006830595872117917,5
2025-07-04,0.2156510846527381,-0.06604965320543166,5
2025-07-05,0.21581764538789458,0.0007723621489069465,5
2025-07-06,0.21860910271584744,0.012934333163239175,5
2025-07-07,0.21499120662436785,-0.01654961319786481,5
2025-07-08,0.21797560591546108,0.013881494680419904,5
2025-07-09,0.2302149161119895,0.05614990789967238,5
2025-07-10,0.25243535204065726,0.09652040060626876,5
2025-07-11,0.2543553607231964,0.0076059421432776554,5
2025-07-12,0.24974919591595426,-0.018109171334724984,5
2025-07-13,0.2600209103361642,0.04112811808077468,5
2025-07-14,0.26131501630696796,0.00497693039044691,5
2025-07-15,0.275501418538733,0.05428850753490653,5
2025-07-16,0.2794208142175017,0.014226408341406361,5
2025-07-17,0.28388137484685255,0.015963594701569984,5
2025-07-18,0.28140184982894134,-0.008734370189833163,5
2025-07-19,0.2902267002939078,0.03136031433457491,5
2025-07-20,0.3041429322384991,0.04794952335708107,5
2025-07-21,0.3115828813722368,0.02446201553650944,5
2025-07-22,0.3113444985237002,-0.0007650704284095866,5
2025-07-23,0.28146827044643213,-0.09595874736483848,5
2025-07-24,0.2748032718660038,-0.02367939579781799,5
2025-07-25,0.2824421189679492,0.0277975114709339,5
2025-07-26,0.28393781952452735,0.005295600252694266,5
2025-07-27,0.2980795326664226,0.04980566930314696,5
2025-07-28,0.2806105077996443,-0.058605247768982904,5
2025-07-29,0.28256029691411516,0.006948382402924902,5
2025-07-30,0.2725152160209503,-0.035550220617930874,5
2025-07-31,0.25850863407549346,-0.05139743075623371,5
2025-08-01,0.24756484121436662,-0.04233434175328499,5
2025-08-02,0.23907255670965505,-0.034303273692075156,5
2025-08-03,0.25212266190073795,0.05458637900849399,5
2025-08-04,0.26730391339472054,0.060213752224936946,5
2025-08-05,0.2538311278191933,-0.05040250030171593,5
2025-08-06,0.2615536287371423,0.03042377420097093,5
2025-08-07,0.2768147201903772,0.058347848305221016,5
2025-08-08,0.28048315880089075,0.013252324905231405,5
2025-08-09,0.2949033903310266,0.051412111842238775,5
2025-08-10,0.29215316873518143,-0.009325839193500007,5
2025-08-11,0.27339714067308424,-0.06419929704441567,5
2025-08-12,0.29108516281733143,0.06469717313319583,5
2025-08-13,0.3057150240779051,0.05025972852403515,5
2025-08-14,0.27723582716978784,-0.09315602657741788,5
2025-08-15,0.2774296968580626,0.0006992952182764967,5
2025-08-16,0.28409573936072713,0.0240278621148295,5
2025-08-17,0.286683635870954,0.009109240835678056,5
2025-08-18,0.2739067439606961,-0.04456791498210681,5
2025-08-19,0.2613554655183993,-0.045823181498947776,5
2025-08-20,0.2783951247121101,0.06519725600500684,5
2025-08-21,0.265664072317908,-0.045730155682026916,5
2025-08-22,0.2936470463322983,0.10533217295903055,5
2025-08-23,0.29051244027218615,-0.010674740642768077,5
2025-08-24,0.2831180011331476,-0.025453089485980417,5
2025-08-25,0.25544000818584184,-0.09776133215312262,5
2025-08-26,0.2660395208450109,0.04149511556332843,5
2025-08-27,0.26630678537056557,0.0010046045967371463,5
2025-08-28,0.32489981719392574,0.22002079947691922,5
2025-08-29,0.30493444753234555,-0.0614508491694943,5
2025-08-30,0.29927244469207814,-0.018567934472758486,5
2025-08-31,0.29363929039779296,-0.01882282981342014,5
2025-09-01,0.2803618602628815,-0.04521680364001879,5
2025-09-02,0.2884044947777096,0.02868662130892865,5
2025-09-03,0.29097138607585105,0.008900316550613897,5
2025-09-04,0.2758175755726367,-0.05208007119732379,5
2025-09-05,0.28243240855076546,0.02398263767055262,5
2025-09-06,0.28735091818710146,0.017414820280626398,5
2025-09-07,0.2895579851768503,0.007680737558359696,5
2025-09-08,0.3254217540661045,0.12385694998999983,5
2025-09-09,0.3298960380042651,0.013749185118250384,5
2025-09-10,0.33718643389180714,0.02209907076073412,5
2025-09-11,0.35319913342006504,0.04748915709163994,5
2025-09-12,0.36864137732147456,0.043721069618378204,5
2025-09-13,0.3707207962157119,0.005640763685688888,5
2025-09-14,0.3656188662137581,-0.013762189912284218,5
2025-09-15,0.36308995185490384,-0.00691680488220694,5
2025-09-16,0.37058709994032885,0.020648183864974957,5
2025-09-17,0.38454681957122466,0.03766920012365138,5
2025-09-18,0.3948343852079919,0.026752439789355174,5
2025-09-19,0.3807177667794948,-0.03575326505836294,5
2025-09-20,0.38157389680127896,0.0022487262126645426,5
2025-09-21,0.3723030115714681,-0.024296434602912774,5
2025-09-22,0.34744932485446733,-0.06675660938678663,5
2025-09-23,0.3378636337146468,-0.02758874590945202,5
2025-09-24,0.3548633367652331,0.05031527916657628,5
2025-09-25,0.32853326833824575,-0.07419777051920837,5
2025-09-26,0.3450602456927506,0.05030533875031899,5
2025-09-27,0.3480328463240234,0.00861472936502714,5
2025-09-28,0.36135852185260453,0.03828855715582291,5
2025-09-29,0.34116030793059354,-0.055895219568807386,5
2025-09-30,0.32548524557103253,-0.04594632492461585,5
2025-10-01,0.3474460167126191,0.06747086524016935,5
2025-10-02,0.36640622109975435,0.05457021659516581,5
2025-10-03,0.3910967508109878,0.06738567275720868,5
2025-10-04,0.3775691223518484,-0.03458895639272939,5
2025-10-05,0.37329021300601245,-0.011332784098400283,5
2025-10-06,0.4089613625563938,0.09555875913041105,5
2025-10-07,0.40072821456987734,-0.02013184799427392,5
2025-10-08,0.3916754024352739,-0.02259090277513991,5
2025-10-09,0.3802169625478466,-0.029254938697154564,5
2025-10-10,0.28788653649078766,-0.24283615712026538,5
2025-10-11,0.2712219887370453,-0.057885818339669506,5
2025-10-12,0.30828335242651506,0.1366458665908589,5
2025-10-13,0.33185077918039046,0.0764472897040172,5
2025-10-14,0.30974446785679177,-0.0666152159660349,5
2025-10-15,0.27820354978792217,-0.10182883422296456,5
2025-10-16,0.2620990181980127,-0.05788758483558594,5
2025-10-17,0.25392795911086535,-0.03117546621626106,5
2025-10-18,0.25389359709461495,-0.0001353219092954383,5
2025-10-19,0.2598908391136735,0.02362108413794939,5
2025-10-20,0.2610763233165264,0.004561469757440806,5
2025-10-21,0.25333626194252706,-0.029646738071362155,5
2025-10-22,0.24306864920472238,-0.04052958174670638,5
2025-10-23,0.24978279380510593,0.027622421165177123,5
2025-10-24,0.24955422860593426,-0.0009150558198576242,5
2025-10-25,0.24977094678073603,0.0008684211684665488,5
2025-10-26,0.2623202803046492,0.050243367716140866,5
2025-10-27,0.2521897733888339,-0.03861884755555343,5
2025-10-28,0.24369736165227146,-0.033674687210526175,5
2025-10-29,0.2413670940797113,-0.009562137057048536,5
2025-10-30,0.22032856497015696,-0.08716403198940774,5
2025-10-31,0.227451995336128,0.03233094341142704,5
2025-11-01,0.26976735796973983,0.18604085038286122,5
2025-11-02,0.2790162292040072,0.03428461954727986,5
