date,symbol,signal,adf_stat,adf_pvalue,is_stationary,adf_rank,percentile,weight,volatility,market_cap,volume_30d_avg
2021-05-18,ADA/USD,LONG,-2.031741787277159,0.584041992518002,False,4.0,80.0,0.25579573440826564,1.5071001393601227,6377915101.911628,144017296.68333334
2021-05-18,ZRX/USD,LONG,-1.8422049927381985,0.6840606534222052,False,5.0,100.0,0.24420426559173442,1.5786365813074086,294490417.9531757,13089125.141963333
2021-05-18,XLM/USD,SHORT,-2.7160026317417953,0.2294983630836479,False,1.0,20.0,-0.5,1.562456384605411,2989656210.8862576,276533805.1666667
2021-05-25,ALGO/USD,LONG,-1.6582180805646383,0.7688135936696259,False,6.0,100.0,0.25206181559514546,2.122444124840933,506613483.19005257,42008708.766666666
2021-05-25,XLM/USD,LONG,-1.924711989472491,0.6417691117959401,False,5.0,83.33333333333334,0.24793818440485454,2.157743959006664,2989656210.8862576,327024960.46666664
2021-05-25,EOS/USD,SHORT,-3.8206154312634935,0.015545718691469727,True,1.0,16.666666666666664,-0.5,3.5413386263296167,2625024378.6311483,11782971.17
2021-06-01,ALGO/USD,LONG,-1.8629908095516572,0.6736228500767264,False,5.0,83.33333333333334,0.3135203226830688,2.124113182939788,506613483.19005257,44005906.4
2021-06-01,EOS/USD,LONG,-1.661149595887216,0.7675813749619516,False,6.0,100.0,0.18647967731693124,3.5711808391797244,2625024378.6311483,13650925.516666668
2021-06-01,ADA/USD,SHORT,-2.960690126493936,0.1434047954369111,False,1.0,16.666666666666664,-0.5,2.230576874187296,6377915101.911628,221567070.564
2021-06-08,ALGO/USD,LONG,-2.028271617313298,0.5859525864138438,False,5.0,83.33333333333334,0.30111098154112853,2.1270503171649113,506613483.19005257,42768501.233333334
2021-06-08,EOS/USD,LONG,-1.5731280330477042,0.8027786436448134,False,6.0,100.0,0.1988890184588715,3.220279398791143,2625024378.6311483,10975183.513333334
2021-06-08,GRT/USD,SHORT,-2.7832138988187274,0.2031781140660353,False,1.0,16.666666666666664,-0.5,2.664314494225331,369564933.9037584,41567597.00333334
2021-06-15,ADA/USD,LONG,-2.4595733423307333,0.348459848376249,False,4.0,80.0,0.2414119813240367,1.8979387741863765,6377915101.911628,167839499.2363333
2021-06-15,XLM/USD,LONG,-1.924579638290308,0.6418386898388359,False,5.0,100.0,0.25858801867596326,1.7718731217868164,2989656210.8862576,233654029.13333333
2021-06-15,ZRX/USD,SHORT,-4.133835359709789,0.0056227456743171336,True,1.0,20.0,-0.5,2.4151063925409644,294490417.9531757,10971535.823555
2021-07-06,ADA/USD,LONG,-3.6091559755606055,0.029080731850816017,True,4.0,80.0,0.3048675218044131,1.0769125877428953,6377915101.911628,69063366.30166668
2021-07-06,GRT/USD,LONG,-2.3012243255421287,0.4332727985860909,False,5.0,100.0,0.19513247819558693,1.682527044503959,369564933.9037584,28476255.443
2021-07-06,ALGO/USD,SHORT,-4.630014565354379,0.0009179653790981587,True,1.0,20.0,-0.5,1.2077152956584118,506613483.19005257,23550632.933333334
2021-07-13,USDT/USD,LONG,-3.0228787434101205,0.12579654213773667,False,4.0,80.0,0.49840407866820136,0.003599299438957951,21340101768.041767,21662439.169000003
2021-07-13,XLM/USD,LONG,-2.906679938705609,0.16006499673634655,False,5.0,100.0,0.0015959213317986332,1.1240563585318122,2989656210.8862576,97751392.03333333
2021-07-13,ALGO/USD,SHORT,-3.9424362661984347,0.010597550571935972,True,1.0,20.0,-0.5,1.1069957024672754,506613483.19005257,18388613.5
2021-07-20,ADA/USD,LONG,-3.0845165614082033,0.10996176716217626,False,4.0,80.0,0.2610647283325544,1.0200969726146656,6377915101.911628,55952681.32733333
2021-07-20,ALGO/USD,LONG,-2.558634054465786,0.2992931695269126,False,5.0,100.0,0.2389352716674456,1.1145752452955784,506613483.19005257,16785364.8
2021-07-20,USDT/USD,SHORT,-4.316492731731796,0.0029657268245374797,True,1.0,20.0,-0.5,0.0026034753703729104,21340101768.041767,19928754.887000002
2021-07-27,USDT/USD,LONG,-2.092654020577872,0.5502078651228341,False,4.0,80.0,0.49839358742946316,0.002670732657406208,21340101768.041767,16559482.732333334
2021-07-27,XLM/USD,LONG,-1.094158536938126,0.9300377915014718,False,5.0,100.0,0.001606412570536835,0.828601602479294,2989656210.8862576,93729668.93333334
2021-07-27,ALGO/USD,SHORT,-3.385843421991028,0.05330826997863747,False,1.0,20.0,-0.5,0.7899962199544621,506613483.19005257,13346683.8
2021-08-03,USDT/USD,LONG,-1.7433680775993656,0.7314042406603667,False,6.0,100.0,0.4980375967801321,0.00307081630787602,21340101768.041767,16098923.422666667
2021-08-03,XLM/USD,LONG,-1.9562669630433416,0.6250396302246989,False,5.0,83.33333333333334,0.001962403219867884,0.7793413497511356,2989656210.8862576,101084248.43333334
2021-08-03,GRT/USD,SHORT,-3.88172574507353,0.012853039525907863,True,1.0,16.666666666666664,-0.5,0.9016134427606626,369564933.9037584,22527428.736666664
2021-08-10,ADA/USD,LONG,-1.6289012804126017,0.7809113483836723,False,6.0,100.0,0.25858885861007036,0.7647474655857848,6377915101.911628,48504144.585666664
2021-08-10,XLM/USD,LONG,-1.6855257579602854,0.7571787839244701,False,5.0,83.33333333333334,0.2414111413899296,0.8191634118963718,2989656210.8862576,115244379.06666666
2021-08-10,USDT/USD,SHORT,-5.637033833891518,1.227853395250475e-05,True,1.0,16.666666666666664,-0.5,0.004551275905673121,21340101768.041767,18374013.204666667
2021-08-17,ADA/USD,LONG,-0.5285707136318855,0.9822703282481546,False,6.0,100.0,0.28259988769607264,0.9521902334088423,6377915101.911628,74893025.80399999
2021-08-17,DOGE/USD,LONG,-1.4259923509034245,0.8531199369219181,False,5.0,83.33333333333334,0.21740011230392733,1.237758574155874,1248577459.1098516,393134731.91999996
2021-08-17,USDT/USD,SHORT,-2.239462634600074,0.4676797215318905,False,1.0,16.666666666666664,-0.5,0.0051994547007136035,21340101768.041767,23014164.138666667
2021-08-24,ADA/USD,LONG,0.0,1.0,False,6.0,100.0,0.23093919704404797,1.0809922021673901,6377915101.911628,105054058.62033334
2021-08-24,ALGO/USD,LONG,-0.8445766560486814,0.9617162607878613,False,5.0,83.33333333333334,0.2690608029559521,0.927832922658316,506613483.19005257,21759181.7
2021-08-24,USDT/USD,SHORT,-3.134141451361436,0.09834114757913193,False,1.0,16.666666666666664,-0.5,0.0059283921149693546,21340101768.041767,26079896.516333334
2021-08-31,ADA/USD,LONG,-1.970203082731943,0.6175668809317597,False,5.0,83.33333333333334,0.2421914587997004,1.2634132637511524,6377915101.911628,121444719.12866667
2021-08-31,GRT/USD,LONG,-1.6284824196113787,0.7810812081935585,False,6.0,100.0,0.2578085412002996,1.1868803880203895,369564933.9037584,37455950.33800001
2021-08-31,DOGE/USD,SHORT,-2.780656660987594,0.20413974766969833,False,1.0,16.666666666666664,-0.5,1.3408273674537354,1248577459.1098516,451892645.62
2021-09-07,ALGO/USD,LONG,-1.0786008576278516,0.932565476006097,False,6.0,100.0,0.002185179290117532,1.208788328778974,506613483.19005257,29808023.733333334
2021-09-07,USDT/USD,LONG,-1.941469732608702,0.6329188664252607,False,5.0,83.33333333333334,0.4978148207098825,0.0053060276880004115,21340101768.041767,31651828.697000004
2021-09-07,DOGE/USD,SHORT,-2.5132176791774854,0.32138575038363826,False,1.0,16.666666666666664,-0.5,1.21349150705398,1248577459.1098516,475538814.56333333
2021-09-14,ALGO/USD,LONG,-0.8148186674221279,0.964411281562913,False,6.0,100.0,0.16660113003142818,2.0971706897190194,506613483.19005257,64378464.0
2021-09-14,DOGE/USD,LONG,-1.1580094856614995,0.9187588125189132,False,5.0,83.33333333333334,0.3333988699685718,1.047966979638875,1248577459.1098516,382490711.89000005
2021-09-14,USDT/USD,SHORT,-2.0083792327498062,0.5968618585502794,False,1.0,16.666666666666664,-0.5,0.0046802005106893856,21340101768.041767,33486522.139000002
2021-09-21,ADA/USD,LONG,-0.2991992533261761,0.9895356457717535,False,7.0,100.0,0.24522552099450257,1.0948736497590603,6377915101.911628,137566099.28333333
2021-09-21,DOGE/USD,LONG,-1.075303345493426,0.9330905687712505,False,6.0,85.71428571428571,0.25477447900549743,1.0538377400804133,1248577459.1098516,312374144.44
2021-09-21,ALGO/USD,SHORT,-2.185340243374412,0.4981045687542368,False,1.0,14.285714285714285,-0.5,2.1670898068137703,506613483.19005257,72683541.06666666
2021-09-28,ADA/USD,LONG,-1.025762334950439,0.9405459603135496,False,7.0,100.0,0.2548250250432716,0.9804636162690804,6377915101.911628,126055374.89733332
2021-09-28,DOGE/USD,LONG,-1.6950758468837814,0.7530278605710987,False,6.0,85.71428571428571,0.24517497495672846,1.0190545165300051,1248577459.1098516,306075014.15999997
2021-09-28,USDT/USD,SHORT,-4.566523612256329,0.0011725828415967306,True,1.0,14.285714285714285,-0.5,0.004035827366081652,21340101768.041767,36452963.64733334
2021-10-05,ADA/USD,LONG,-2.1485491417865425,0.5188260370879779,False,6.0,85.71428571428571,0.3479913126423574,0.9823898341318997,6377915101.911628,117285197.744
2021-10-05,ALGO/USD,LONG,-1.8933778935369587,0.6580937504472212,False,7.0,100.0,0.15200868735764259,2.248970988755003,506613483.19005257,81909541.26666667
2021-10-05,DOGE/USD,SHORT,-3.9155510378742306,0.011548560810592764,True,1.0,14.285714285714285,-0.5,1.097124991807787,1248577459.1098516,309746120.2266666
2021-10-12,ADA/USD,LONG,-2.502581070447393,0.3266730581299455,False,6.0,85.71428571428571,0.31089911514532703,0.8116966362095484,6377915101.911628,93894564.00333333
2021-10-12,ALGO/USD,LONG,-1.899018463733193,0.6551776205955883,False,7.0,100.0,0.18910088485467294,1.3345033586591963,506613483.19005257,52301635.266666666
2021-10-12,USDT/USD,SHORT,-5.107859872968387,0.00013029549451663098,True,1.0,14.285714285714285,-0.5,0.004372995047095061,21340101768.041767,40444527.471
2021-10-19,ALGO/USD,LONG,-1.5434086794299302,0.8138075584841886,False,6.0,100.0,0.20560384912533303,1.256078864321164,506613483.19005257,41187775.166666664
2021-10-19,DOGE/USD,LONG,-1.676220889413832,0.7611824656570256,False,5.0,83.33333333333334,0.294396150874667,0.8772351423145978,1248577459.1098516,339524046.45666665
2021-10-19,USDT/USD,SHORT,-3.8383028851355894,0.014719181334067065,True,1.0,16.666666666666664,-0.5,0.004771753841036595,21340101768.041767,41383559.386
2021-10-26,ADA/USD,LONG,-1.184438202724763,0.9136431940915299,False,5.0,83.33333333333334,0.3375660931306174,0.47089501804269107,6377915101.911628,71300125.51266666
2021-10-26,GRT/USD,LONG,-0.06382818090912903,0.9935263704421332,False,6.0,100.0,0.1624339068693826,0.9786022794068808,369564933.9037584,28940418.684666667
2021-10-26,ALGO/USD,SHORT,-7.686449692139686,3.789282957856341e-10,True,1.0,16.666666666666664,-0.5,0.9352608427015838,506613483.19005257,32976248.7
2022-03-08,GRT/USD,LONG,-2.3125434439606094,0.4270245965920114,False,4.0,80.0,0.2055249868343629,1.2464895180338684,3190739450.3534613,22789289.86966667
2022-03-08,OXT/USD,LONG,-2.0294942863579584,0.5852796565742203,False,5.0,100.0,0.2944750131656371,0.8699710682718694,263691628.991675,10258887.766666668
2022-03-08,ALGO/USD,SHORT,-5.001373237885993,0.00020456564276694232,True,1.0,20.0,-0.5,0.8638122627271602,10669967912.89091,23772878.923333332
2022-03-15,CRO/USD,LONG,-2.464092000649018,0.346141210192898,False,4.0,80.0,0.24188594495187216,0.9110447031222227,14847022636.659174,29930340.663333334
2022-03-15,XLM/USD,LONG,-2.43867911760883,0.359266538161774,False,5.0,100.0,0.2581140550481279,0.8537656303413107,7216429668.542691,103373379.7
2022-03-15,ALGO/USD,SHORT,-3.9649438591734563,0.009856044852018204,True,1.0,20.0,-0.5,0.8465058909604167,10669967912.89091,22142718.013333336
2022-03-22,GRT/USD,LONG,-2.254333163882312,0.4593551201027807,False,5.0,100.0,0.18565391364461062,1.1472212396204544,3190739450.3534613,27743546.892
2022-03-22,OXT/USD,LONG,-2.352427760762897,0.4051958938103944,False,4.0,80.0,0.3143460863553894,0.6775529335236063,263691628.991675,10622047.8
2022-03-22,CRO/USD,SHORT,-2.971941722421046,0.14009514559838643,False,1.0,20.0,-0.5,0.7758332553371905,14847022636.659174,25373429.339999996
2022-04-05,OXT/USD,LONG,-0.9324912431288807,0.9525423627531173,False,5.0,100.0,0.20333006869160117,0.8341178585637189,263691628.991675,10484968.8
2022-04-05,XLM/USD,LONG,-1.1279273050174154,0.9242582539340657,False,4.0,80.0,0.2966699313083988,0.5716832869804583,7216429668.542691,96526452.3
2022-04-05,ALGO/USD,SHORT,-2.1990753471572275,0.49037095779198797,False,1.0,20.0,-0.5,0.7110861111902127,10669967912.89091,25013499.05
2022-04-12,ALGO/USD,LONG,-1.750403009376507,0.7281680336702412,False,5.0,100.0,0.2200291491243131,0.8445450750616756,10669967912.89091,24988839.653333332
2022-04-12,XLM/USD,LONG,-1.7608444879156393,0.7233254191975542,False,4.0,80.0,0.2799708508756869,0.6637281477044185,7216429668.542691,91014816.0
2022-04-12,OXT/USD,SHORT,-2.2998464338343987,0.43403482957022327,False,1.0,20.0,-0.5,0.9919564159108536,263691628.991675,10922196.166666666
2022-05-10,CRO/USD,LONG,-0.19183900700753848,0.991673497304176,False,5.0,100.0,0.20795304229057165,1.1923127546711139,14847022636.659174,24379432.253333334
2022-05-10,XLM/USD,LONG,-1.1608190076642668,0.9182277957644311,False,4.0,80.0,0.2920469577094284,0.8489904042842406,7216429668.542691,86724697.06666666
2022-05-10,GRT/USD,SHORT,-2.5094582667175627,0.3232497519238453,False,1.0,20.0,-0.5,1.2513174915972602,3190739450.3534613,23843067.55166667
2022-05-17,CRO/USD,LONG,-2.0597246763849935,0.5685627265299686,False,4.0,80.0,0.3156971019194963,1.3806258972023675,14847022636.659174,35814562.31666667
2022-05-17,ZRX/USD,LONG,-1.8191718307798428,0.6954412291232942,False,5.0,100.0,0.18430289808050368,2.3649090661146737,753755582.6144379,12072811.257015
2022-05-17,ALGO/USD,SHORT,-2.9179825941186643,0.15647207340084363,False,1.0,20.0,-0.5,1.6564954758186248,10669967912.89091,34083632.43666667
2022-05-24,CRO/USD,LONG,-2.6307349520594667,0.26594996233879364,False,5.0,100.0,0.2832305441560177,1.449787236429704,14847022636.659174,40196418.629999995
2022-05-24,ZRX/USD,LONG,-2.8543944827447096,0.17768360172487757,False,4.0,80.0,0.21676945584398224,1.894289148282851,753755582.6144379,10067639.129317665
2022-05-24,XLM/USD,SHORT,-3.7784378631750037,0.01768435830887071,True,1.0,20.0,-0.5,1.1666960155550161,7216429668.542691,97673553.2
2022-05-31,CRO/USD,LONG,-1.6779875035017335,0.7604254314024703,False,5.0,100.0,0.2790480490644449,1.4622014192128487,14847022636.659174,40787709.75
2022-05-31,OXT/USD,LONG,-2.4889429124427096,0.3335123102087996,False,4.0,80.0,0.2209519509355551,1.8466659906959417,263691628.991675,10624692.6
2022-05-31,ALGO/USD,SHORT,-3.135410640709968,0.09805677007910713,False,1.0,20.0,-0.5,1.691175779739866,10669967912.89091,44908082.71
2022-06-07,CRO/USD,LONG,-1.1756629444944846,0.9153718334673089,False,5.0,100.0,0.28751191641036894,1.3430899400065066,14847022636.659174,36067472.71666667
2022-06-07,OXT/USD,LONG,-1.7991178509045687,0.7051835311787641,False,4.0,80.0,0.212488083589631,1.8172989093756493,263691628.991675,10069539.366666667
2022-06-07,ALGO/USD,SHORT,-2.870517956273182,0.1722497605729052,False,1.0,20.0,-0.5,1.5450427392473993,10669967912.89091,41608850.9
2022-06-28,CRO/USD,LONG,-1.7648738661064574,0.7214442051979897,False,5.0,100.0,0.2663331418128407,1.1083515276331066,14847022636.659174,31600996.676666666
2022-06-28,ROSE/USD,LONG,-1.9635757882678615,0.6211266364194914,False,4.0,80.0,0.23366685818715935,1.2632974435388218,1452500495.9648013,28560146.096666668
2022-06-28,ALGO/USD,SHORT,-3.7105196063124932,0.021673785166330208,True,1.0,20.0,-0.5,1.068234139136021,10669967912.89091,37937384.166666664
2022-07-05,CRO/USD,LONG,-3.039708334290729,0.1213155843164509,False,4.0,80.0,0.25115669957898695,1.0413624429078552,14847022636.659174,31061390.403333332
2022-07-05,ROSE/USD,LONG,-1.9892159994769438,0.6072958474598337,False,5.0,100.0,0.24884330042101302,1.0510435835875231,1452500495.9648013,27004774.74
2022-07-05,ALGO/USD,SHORT,-7.563370066873291,7.283770630940229e-10,True,1.0,20.0,-0.5,0.9929879064059947,10669967912.89091,36688921.93333332
2022-07-12,CRO/USD,LONG,-2.0983139781420683,0.5470407853491993,False,5.0,100.0,0.23068758808901538,1.0113290553658136,14847022636.659174,29711096.493333336
2022-07-12,XLM/USD,LONG,-2.71279648526577,0.23080783317719084,False,4.0,80.0,0.2693124119109846,0.8662841006518276,7216429668.542691,83242197.16666667
2022-07-12,ROSE/USD,SHORT,-3.3579696356416777,0.05726195193214279,False,1.0,20.0,-0.5,1.0419012685170057,1452500495.9648013,24132937.09
2022-07-19,CRO/USD,LONG,-0.8296763512049805,0.963089904625146,False,5.0,100.0,0.29803795216938955,0.6413617767114491,14847022636.659174,22173723.383333333
2022-07-19,GRT/USD,LONG,-1.5861696723346155,0.7978015228114439,False,4.0,80.0,0.2019620478306105,0.9464656978083472,3190739450.3534613,26036264.286
2022-07-19,XLM/USD,SHORT,-2.558855560029221,0.29918740624945817,False,1.0,20.0,-0.5,0.6561811051697876,7216429668.542691,68846699.63333334
2022-07-26,CRO/USD,LONG,-1.1589429983999653,0.9185827071347752,False,5.0,100.0,0.2980167205849533,0.6523732537761536,14847022636.659174,20685538.38
2022-07-26,GRT/USD,LONG,-1.595779366040693,0.7940807546262006,False,4.0,80.0,0.20198327941504668,0.9625457030440793,3190739450.3534613,26228417.83133333
2022-07-26,XLM/USD,SHORT,-2.6946598243996664,0.23830653819121866,False,1.0,20.0,-0.5,0.6161823301325162,7216429668.542691,66521841.63333333
2022-08-02,CRO/USD,LONG,-1.625295666080656,0.782370754935244,False,4.0,80.0,0.2978973965181565,0.7541855878812885,14847022636.659174,22687386.153333332
2022-08-02,GRT/USD,LONG,-1.3525406788599663,0.874311878857832,False,5.0,100.0,0.20210260348184356,1.1116626864311274,3190739450.3534613,34054634.18733333
2022-08-02,XLM/USD,SHORT,-2.2631882432489383,0.45440852963553013,False,1.0,20.0,-0.5,0.6482855714139202,7216429668.542691,67659488.0
2022-08-09,ROSE/USD,LONG,0.0,1.0,False,4.0,80.0,0.1465938867810649,1.6422202272259507,1452500495.9648013,44890119.6
2022-08-09,XLM/USD,LONG,0.0,0.9965211954439385,False,5.0,100.0,0.353406113218935,0.6811977412241245,7216429668.542691,71505980.73333333
2022-08-09,ALGO/USD,SHORT,-4.121802375287206,0.005857862004753031,True,1.0,20.0,-0.5,0.7698590811341058,10669967912.89091,26138031.043333333
2022-08-16,CRO/USD,LONG,-1.721754382250776,0.7412112490316658,False,5.0,100.0,0.3105680316378359,0.7218929717386359,14847022636.659174,22485062.42666667
2022-08-16,GRT/USD,LONG,-1.7265767642971457,0.7390410599260793,False,4.0,80.0,0.18943196836216405,1.183521879778111,3190739450.3534613,37861878.220000006
2022-08-16,ALGO/USD,SHORT,-3.1817361272749385,0.08810282095053074,False,1.0,20.0,-0.5,0.709777813179799,10669967912.89091,25058280.74
2022-08-23,CRO/USD,LONG,-1.725789706642352,0.7393959627503917,False,5.0,100.0,0.29248158793282614,0.8247755508039777,14847022636.659174,19848721.753333334
2022-08-23,GRT/USD,LONG,-2.067902721957002,0.5640168535784944,False,4.0,80.0,0.2075184120671738,1.1624590819885028,3190739450.3534613,36274903.965
2022-08-23,XLM/USD,SHORT,-2.800761760995343,0.19666479543109278,False,1.0,20.0,-0.5,0.6140829064403444,7216429668.542691,70510678.26666667
2022-08-30,CRO/USD,LONG,-1.3860085814123575,0.8649733498880607,False,5.0,100.0,0.28479583353151017,0.7986804083935855,14847022636.659174,17494537.61
2022-08-30,GRT/USD,LONG,-1.4777204584258357,0.8366362786664726,False,4.0,80.0,0.21520416646848986,1.0569537586859077,3190739450.3534613,29411609.568
2022-08-30,ROSE/USD,SHORT,-2.7076408570762323,0.23292370608904783,False,1.0,20.0,-0.5,1.2654258287318043,1452500495.9648013,31750137.15
2022-09-06,CRO/USD,LONG,-1.4526029824700766,0.844803425914797,False,4.0,80.0,0.2806768931194662,0.7250867240629355,14847022636.659174,13265772.47
2022-09-06,ROSE/USD,LONG,-1.349355338810033,0.8751734093635115,False,5.0,100.0,0.21932310688053377,0.9279236093578227,1452500495.9648013,23775382.893333334
2022-09-06,ALGO/USD,SHORT,-2.148430035060869,0.5188930876564701,False,1.0,20.0,-0.5,0.6707829421300581,10669967912.89091,19190199.610000003
2022-09-13,GRT/USD,LONG,-2.1834107443684703,0.499191303019763,False,4.0,80.0,0.24371295617143438,1.1137432112213996,3190739450.3534613,24166455.41033333
2022-09-13,ROSE/USD,LONG,-1.5300706664197257,0.8186154918797409,False,5.0,100.0,0.2562870438285656,1.059100165064137,1452500495.9648013,18935993.543333337
2022-09-13,ALGO/USD,SHORT,-2.358170691911121,0.40207969923210907,False,1.0,20.0,-0.5,0.7396021127697938,10669967912.89091,19944417.423333336
2022-09-20,CRO/USD,LONG,-2.108848134677104,0.5411384972124933,False,4.0,80.0,0.2913711115108685,0.7132055937971836,14847022636.659174,12398217.203333331
2022-09-20,ROSE/USD,LONG,-2.0872034225483125,0.5532547526342803,False,5.0,100.0,0.2086288884891315,0.9960629522851533,1452500495.9648013,14534027.853333332
2022-09-20,GRT/USD,SHORT,-3.3459297872592257,0.05904233293055875,False,1.0,20.0,-0.5,1.0866851650154,3190739450.3534613,20937931.729333334
2022-09-27,ALGO/USD,LONG,-1.2445257845448503,0.9009745776208788,False,5.0,100.0,0.2439225172287259,0.8608722003030108,10669967912.89091,27052845.916666668
2022-09-27,XLM/USD,LONG,-2.172734519772559,0.5052050588125075,False,4.0,80.0,0.2560774827712741,0.8200100681936955,7216429668.542691,93406778.53333333
2022-09-27,CRO/USD,SHORT,-2.7573600643113054,0.21304580560110237,False,1.0,20.0,-0.5,0.8445341017180044,14847022636.659174,16672362.633333333
2022-10-04,ALGO/USD,LONG,-1.6809412517251399,0.7591564321911501,False,5.0,100.0,0.2727276503563888,0.8291897010723869,10669967912.89091,28817698.003333334
2022-10-04,ROSE/USD,LONG,-1.920277831714999,0.6440973807835321,False,4.0,80.0,0.22727234964361123,0.9950306723532635,1452500495.9648013,10142872.183333334
2022-10-04,GRT/USD,SHORT,-2.395554245704688,0.38198511569331217,False,1.0,20.0,-0.5,1.0056728992745554,3190739450.3534613,19590066.776
2024-03-05,CRO/USD,LONG,0.0,1.0,False,4.0,80.0,0.21806417267375888,0.7898884531274176,2193472219.621349,25659567.85333333
2024-03-05,XLM/USD,LONG,0.0,1.0,False,5.0,100.0,0.2819358273262411,0.6109417652566418,3259659946.8074923,94581074.15084833
2024-03-05,GRT/USD,SHORT,-1.0473949710105084,0.9373888411750194,False,1.0,20.0,-0.5,0.9794750093909423,1527332090.1885202,49483649.88366667
2024-03-12,BONK/USD,LONG,0.0,1.0,False,4.0,80.0,0.13406320331383048,2.1165393042154177,651393425.618817,2292695536744.1665
2024-03-12,XLM/USD,LONG,0.0,1.0,False,5.0,100.0,0.3659367966861695,0.7754072332498754,3259659946.8074923,117423972.02103928
2024-03-12,ALGO/USD,SHORT,-1.2036959829365435,0.9097427967748242,False,1.0,20.0,-0.5,0.8936684443469098,1430115479.6308138,26387107.873333335
2024-03-19,CRO/USD,LONG,-2.3671204718968006,0.3972382665680644,False,6.0,85.71428571428571,0.2332635974348773,1.1148226145826285,2193472219.621349,37636707.333333336
2024-03-19,OXT/USD,LONG,-2.0732318173718642,0.5610498470672705,False,7.0,100.0,0.2667364025651227,0.9749232991016664,263691628.991675,10166246.533333333
2024-03-19,ZRX/USD,SHORT,-6.718299296027055,6.066740233094193e-08,True,1.0,14.285714285714285,-0.5,1.8039559761707855,261844608.6381694,11220166.234642666
2024-03-26,XLM/USD,LONG,-2.688597956060529,0.2408472449448607,False,5.0,83.33333333333334,0.34560174541531913,0.9851003120689343,3259659946.8074923,151661497.24866012
2024-03-26,ZRX/USD,LONG,0.0,1.0,False,6.0,100.0,0.15439825458468087,2.205027434901964,261844608.6381694,13583008.690659668
2024-03-26,CRO/USD,SHORT,-3.1484453454263774,0.0951725539021338,False,1.0,16.666666666666664,-0.5,1.2261883381015726,2193472219.621349,39618522.96000001
2024-04-02,ALGO/USD,LONG,-1.500857245318905,0.8288386661588051,False,6.0,100.0,0.231231202837543,1.1308221010843391,1430115479.6308138,26940269.529999997
2024-04-02,XLM/USD,LONG,-1.7229409528326536,0.7406782258489704,False,5.0,83.33333333333334,0.268768797162457,0.9728858312036769,3259659946.8074923,143079635.91938984
2024-04-02,CRO/USD,SHORT,-2.8045670367186193,0.19527207173488964,False,1.0,16.666666666666664,-0.5,1.0587036126393703,2193472219.621349,32879365.066666666
2024-04-09,GRT/USD,LONG,-1.5341171598206835,0.8171661543101729,False,6.0,100.0,0.2274274905991222,1.0341251502191826,1527332090.1885202,28201563.834
2024-04-09,XLM/USD,LONG,-1.601986088340242,0.7916535715961612,False,5.0,83.33333333333334,0.2725725094008778,0.8628474250640317,3259659946.8074923,122097965.88032958
2024-04-09,CRO/USD,SHORT,-2.4873029582223816,0.33433916044458145,False,1.0,16.666666666666664,-0.5,1.0086948569998042,2193472219.621349,21446291.076666664
2024-04-16,ALGO/USD,LONG,-0.7138207974042825,0.9722235580160425,False,5.0,100.0,0.29583094172022706,1.1023942089922871,1430115479.6308138,18306570.546666667
2024-04-16,BONK/USD,LONG,-1.2917379197338594,0.8899570944284916,False,4.0,80.0,0.20416905827977289,1.5973150865310242,651393425.618817,1264321533567.9333
2024-04-16,CRO/USD,SHORT,-2.0586072013330585,0.5691831718671162,False,1.0,20.0,-0.5,0.9826055698271602,2193472219.621349,18244349.063333333
2024-04-23,ALGO/USD,LONG,-2.3692360994838633,0.3960965204322498,False,4.0,80.0,0.259758262603133,1.053645735676726,1430115479.6308138,15774721.419999998
2024-04-23,GRT/USD,LONG,-1.836322640130222,0.6869860272596214,False,5.0,100.0,0.240241737396867,1.13924078581924,1527332090.1885202,22479261.527333334
2024-04-23,CRO/USD,SHORT,-3.8324919205066283,0.014986328646165729,True,1.0,20.0,-0.5,0.7239482226749231,2193472219.621349,16088834.6
2024-04-30,BONK/USD,LONG,-2.558265558245736,0.2994691609560829,False,4.0,80.0,0.19218386933032788,1.8696236467595246,651393425.618817,1506917765688.7
2024-04-30,GRT/USD,LONG,-1.9000295385726562,0.6546538308556368,False,5.0,100.0,0.30781613066967217,1.1672926491669562,1527332090.1885202,20280545.15766667
2024-04-30,CRO/USD,SHORT,-3.860318709569789,0.013744949287911127,True,1.0,20.0,-0.5,0.7173596865693257,2193472219.621349,15093493.903333334
2024-05-07,BONK/USD,LONG,-1.9280706755079413,0.6400017173036152,False,4.0,80.0,0.19761692257970737,1.8420011845883477,651393425.618817,1847211296124.0334
2024-05-07,GRT/USD,LONG,-1.1832645297859337,0.9138761465122642,False,5.0,100.0,0.30238307742029263,1.203806140846215,1527332090.1885202,20463261.424
2024-05-07,CRO/USD,SHORT,-3.812068266735944,0.01595964661701744,True,1.0,20.0,-0.5,0.7051606865505402,2193472219.621349,13157155.890000002
2024-11-19,BONK/USD,LONG,0.0,0.9945967544920936,False,4.0,80.0,0.24983637731136313,1.778240308771643,651393425.618817,3358446997982.567
2024-11-19,XLM/USD,LONG,0.0,1.0,False,5.0,100.0,0.25016362268863684,1.775914147539754,3259659946.8074923,139841361.9462434
2024-11-19,CRO/USD,SHORT,-1.494364475374772,0.8310535190446081,False,1.0,20.0,-0.5,2.2890479253855314,2193472219.621349,45438872.879999995
2024-11-26,OXT/USD,LONG,0.0,1.0,False,5.0,83.33333333333334,0.3044725821915235,1.569747674246215,263691628.991675,10712063.966666667
2024-11-26,XLM/USD,LONG,0.0,1.0,False,6.0,100.0,0.1955274178084765,2.444389299075394,3259659946.8074923,321529141.1679112
2024-11-26,BONK/USD,SHORT,-3.4825519104826355,0.04129611188876119,True,1.0,16.666666666666664,-0.5,1.8228819556884017,651393425.618817,3924876113493.0
2024-12-03,ALGO/USD,LONG,0.0,1.0,False,5.0,83.33333333333334,0.23233522287403502,1.7716903397871084,1430115479.6308138,64809365.21
2024-12-03,OXT/USD,LONG,0.0,1.0,False,6.0,100.0,0.267664777125965,1.5378417525758292,263691628.991675,15047112.833333334
2024-12-03,XLM/USD,SHORT,-2.8516036138743526,0.17863692472123244,False,1.0,16.666666666666664,-0.5,2.4650323076073777,3259659946.8074923,429984761.7629254
2024-12-10,ALGO/USD,LONG,-1.7122375354181227,0.745463497230564,False,6.0,85.71428571428571,0.239714525843148,2.0123736458434993,1430115479.6308138,83599190.14000002
2024-12-10,BONK/USD,LONG,-1.2957191045576244,0.8889836106942377,False,7.0,100.0,0.260285474156852,1.8533312160244593,651393425.618817,3940131358543.1665
2024-12-10,XLM/USD,SHORT,-2.4683364287815124,0.34396942961067756,False,1.0,14.285714285714285,-0.5,2.63440402687658,3259659946.8074923,468746720.9614802
2024-12-17,BONK/USD,LONG,-1.0071213045247256,0.9431485430514268,False,7.0,100.0,0.23436981653604508,1.1610766384889524,651393425.618817,2304454282607.7666
2024-12-17,CRO/USD,LONG,-1.8626545881517795,0.6737929111728989,False,6.0,85.71428571428571,0.26563018346395495,1.0244367383191963,2193472219.621349,44152126.07
2024-12-17,XLM/USD,SHORT,-3.2691285441449436,0.07148588609323525,False,1.0,14.285714285714285,-0.5,2.1411653733484277,3259659946.8074923,438259884.00845605
2024-12-24,GRT/USD,LONG,-0.643298801118534,0.9766193018769063,False,6.0,100.0,0.25436258437767145,1.1726568609776122,1527332090.1885202,40665825.784
2024-12-24,XLM/USD,LONG,-0.7626182413742361,0.9686918621314831,False,5.0,83.33333333333334,0.24563741562232855,1.2143102425612697,3259659946.8074923,313613154.7831946
2024-12-24,OXT/USD,SHORT,-1.8837259488284426,0.6630598230335585,False,1.0,16.666666666666664,-0.5,1.2383077140473528,263691628.991675,13461098.833333334
2024-12-31,ALGO/USD,LONG,-0.6427440891539405,0.9766508470003625,False,5.0,100.0,0.22355878185854675,1.2184655305037417,1430115479.6308138,66552016.00333333
2024-12-31,XLM/USD,LONG,-0.710028156015662,0.9724804287333565,False,4.0,80.0,0.2764412181414533,0.9853764629146574,3259659946.8074923,204126300.12600058
2024-12-31,CRO/USD,SHORT,-4.721496114625986,0.0006410803092848456,True,1.0,20.0,-0.5,1.0303678462358556,2193472219.621349,32551963.466666665
2025-01-07,ALGO/USD,LONG,-1.4344920871869702,0.850500956672261,False,5.0,100.0,0.2449121987303152,1.2923814617661888,3384098842.854815,49861263.68333333
2025-01-07,GRT/USD,LONG,-1.7713945534059505,0.7183853276293729,False,4.0,80.0,0.25508780126968483,1.2408276045502613,2322441718.14376,28978755.204
2025-01-07,CRO/USD,SHORT,-3.8359015378722034,0.014829062413785718,True,1.0,20.0,-0.5,1.0269065447161771,4226833510.875261,23079474.60666667
2025-01-14,ALGO/USD,LONG,-1.7988649753766786,0.7053053632231058,False,5.0,100.0,0.23157941116494163,1.188822623184002,3384098842.854815,44032279.49333333
2025-01-14,GRT/USD,LONG,-2.0443364067811,0.5770903954293201,False,4.0,80.0,0.26842058883505837,1.025654716917731,2322441718.14376,24444609.223333336
2025-01-14,BONK/USD,SHORT,-3.7304702672031222,0.020427489323359378,True,1.0,20.0,-0.5,1.2424770827513443,2620322044.1454067,1060418944229.1333
2025-01-21,ALGO/USD,LONG,-2.483836701075177,0.33608991238047076,False,5.0,100.0,0.22441622241407538,1.2877288636014603,3384098842.854815,48553532.56333334
2025-01-21,GRT/USD,LONG,-2.782272274702373,0.20353183790663548,False,4.0,80.0,0.2755837775859246,1.0486366418027133,2322441718.14376,23465223.526
2025-01-21,XLM/USD,SHORT,-3.313446650525032,0.06407162869286741,False,1.0,20.0,-0.5,1.3208906855879545,13373293388.155737,178031229.72279528
2025-01-28,ALGO/USD,LONG,-2.551313881585794,0.30279945819574366,False,4.0,80.0,0.2534208846485774,1.2143041018175793,3384098842.854815,51365034.82000001
2025-01-28,XLM/USD,LONG,-2.4164152352701236,0.3709289430009485,False,5.0,100.0,0.24657911535142257,1.2479970952788635,13373293388.155737,189260097.44316852
2025-01-28,CRO/USD,SHORT,-3.2675616219032215,0.07176008568671743,False,1.0,20.0,-0.5,0.7013831587299728,4226833510.875261,18773733.806666665
2025-02-04,BONK/USD,LONG,-2.7765415936395206,0.205693835558951,False,4.0,80.0,0.2235962386555217,1.321965084572069,2620322044.1454067,1624710130011.5667
2025-02-04,XLM/USD,LONG,-2.690871479475077,0.23989233432570123,False,5.0,100.0,0.27640376134447836,1.0694008616469506,13373293388.155737,199124267.49886677
2025-02-04,CRO/USD,SHORT,-3.894519523260946,0.012344950825372908,True,1.0,20.0,-0.5,0.8114168014277074,4226833510.875261,19908524.47666667
2025-02-11,BONK/USD,LONG,-2.1966038895064055,0.4917621495726016,False,4.0,80.0,0.215874990263072,1.2654601527488334,2620322044.1454067,1609966038598.1
2025-02-11,XLM/USD,LONG,-1.635812765672396,0.7780963504405605,False,5.0,100.0,0.284125009736928,0.9614824066557852,13373293388.155737,186801759.19459972
2025-02-11,CRO/USD,SHORT,-2.7619498259998476,0.21127047382813946,False,1.0,20.0,-0.5,0.7616619924670024,4226833510.875261,20027800.37
2025-02-18,CRO/USD,LONG,-2.0395134135082182,0.5797555661666499,False,4.0,80.0,0.2631279662581933,0.6902537996264635,4226833510.875261,17178805.976666667
2025-02-18,XLM/USD,LONG,-1.8861726231298985,0.6618038621504481,False,5.0,100.0,0.23687203374180668,0.7667645505829332,13373293388.155737,155153723.8825305
2025-02-18,GRT/USD,SHORT,-3.019597593876887,0.12668412213230668,False,1.0,20.0,-0.5,0.9006508511432423,2322441718.14376,23994033.541
2025-02-25,ALGO/USD,LONG,-2.331277826667219,0.4167325734193368,False,4.0,80.0,0.2744146932512882,0.9718187538257493,3384098842.854815,37586595.78666666
2025-02-25,BONK/USD,LONG,-2.2941080700311107,0.4372115682889379,False,5.0,100.0,0.22558530674871183,1.1821751561328806,2620322044.1454067,933212283947.4667
2025-02-25,GRT/USD,SHORT,-2.7811226457080913,0.20396428117464305,False,1.0,20.0,-0.5,0.9717591820965698,2322441718.14376,22982732.168
2025-03-04,BONK/USD,LONG,-2.2935168944417437,0.43753912737979306,False,10.0,90.9090909090909,0.1864999611485043,1.321785534970255,2620322044.1454067,815996704755.3
2025-03-04,TURBO/USD,LONG,-2.3133957063303403,0.4265550188549247,False,9.0,81.81818181818183,0.17085539027060118,1.442816352051754,655209318.6224619,535782240.43333334
2025-03-04,WIF/USD,LONG,-1.6452582251509205,0.7742122044052,False,11.0,100.0,0.14264464858089446,1.7281612270144777,2098966578.6955955,17778166.103666667
2025-03-04,GIGA/USD,SHORT,-3.5004224647427264,0.039345834590128206,True,1.0,9.090909090909092,-0.17345070121975736,2.0781953019484103,769429559.7931653,112867493.63000001
2025-03-04,XLM/USD,SHORT,-2.959001904122206,0.14390614841585597,False,2.0,18.181818181818183,-0.32654929878024264,1.1038591530926494,13373293388.155737,123661666.19532509
2025-03-11,CRO/USD,LONG,-1.778122648158791,0.7152104820412419,False,10.0,90.9090909090909,0.2639518935691223,0.9191690407789588,4226833510.875261,27115901.926666666
2025-03-11,GIGA/USD,LONG,-2.2658780645332817,0.4529076766903428,False,9.0,81.81818181818183,0.09686968204460077,2.5045649340731235,769429559.7931653,146065412.48666668
2025-03-11,WIF/USD,LONG,-1.610901986499127,0.7881340680207679,False,11.0,100.0,0.13917842438627687,1.7432041632427198,2098966578.6955955,16322483.034
2025-03-11,ALGO/USD,SHORT,-2.7973359521090555,0.1979246429099058,False,2.0,18.181818181818183,-0.23495601766367294,1.241029107125597,3384098842.854815,27966779.82
2025-03-11,XLM/USD,SHORT,-3.332841808700323,0.06102862540944654,False,1.0,9.090909090909092,-0.26504398233632703,1.1001466784668401,13373293388.155737,100666849.61804779
2025-03-18,BONK/USD,LONG,-1.8614315949343225,0.6744111679644823,False,10.0,83.33333333333334,0.16986577151289847,1.390502817018894,2620322044.1454067,711304317056.3334
2025-03-18,CRO/USD,LONG,-1.1518459101692216,0.9199132438921772,False,12.0,100.0,0.24189400615928017,0.9764559178380097,4226833510.875261,28114707.256666664
2025-03-18,GIGA/USD,LONG,-1.2608698500833184,0.8972692609423003,False,11.0,91.66666666666666,0.0882402223278213,2.6767706106436435,769429559.7931653,204093934.04333335
2025-03-18,FLOKI/USD,SHORT,-4.577595647284495,0.001123870741609335,True,2.0,16.666666666666664,-0.2822489840224415,1.1386808516718183,1911027839.4132748,13756837193.733334
2025-03-18,TURBO/USD,SHORT,-5.337472955804308,4.786854323837548e-05,True,1.0,8.333333333333332,-0.21775101597755855,1.475958732350079,655209318.6224619,557011491.7333333
2025-03-25,BONK/USD,LONG,-2.0759531410848386,0.5595333572728891,False,11.0,91.66666666666666,0.15681576042851428,1.4927953054133036,2620322044.1454067,890616734483.0333
2025-03-25,CRO/USD,LONG,-1.0885620251982617,0.930956688215417,False,12.0,100.0,0.19937001650318587,1.1741676862366248,4226833510.875261,37533815.90333333
2025-03-25,WIF/USD,LONG,-2.105646567438131,0.542933346318939,False,10.0,83.33333333333334,0.14381422306829994,1.6277515949957753,2098966578.6955955,14404623.787999999
2025-03-25,MOG/USD,SHORT,-3.429013673297341,0.04763048941238712,True,1.0,8.333333333333332,-0.28364834342811523,1.7244577654847646,1135029920.0852993,1910018760898.7334
2025-03-25,PNUT/USD,SHORT,-3.2592019752865684,0.07323718430949593,False,2.0,16.666666666666664,-0.21635165657188474,2.2608543712674636,756472715.6159503,28562346.979
2025-04-01,BONK/USD,LONG,-3.584866841330917,0.031149125894091724,True,10.0,83.33333333333334,0.13920233054137376,1.3723005233570804,2620322044.1454067,856318819292.7333
2025-04-01,CRO/USD,LONG,-2.882527966863992,0.1682837180596743,False,12.0,100.0,0.1724463001034776,1.1077502442199407,4226833510.875261,43808496.556666665
2025-04-01,GRT/USD,LONG,-3.57867128063833,0.03169644255499864,True,11.0,91.66666666666666,0.18835136935514862,1.014207816531761,2322441718.14376,19747908.933333334
2025-04-01,GIGA/USD,SHORT,-5.275478871461259,6.296290184327718e-05,True,1.0,8.333333333333332,-0.16359528778609708,2.601373105982657,769429559.7931653,224665290.59666666
2025-04-01,TURBO/USD,SHORT,-5.107502631394746,0.00013049471224171042,True,2.0,16.666666666666664,-0.33640471221390295,1.265060703554134,655209318.6224619,449271819.8666667
2025-04-08,BONK/USD,LONG,-2.1634167107510938,0.5104537213984272,False,12.0,100.0,0.19277985711353332,1.2013311237101025,2620322044.1454067,865719483411.0333
2025-04-08,CRO/USD,LONG,-2.194182803079785,0.4931251681807269,False,11.0,91.66666666666666,0.21178410594187916,1.093530798002523,4226833510.875261,36305615.843333334
2025-04-08,GIGA/USD,LONG,-2.2022783269895787,0.48856829837101523,False,10.0,83.33333333333334,0.09543603694458751,2.4266770686354278,769429559.7931653,231076672.13000003
2025-04-08,ALGO/USD,SHORT,-3.4200691314703913,0.048763740393209305,True,2.0,16.666666666666664,-0.27545405779195725,0.9307137854606106,3384098842.854815,20309673.433333337
2025-04-08,WIF/USD,SHORT,-3.6231767485174697,0.027941320869501022,True,1.0,8.333333333333332,-0.2245459422080427,1.141721316925476,2098966578.6955955,13194014.882000001
2025-04-15,FLOKI/USD,LONG,-2.30305497946253,0.43226084016522637,False,12.0,92.3076923076923,0.24686670332034694,1.0929540311420278,1911027839.4132748,16265076889.233334
2025-04-15,MOG/USD,LONG,-2.3366084682753074,0.41381624284370133,False,11.0,84.61538461538461,0.1329920540004632,2.028797589273841,1135029920.0852993,1802748920080.3333
2025-04-15,POPCAT/USD,LONG,-2.2562460804988937,0.45828582257149786,False,13.0,100.0,0.1201412426791899,2.2458062904276224,844807311.7319478,17572796.712
2025-04-15,PENGU/USD,SHORT,-3.296656314649538,0.06680398440581169,False,2.0,15.384615384615385,-0.1684445146197883,1.5138288235160802,2520508443.2097683,171882503.26666668
2025-04-15,XLM/USD,SHORT,-3.419643901094565,0.048818168044342754,True,1.0,7.6923076923076925,-0.33155548538021173,0.7690904618941655,13373293388.155737,65110355.75922015
2025-04-22,MAGIC/USD,LONG,0.0,0.9968536044572816,False,14.0,100.0,0.13430961836905433,2.7822716872726736,242790809.23518732,12909118.919
2025-04-22,POPCAT/USD,LONG,-2.130309494844245,0.5290876637063756,False,12.0,85.71428571428571,0.15534974220369968,2.405448784244705,844807311.7319478,19043735.99766667
2025-04-22,TURBO/USD,LONG,-1.7621066913903685,0.7227368698429356,False,13.0,92.85714285714286,0.210340639427246,1.7765746530682704,655209318.6224619,361622843.06666666
2025-04-22,PEPE/USD,SHORT,-3.0263321327981703,0.12486730192351081,False,2.0,14.285714285714285,-0.19210700421190013,1.1987274803628036,8714215845.94732,2122914894607.2334
2025-04-22,XLM/USD,SHORT,-3.467296893938701,0.043024581375835876,True,1.0,7.142857142857142,-0.3078929957880998,0.7479349912768561,13373293388.155737,63958507.49967481
2025-04-29,FLOKI/USD,LONG,-0.6953933565631195,0.9734489574256564,False,13.0,86.66666666666667,0.1914780785729807,1.2206016672642317,1911027839.4132748,14678971842.1
2025-04-29,PENGU/USD,LONG,0.0,0.9964775806406468,False,14.0,93.33333333333333,0.1101287345104444,2.122229616000594,2520508443.2097683,346199360.9
2025-04-29,POPCAT/USD,LONG,-0.9771083595339268,0.9471181663556894,False,12.0,80.0,0.10009589949088854,2.3349454187382226,844807311.7319478,22155592.042999998
2025-04-29,TURBO/USD,LONG,0.0,0.9962350163139876,False,15.0,100.0,0.09829728742568633,2.377669497008502,655209318.6224619,885033981.1
2025-04-29,CRO/USD,SHORT,-2.4825567149020595,0.3367374705527454,False,3.0,20.0,-0.22289925382565526,0.8571741107959768,4226833510.875261,13960542.053333333
2025-04-29,GIGA/USD,SHORT,-2.761967373245689,0.21126370597978789,False,1.0,6.666666666666667,-0.0994881440514662,1.9204647098075702,769429559.7931653,141471645.15
2025-04-29,PEPE/USD,SHORT,-2.7122733733958153,0.23102194640564994,False,2.0,13.333333333333334,-0.17761260212287858,1.0757314932130122,8714215845.94732,2222064375252.5
2025-05-06,PENGU/USD,LONG,-0.5712761118575926,0.9803605501893132,False,15.0,100.0,0.11786710560673297,2.03882635962783,2520508443.2097683,440237553.3
2025-05-06,POPCAT/USD,LONG,-1.554935575422317,0.8095816443099821,False,13.0,86.66666666666667,0.10850621753778045,2.214716974724249,844807311.7319478,23115905.27
2025-05-06,TURBO/USD,LONG,-1.2642909396516178,0.8964792309085334,False,14.0,93.33333333333333,0.10339066520107099,2.3242965056535403,655209318.6224619,1235904395.6333334
2025-05-06,WIF/USD,LONG,-1.7597036263689938,0.7238568050652789,False,12.0,80.0,0.17023601165441563,1.4116317664436493,2098966578.6955955,12449212.509333335
2025-05-06,ALGO/USD,SHORT,-3.009699844374463,0.12938929836645013,False,2.0,13.333333333333334,-0.24682216315340652,0.8452772521846333,3384098842.854815,20423381.660000004
2025-05-06,BONK/USD,SHORT,-2.471697236388886,0.34225404534056036,False,3.0,20.0,-0.12524041689286491,1.665861269266222,2620322044.1454067,1421533705875.9666
2025-05-06,GIGA/USD,SHORT,-3.1356235540254795,0.09800912601395656,False,1.0,6.666666666666667,-0.12793741995372857,1.6307438427634038,769429559.7931653,120362564.25333333
2025-05-13,ATH/USD,LONG,0.0,0.9969845417485766,False,15.0,93.75,0.1786238750384093,0.9836476832692582,412583051.170054,10510110.8
2025-05-13,FLOKI/USD,LONG,-0.605593860394705,0.9786644472763014,False,13.0,81.25,0.14469641202745223,1.2142869225034683,1911027839.4132748,14344723806.666666
2025-05-13,PNUT/USD,LONG,0.0,0.9944021170745677,False,16.0,100.0,0.07108390278523354,2.471768627968583,756472715.6159503,24509082.087333333
2025-05-13,WIF/USD,LONG,-0.2885227247001716,0.9897771199115936,False,14.0,87.5,0.10559581014890491,1.663919814719381,2098966578.6955955,17545380.726
2025-05-13,ALGO/USD,SHORT,-2.4569918089679117,0.3497874950831557,False,1.0,6.25,-0.1816183694377433,0.7679408533284113,3384098842.854815,20948430.16
2025-05-13,BONK/USD,SHORT,-2.409127610682046,0.3747776708055798,False,2.0,12.5,-0.09150189343567426,1.524254421075822,2620322044.1454067,1566566371437.3
2025-05-13,CRO/USD,SHORT,-2.3610263708413872,0.4005329122794173,False,3.0,18.75,-0.22687973712658244,0.6147405113058637,4226833510.875261,11612333.526666667
2025-05-20,ATH/USD,LONG,-0.6835296786909426,0.9742082592849894,False,14.0,87.5,0.1676257610894594,1.0428720420315751,412583051.170054,18917500.566666666
2025-05-20,GRT/USD,LONG,-1.7933888540104945,0.707937382197585,False,13.0,81.25,0.1714439533936576,1.019646457656456,2322441718.14376,22013925.637000002
2025-05-20,PNUT/USD,LONG,0.0,1.0,False,16.0,100.0,0.0648333738811445,2.696330752197706,756472715.6159503,29751554.033666667
2025-05-20,WIF/USD,LONG,-0.2900453207782707,0.9897431068639698,False,15.0,93.75,0.0960969116357386,1.8191242235452707,2098966578.6955955,20163274.091333333
2025-05-20,ALGO/USD,SHORT,-3.1487268045880286,0.09511100284180224,False,2.0,12.5,-0.17953119267881357,0.8125315677310513,3384098842.854815,21357410.09
2025-05-20,BONK/USD,SHORT,-3.5924767755985436,0.030487945165612915,True,1.0,6.25,-0.0896582068609084,1.627009579505033,2620322044.1454067,1600632861506.8
2025-05-20,CRO/USD,SHORT,-2.649862831524815,0.2574833648177256,False,3.0,18.75,-0.23081060046027807,0.6320106665510214,4226833510.875261,13054000.136666667
2025-05-27,ATH/USD,LONG,-1.7760537444601576,0.7161887617065061,False,15.0,93.75,0.14796312705941422,1.04556421398468,412583051.170054,22454568.3
2025-05-27,PENGU/USD,LONG,-2.167541695785477,0.5081302059903522,False,14.0,87.5,0.1063710752349954,1.4543892717152382,2520508443.2097683,583568048.7
2025-05-27,PYTH/USD,LONG,-2.1740356336926245,0.5044721283023831,False,13.0,81.25,0.12099531052311675,1.2786028646377547,1417261137.014019,12014807.403333334
2025-05-27,TURBO/USD,LONG,-1.7621004400146543,0.722739786448134,False,16.0,100.0,0.12467048718247367,1.240910773182094,655209318.6224619,996840524.9333333
2025-05-27,BONK/USD,SHORT,-3.1605665464499593,0.09254948898406029,False,2.0,12.5,-0.11897102916799115,1.285384589322955,2620322044.1454067,1428343275522.4333
2025-05-27,CRO/USD,SHORT,-2.976003862636133,0.13891380389054203,False,3.0,18.75,-0.2832121511497833,0.5399610392689347,4226833510.875261,11854171.686666667
2025-05-27,GIGA/USD,SHORT,-4.0704835289892305,0.006964494981465746,True,1.0,6.25,-0.09781681968222551,1.563366381827027,769429559.7931653,123485148.12333332
2025-06-03,BONK/USD,LONG,-1.498000687196401,0.8298156762008835,False,13.0,81.25,0.12684129885108705,1.2943403992128917,2620322044.1454067,1175056210272.1
2025-06-03,PENGU/USD,LONG,-1.0257253452098118,0.9405512314964704,False,15.0,93.75,0.11685355429153978,1.4049706779307105,2520508443.2097683,484764472.8
2025-06-03,POPCAT/USD,LONG,-1.085566994303874,0.9314439889770949,False,14.0,87.5,0.11609984394716157,1.414091628463481,844807311.7319478,24755043.559333332
2025-06-03,TURBO/USD,LONG,-0.9439524817176741,0.9512014367542259,False,16.0,100.0,0.14020530291021158,1.1709672457734144,655209318.6224619,798262756.2666667
2025-06-03,CRO/USD,SHORT,-4.110895598581191,0.00607867885334565,True,1.0,6.25,-0.30741735040954155,0.5972492068426108,4226833510.875261,15766109.133333333
2025-06-03,GIGA/USD,SHORT,-3.609807400363314,0.029026922363325693,True,2.0,12.5,-0.09244582148706681,1.9860796923897959,769429559.7931653,144303271.12666667
2025-06-03,WIF/USD,SHORT,-2.731656353058145,0.22317502928835775,False,3.0,18.75,-0.10013682810339164,1.8335388905286976,2098966578.6955955,23837922.083666667
2025-06-10,FLOKI/USD,LONG,-1.6083061578290085,0.7891627516736469,False,14.0,87.5,0.12130863079303283,1.1780359088890306,1911027839.4132748,10596823289.433332
2025-06-10,GRT/USD,LONG,-1.5981533703525896,0.7931546055288364,False,15.0,93.75,0.14523250664535797,0.9839802839822566,2322441718.14376,20055079.233
2025-06-10,PENGU/USD,LONG,-1.3150972653436817,0.8841444105096208,False,16.0,100.0,0.11244896145983051,1.2708514269685252,2520508443.2097683,385397972.73333335
2025-06-10,PEPE/USD,LONG,-1.622816561606911,0.7833705542899533,False,13.0,81.25,0.12100990110177867,1.1809440535957416,8714215845.94732,2930101273483.7666
2025-06-10,CRO/USD,SHORT,-2.8577530989211035,0.1765413403989075,False,2.0,12.5,-0.30116288992021417,0.48234616052307305,4226833510.875261,13970586.153333332
2025-06-10,GIGA/USD,SHORT,-2.7406925165908276,0.2195780142447003,False,3.0,18.75,-0.08063318597103802,1.801550588578066,769429559.7931653,126374665.75333335
2025-06-10,TURBO/USD,SHORT,-3.9469882173388156,0.010443672254657766,True,1.0,6.25,-0.11820392410874785,1.2289335124898588,655209318.6224619,533724672.1
2025-06-17,ATH/USD,LONG,0.0,0.9966945110091894,False,15.0,100.0,0.18235245625203855,0.7320127878256468,412583051.170054,15704688.666666666
2025-06-17,PEPE/USD,LONG,-1.290944677055375,0.8901502213691448,False,14.0,93.33333333333333,0.12259090112140013,1.0888600103829997,8714215845.94732,2520305355061.467
2025-06-17,PNUT/USD,LONG,-1.5103876213036453,0.8255498981299731,False,12.0,80.0,0.09377022863500925,1.4235256947861643,756472715.6159503,12881260.719333332
2025-06-17,WIF/USD,LONG,-1.4420122574782217,0.8481545689672014,False,13.0,86.66666666666667,0.10128641399155207,1.317889780153955,2098966578.6955955,15111560.990666665
2025-06-17,GIGA/USD,SHORT,-2.8797839903164646,0.16918373522824592,False,2.0,13.333333333333334,-0.08224373913475834,1.687619357634849,769429559.7931653,129532940.45
2025-06-17,TURBO/USD,SHORT,-2.6870495182745167,0.24149898879527304,False,3.0,20.0,-0.1162576583541808,1.1938665217670597,655209318.6224619,458895341.76666665
2025-06-17,XLM/USD,SHORT,-3.3455647818020027,0.059097004791616586,False,1.0,6.666666666666667,-0.3014986025110608,0.46035412785370067,13373293388.155737,63775035.38948366
2025-06-24,ATH/USD,LONG,-0.3264867307460634,0.9888859454883141,False,15.0,100.0,0.13078170640152048,0.8077425432876916,412583051.170054,16504006.766666668
2025-06-24,CRO/USD,LONG,-1.5296673144222146,0.8187595171335684,False,13.0,86.66666666666667,0.1876967324067038,0.5628118656608823,4226833510.875261,12330531.206666667
2025-06-24,PEPE/USD,LONG,-1.3973379882334973,0.8616923502583305,False,14.0,93.33333333333333,0.10454931583547518,1.0104126201122758,8714215845.94732,2130700411195.1333
2025-06-24,WIF/USD,LONG,-1.6040679269669313,0.790835242462026,False,12.0,80.0,0.07697224535630061,1.3724160917389852,2098966578.6955955,11895956.208
2025-06-24,PENGU/USD,SHORT,-3.342532760253803,0.05955274885756175,False,2.0,13.333333333333334,-0.152935121846026,1.2611877130065938,2520508443.2097683,291824261.46666664
2025-06-24,RSR/USD,SHORT,-2.8299188090913057,0.18617272101626475,False,3.0,20.0,-0.18957985320934007,1.017407141603756,900348878.381598,40138466.96666667
2025-06-24,TURBO/USD,SHORT,-3.583871922864369,0.031236468461511766,True,1.0,6.666666666666667,-0.1574850249446339,1.2247507128197364,655209318.6224619,395288070.6
2025-07-01,ATH/USD,LONG,-1.1295820648179298,0.9239644740032757,False,14.0,100.0,0.21692667842058866,0.7922920281089134,412583051.170054,15902069.6
2025-07-01,PENGU/USD,LONG,-1.2765812963389318,0.8935993342978268,False,13.0,92.85714285714286,0.11067041177275232,1.5529830895514338,2520508443.2097683,438909529.46666664
2025-07-01,PEPE/USD,LONG,-2.2673173582728174,0.45210493263333373,False,12.0,85.71428571428571,0.17240290980665898,0.9969047401202267,8714215845.94732,1825088775577.1333
2025-07-01,BONK/USD,SHORT,-3.3193611176292985,0.06313093842112007,False,2.0,14.285714285714285,-0.274363754830588,1.0401245946210684,2620322044.1454067,566758061685.2667
2025-07-01,POPCAT/USD,SHORT,-3.7879031663263807,0.01718307381502584,True,1.0,7.142857142857142,-0.22563624516941203,1.2647457816788983,844807311.7319478,16007108.801
2025-07-08,BONK/USD,LONG,0.0,1.0,False,15.0,100.0,0.11112465927113237,1.2523179290996076,2620322044.1454067,972612948354.4
2025-07-08,GRT/USD,LONG,-1.3903196259620034,0.863732063376661,False,12.0,80.0,0.16232642669958172,0.8573058989826366,2322441718.14376,11825992.287333332
2025-07-08,PENGU/USD,LONG,-1.2929351270403564,0.8896650895745722,False,14.0,93.33333333333333,0.08894507390589691,1.5645993314655922,2520508443.2097683,577958118.2333333
2025-07-08,RSR/USD,LONG,-1.3227196866966069,0.8821946539191784,False,13.0,86.66666666666667,0.13760384012338897,1.011333717471377,900348878.381598,37188610.43333333
2025-07-08,ATH/USD,SHORT,-3.4632585799659945,0.043492153506706765,True,3.0,20.0,-0.2308637021630627,0.7605058958365829,412583051.170054,16153859.533333333
2025-07-08,GIGA/USD,SHORT,-4.341011187978142,0.002714886264460124,True,1.0,6.666666666666667,-0.14083509797789062,1.2466580358912585,769429559.7931653,103639978.46
2025-07-08,WIF/USD,SHORT,-4.111687700463654,0.0060623903562735905,True,2.0,13.333333333333334,-0.12830119985904667,1.3684455548549586,2098966578.6955955,12441861.699
2025-07-15,BONK/USD,LONG,0.0,0.99495151438394,False,14.0,82.35294117647058,0.13485573726477795,1.2961969632286403,2620322044.1454067,1701557375715.1333
2025-07-15,PENGU/USD,LONG,0.0,1.0,False,15.0,88.23529411764706,0.09505411412459559,1.8389482530702426,2520508443.2097683,976466510.8
2025-07-15,TURBO/USD,LONG,0.0,1.0,False,16.0,94.11764705882352,0.11210731757383641,1.5592166586399465,655209318.6224619,661580206.2666667
2025-07-15,XLM/USD,LONG,0.0,1.0,False,17.0,100.0,0.15798283103679,1.1064467953220711,13373293388.155737,110473925.87466142
2025-07-15,CRO/USD,SHORT,-1.9517416435041586,0.627455467152665,False,3.0,17.647058823529413,-0.21806606635405965,0.8433899711344339,4226833510.875261,16328915.936666666
2025-07-15,GIGA/USD,SHORT,-3.4213909144497046,0.04859487905400384,True,1.0,5.88235294117647,-0.1415377412306505,1.2994041858280168,769429559.7931653,103074698.12999998
2025-07-15,PNUT/USD,SHORT,-1.9710424811118366,0.6171152370593939,False,2.0,11.76470588235294,-0.1403961924152899,1.3099695244136877,756472715.6159503,10871997.308
2025-07-22,ATH/USD,LONG,-0.13211609634785149,0.9926188618068774,False,14.0,87.5,0.2090539426488856,0.7293890468532935,412583051.170054,20387011.833333332
2025-07-22,BONK/USD,LONG,0.0,1.0,False,15.0,93.75,0.0986624328775317,1.545488505831466,2620322044.1454067,2315976842206.533
2025-07-22,FLOKI/USD,LONG,-0.1970473826686392,0.9915835222669648,False,13.0,81.25,0.11029346004674093,1.3825085903096523,1911027839.4132748,26476974828.0
2025-07-22,PENGU/USD,LONG,0.0,1.0,False,16.0,100.0,0.08199016442684179,1.8597554601277835,2520508443.2097683,1417883871.7666667
2025-07-22,CRO/USD,SHORT,-1.7484522401723694,0.7290675753187319,False,2.0,12.5,-0.2269746375996647,0.8076922691178402,4226833510.875261,20493184.033333335
2025-07-22,GIGA/USD,SHORT,-2.0187177667644085,0.5912014476046846,False,1.0,6.25,-0.15987863599365693,1.1466551421063285,769429559.7931653,110261791.39333335
2025-07-22,MOG/USD,SHORT,-1.7446170389061084,0.730831262640195,False,3.0,18.75,-0.11314672640667835,1.6202471418939086,1135029920.0852993,3454534582925.7334
2025-07-29,ATH/USD,LONG,-0.528184449499636,0.9822866472412896,False,16.0,100.0,0.18593691565281134,0.7008691763527873,412583051.170054,19825332.1
2025-07-29,CRO/USD,LONG,-1.5833266282919267,0.7988936427468429,False,14.0,87.5,0.15250548007944278,0.8545099681616616,4226833510.875261,25542893.13
2025-07-29,FLOKI/USD,LONG,-1.7446635374149844,0.7308099177065148,False,13.0,81.25,0.08689222137144054,1.4997597123232933,1911027839.4132748,27640997876.166668
2025-07-29,PENGU/USD,LONG,-0.6712383982038025,0.9749712305078966,False,15.0,93.75,0.0746653828963054,1.745353038745509,2520508443.2097683,1664776190.4666667
2025-07-29,ALGO/USD,SHORT,-2.35279819900338,0.40499466943996276,False,2.0,12.5,-0.18911905034811918,1.1387027136334102,3384098842.854815,45554637.80333333
2025-07-29,BONK/USD,SHORT,-3.3004952632613214,0.06617112378858718,False,1.0,6.25,-0.13185452001419987,1.6332422719220019,2620322044.1454067,2713980709742.967
2025-07-29,XLM/USD,SHORT,-2.3362531428358952,0.4140104618570202,False,3.0,18.75,-0.17902642963768098,1.202897115621472,13373293388.155737,149373882.1014836
2025-08-05,ATH/USD,LONG,-1.3777375305428756,0.8673301988940254,False,18.0,100.0,0.16845931586067991,0.9405954947517337,412583051.170054,21925932.833333332
2025-08-05,FLOKI/USD,LONG,-1.6432547219287894,0.7750396500878496,False,15.0,83.33333333333334,0.11257285710919435,1.4075513193541684,1911027839.4132748,27604129695.066666
2025-08-05,MOG/USD,LONG,-1.4114360971831423,0.8575239817824771,False,17.0,94.44444444444444,0.10679639569587478,1.4836837190530328,1135029920.0852993,3534328630844.8
2025-08-05,TURBO/USD,LONG,-1.556785897585676,0.808897179432529,False,16.0,88.88888888888889,0.11217143133425095,1.4125884965785607,655209318.6224619,863973630.8333334
2025-08-05,ALGO/USD,SHORT,-2.8212519365946975,0.18924837726835242,False,2.0,11.11111111111111,-0.1985569009550753,1.1404823172379455,3384098842.854815,46685921.26333333
2025-08-05,BONK/USD,SHORT,-3.025308339562353,0.1251422579084851,False,1.0,5.555555555555555,-0.1476700293139789,1.5334908211018614,2620322044.1454067,2669267545025.3335
2025-08-05,ENA/USD,SHORT,-2.723810085856339,0.22632997750321387,False,3.0,16.666666666666664,-0.15377306973094576,1.4726286917536762,3796990285.900145,16882753.886666667
2025-08-12,ALGO/USD,LONG,-1.3921185108699254,0.863211496820407,False,17.0,89.47368421052632,0.17688631606910216,0.943151935196822,3384098842.854815,44511235.96333334
2025-08-12,BONK/USD,LONG,-0.9475395436227262,0.9507744454054751,False,19.0,100.0,0.11484512027219722,1.4526579006143314,2620322044.1454067,2184594640062.6667
2025-08-12,MAGIC/USD,LONG,-1.313673361670825,0.8845057247792129,False,18.0,94.73684210526315,0.08434137274157934,1.9780407395262225,242790809.23518732,14982017.027333336
2025-08-12,POPCAT/USD,LONG,-1.4098391291742336,0.8580009393590082,False,16.0,84.21052631578947,0.1239271909171213,1.3461990873494551,844807311.7319478,17696384.219333332
2025-08-12,ATH/USD,SHORT,-3.5099193458378544,0.038341375342499345,True,1.0,5.263157894736842,-0.16356340425958327,0.9863887892638602,412583051.170054,22211369.433333334
2025-08-12,GIGA/USD,SHORT,-2.2882501605789107,0.4404596133175636,False,3.0,15.789473684210526,-0.14810448415543895,1.089346546227181,769429559.7931653,92188333.22333334
2025-08-12,XLM/USD,SHORT,-2.294839404640054,0.43680642280495896,False,2.0,10.526315789473683,-0.18833211158497784,0.8566627694963656,13373293388.155737,126801280.7329411
2025-08-19,BONK/USD,LONG,-0.8897587016395158,0.9572388797462175,False,17.0,94.44444444444444,0.12194354425584544,1.1143279520597809,2620322044.1454067,1617632992620.3667
2025-08-19,MOG/USD,LONG,-1.2455050243141013,0.9007557704813907,False,15.0,83.33333333333334,0.10645222749562235,1.2764890236149875,1135029920.0852993,1974346529887.0334
2025-08-19,PENGU/USD,LONG,-0.655361882621488,0.9759221206896681,False,18.0,100.0,0.10052932848836926,1.3516960869110821,2520508443.2097683,1474454455.8666666
2025-08-19,XLM/USD,LONG,-0.9935767766942567,0.944973090450148,False,16.0,88.88888888888889,0.17107489976016296,0.7943017948748209,13373293388.155737,88724754.07991832
2025-08-19,ATH/USD,SHORT,-2.9550546639310737,0.14508322477833419,False,1.0,5.555555555555555,-0.18035425574617753,0.946644741956756,412583051.170054,18587880.866666667
2025-08-19,CRO/USD,SHORT,-2.4087611090794487,0.37497162063161205,False,3.0,16.666666666666664,-0.2045314147678851,0.834744178958521,4226833510.875261,21149597.936666664
2025-08-19,ENA/USD,SHORT,-2.685289549166572,0.2422411221503118,False,2.0,11.11111111111111,-0.11511432948593738,1.4831464393188332,3796990285.900145,23416716.48
2025-08-26,BONK/USD,LONG,-1.512270772937545,0.8248947443622064,False,14.0,82.35294117647058,0.11170523866072325,1.1789864951601532,2620322044.1454067,1259944508877.0334
2025-08-26,FLOKI/USD,LONG,-1.4796560949900754,0.8359940357702098,False,15.0,88.23529411764706,0.1246421096004353,1.05661696710543,1911027839.4132748,8059655598.3
2025-08-26,PENGU/USD,LONG,-1.2117201135220683,0.9080736806328162,False,16.0,94.11764705882352,0.10352945918351848,1.2720917201565034,2520508443.2097683,1245183424.4666667
2025-08-26,XLM/USD,LONG,-1.0817945681725176,0.9320533800575415,False,17.0,100.0,0.160123192555323,0.8224852734817424,13373293388.155737,77239728.30153437
2025-08-26,ATH/USD,SHORT,-2.2719380748534284,0.44952947792079884,False,3.0,17.647058823529413,-0.19594336683623734,1.0859305319549653,412583051.170054,18219222.166666668
2025-08-26,FARTCOIN/USD,SHORT,-2.4270686931725565,0.3653300560278745,False,1.0,5.88235294117647,-0.12528576902921623,1.6983643571833151,1299695658.524675,36100532.365666665
2025-08-26,POPCAT/USD,SHORT,-2.303261204263162,0.4321468759497518,False,2.0,11.76470588235294,-0.17877086413454643,1.190243642953916,844807311.7319478,12145834.154000001
2025-09-02,ENA/USD,LONG,-1.4442042106523163,0.8474654736304628,False,18.0,100.0,0.12750189522782485,1.2414314600301781,3796990285.900145,21002497.95
2025-09-02,MAGIC/USD,LONG,-1.965835698422123,0.6199139851629003,False,16.0,88.88888888888889,0.08797816895914405,1.7991379659515179,242790809.23518732,16222008.925666668
2025-09-02,PENGU/USD,LONG,-1.6358230436210413,0.7780921472025584,False,17.0,94.44444444444444,0.12768159118359684,1.2396842996864854,2520508443.2097683,1092265614.4
2025-09-02,RSR/USD,LONG,-2.117693316376753,0.5361755909288156,False,15.0,83.33333333333334,0.15683834462943427,1.0092229953285776,900348878.381598,56063791.1
2025-09-02,CRO/USD,SHORT,-4.115675709983058,0.0059809846313847136,True,1.0,5.555555555555555,-0.18556704241691402,1.7598838661448934,4226833510.875261,115719993.97333334
2025-09-02,FARTCOIN/USD,SHORT,-3.3825958742631137,0.053757029650000066,False,2.0,11.11111111111111,-0.19418347752331905,1.6817931587332617,1299695658.524675,34782855.43733333
2025-09-02,PYTH/USD,SHORT,-3.115190318528122,0.10266284545317245,False,3.0,16.666666666666664,-0.12024948005976688,2.7158241671850534,1417261137.014019,26312025.93
2025-09-09,CRO/USD,LONG,-2.2137963815813304,0.4820893492733085,False,16.0,100.0,0.0867132859004064,1.7843679364165255,4226833510.875261,126472899.17666668
2025-09-09,ENA/USD,LONG,-2.31849667538782,0.4237471607381824,False,15.0,93.75,0.12082762050658984,1.2805714982491576,3796990285.900145,21744912.75
2025-09-09,GIGA/USD,LONG,-2.397567019462528,0.38091319542049107,False,14.0,87.5,0.12597537949287307,1.2282432301047999,769429559.7931653,81827846.18666667
2025-09-09,RSR/USD,LONG,-2.6096110126613805,0.2754885087156861,False,13.0,81.25,0.16648371410013066,0.9293906485588366,900348878.381598,49130092.36666667
2025-09-09,ALGO/USD,SHORT,-4.197866056497801,0.004510305962799548,True,2.0,12.5,-0.1621894690074233,0.8497273488824955,3384098842.854815,18600166.759999998
2025-09-09,TURBO/USD,SHORT,-3.8811984319728334,0.012874375197534224,True,3.0,18.75,-0.12999506112675974,1.060169719693817,655209318.6224619,235472735.33333334
2025-09-09,XLM/USD,SHORT,-4.570274916204827,0.0011558610689892032,True,1.0,6.25,-0.20781546986581695,0.6631692414685179,13373293388.155737,58855759.14244129
2025-09-16,ATH/USD,LONG,0.0,1.0,False,17.0,100.0,0.09925312424569242,1.660010970378696,412583051.170054,62639974.2
2025-09-16,BONK/USD,LONG,-1.6979878262331403,0.7517538201344254,False,16.0,94.11764705882352,0.1615952443599572,1.0195923509060674,2620322044.1454067,843006956675.4333
2025-09-16,CRO/USD,LONG,-2.111286622083332,0.5397708876397211,False,14.0,82.35294117647058,0.09292771182995327,1.7730047565757656,4226833510.875261,130991282.16666667
2025-09-16,GIGA/USD,LONG,-1.9361304950203073,0.635747290345106,False,15.0,88.23529411764706,0.1462239195643971,1.1267737561886941,769429559.7931653,81147875.67
2025-09-16,ALGO/USD,SHORT,-3.3134490861329864,0.06407123899158149,False,1.0,5.88235294117647,-0.25147997043523684,0.7439276139160687,3384098842.854815,16093049.24
2025-09-16,PYTH/USD,SHORT,-3.2212611132714315,0.08024780137878174,False,2.0,11.76470588235294,-0.06888360571107911,2.7159277221674123,1417261137.014019,36097898.480000004
2025-09-16,W/USD,SHORT,-3.2139549818639894,0.08165669080128096,False,3.0,17.647058823529413,-0.17963642385368403,1.0414530101420325,868432960.5077666,12460087.441333333
2025-09-23,ATH/USD,LONG,-1.1450477252336952,0.9211698882080922,False,17.0,100.0,0.09031455118669451,1.6649364920258818,412583051.170054,71180545.96666667
2025-09-23,CRO/USD,LONG,-1.7317798717482251,0.736687937599496,False,16.0,94.11764705882352,0.08636513475317734,1.7410728584098587,4226833510.875261,134788904.47333333
2025-09-23,GIGA/USD,LONG,-2.2865916498540333,0.4413801184273233,False,14.0,82.35294117647058,0.15113426412275602,0.9949298585894027,769429559.7931653,75421868.81
2025-09-23,RSR/USD,LONG,-2.027676360661911,0.586280105891987,False,15.0,88.23529411764706,0.17218604993737213,0.8732878888060865,900348878.381598,39160380.166666664
2025-09-23,ALGO/USD,SHORT,-3.2959740826073234,0.06691696043258881,False,3.0,17.647058823529413,-0.292564479021542,0.643397647262809,3384098842.854815,13189332.066666666
2025-09-23,FARTCOIN/USD,SHORT,-3.519370401213664,0.03736334066423809,True,1.0,5.88235294117647,-0.137796052716464,1.3660427404437476,1299695658.524675,25512139.032333333
2025-09-23,PYTH/USD,SHORT,-3.4220811700752862,0.048506889964225905,True,2.0,11.76470588235294,-0.06963946826199399,2.7029973400566547,1417261137.014019,37495529.70666667
2025-09-30,BONK/USD,LONG,-2.4219723424345276,0.36800430547253615,False,15.0,83.33333333333334,0.11051789901906937,0.9104578724097602,2620322044.1454067,710477640479.0333
2025-09-30,CRO/USD,LONG,-1.014873777455803,0.9420792014830262,False,18.0,100.0,0.15579855303778495,0.6458461214315344,4226833510.875261,47700182.916666664
2025-09-30,ENA/USD,LONG,-2.1428228709943054,0.5220490872211833,False,17.0,94.44444444444444,0.10668233871438376,0.9431916511831397,3796990285.900145,15463142.726666667
2025-09-30,RSR/USD,LONG,-2.2821910325325123,0.44382442332634686,False,16.0,88.88888888888889,0.12700120922876187,0.79229081215166,900348878.381598,51639276.03333333
2025-09-30,ALGO/USD,SHORT,-3.367956177505263,0.05581871913838573,False,1.0,5.555555555555555,-0.2578222675556006,0.5165909200405491,3384098842.854815,11221308.110000001
2025-09-30,FARTCOIN/USD,SHORT,-3.2135212708406824,0.0817409339975193,False,2.0,11.11111111111111,-0.10667105574379193,1.2485921459649532,1299695658.524675,27387826.992666665
2025-09-30,PYTH/USD,SHORT,-3.072042506896833,0.11303921585816396,False,3.0,16.666666666666664,-0.13550667670060748,0.9828935787257131,1417261137.014019,16354714.206666669
2025-10-07,ATH/USD,LONG,-1.8789271207293807,0.6655174466511878,False,17.0,89.47368421052632,0.05828816606103979,1.966693485190696,412583051.170054,93539732.0
2025-10-07,CRO/USD,LONG,-1.3702980898254242,0.8694225062431298,False,19.0,100.0,0.17237055626822717,0.6650495243374167,4226833510.875261,36306055.123333335
2025-10-07,MOG/USD,LONG,-1.820960033381835,0.6945648919420675,False,18.0,94.73684210526315,0.08559507193860341,1.339270519431154,1135029920.0852993,1908664827438.0334
2025-10-07,XLM/USD,LONG,-1.9503260267239664,0.628210085295229,False,16.0,84.21052631578947,0.18374620573212966,0.6238765910795373,13373293388.155737,44584330.501273125
2025-10-07,ALGO/USD,SHORT,-3.9165830291949173,0.01151069235991702,True,1.0,5.263157894736842,-0.23983193947005832,0.5976367988151742,3384098842.854815,11648961.323333332
2025-10-07,BIO/USD,SHORT,-3.3506272075648975,0.058342409067971404,False,3.0,15.789473684210526,-0.12724033766902235,1.1264697593883835,963692599.7358963,10615259.413333332
2025-10-07,RSR/USD,SHORT,-3.875209469097935,0.013118918108103735,True,2.0,10.526315789473683,-0.13292772286091936,1.0782731357588002,900348878.381598,64212720.03333333
2025-10-14,ATH/USD,LONG,-1.5189642261310234,0.8225518823726434,False,17.0,100.0,0.10149088243337434,1.6784056968211227,412583051.170054,66845799.766666666
2025-10-14,BONK/USD,LONG,-2.188072893111493,0.49656558903425596,False,14.0,82.35294117647058,0.1130013096074,1.5074416026097386,2620322044.1454067,895411933022.8
2025-10-14,CRO/USD,LONG,-2.0944986939644012,0.5491760047123068,False,16.0,94.11764705882352,0.1626986131864795,1.0469841869908088,4226833510.875261,34186076.21666667
2025-10-14,ENA/USD,LONG,-2.1143853156488817,0.5380323446270382,False,15.0,88.23529411764706,0.12280919477274618,1.387053107601523,3796990285.900145,16233156.276666667
2025-10-14,ALGO/USD,SHORT,-3.6463140236351657,0.026145056278577296,True,2.0,11.76470588235294,-0.23632132088627916,1.0384390599416309,3384098842.854815,14240030.433333335
2025-10-14,MOG/USD,SHORT,-3.739313890234761,0.01989538594671902,True,1.0,5.88235294117647,-0.13425037463893183,1.8279672661274355,1135029920.0852993,2250393384639.6333
2025-10-14,W/USD,SHORT,-3.4057799323487092,0.05062046661277799,False,3.0,17.647058823529413,-0.12942830447478906,1.8960712751445647,868432960.5077666,27183399.087666668
2025-10-21,ATH/USD,LONG,-0.6444409631530631,0.9765542086941947,False,17.0,100.0,0.10052679255970229,1.8381000069189122,412583051.170054,69936898.56666666
2025-10-21,GIGA/USD,LONG,-1.6576890200047092,0.7690355431467754,False,15.0,88.23529411764706,0.11154243235293262,1.6565740427361832,769429559.7931653,91797545.12666668
2025-10-21,GRT/USD,LONG,-1.7483209806658428,0.729128042802966,False,14.0,82.35294117647058,0.176822704486755,1.0449919236099328,2322441718.14376,16424694.844666665
2025-10-21,W/USD,LONG,-1.5125887617325264,0.8247839421643889,False,16.0,94.11764705882352,0.1111080706006101,1.6630501915898643,868432960.5077666,20202754.003666665
2025-10-21,ALGO/USD,SHORT,-2.9936009672261923,0.13387880229040178,False,2.0,11.76470588235294,-0.22403906658164405,1.0564018526948589,3384098842.854815,15586071.126666667
2025-10-21,FLOKI/USD,SHORT,-3.8102955635626725,0.016046705767076633,True,1.0,5.88235294117647,-0.14759832620764443,1.6035092747590907,1911027839.4132748,15356038201.766666
2025-10-21,RSR/USD,SHORT,-2.9039876106527642,0.1609291918155531,False,3.0,17.647058823529413,-0.1283626072107115,1.8438024137696523,900348878.381598,126987352.83333333
