date,portfolio_value,num_long_positions,num_short_positions,long_exposure,short_exposure,net_exposure,gross_exposure,daily_return,log_return
2023-01-31,10159.031826742214,7,0,0.5,0,0.5,0.5,,
2023-02-01,10143.367864729553,7,0,0.5,0,0.5,0.5,-0.0015418754739430218,-0.0015430653872209508
2023-02-02,10201.17664485928,7,0,0.5,0,0.5,0.5,0.005699170226364458,0.005682991397224933
2023-02-03,10202.067925768133,7,0,0.5,0,0.5,0.5,8.737040244288785e-05,8.736658587157829e-05
2023-02-04,10080.810963933065,7,0,0.5,0,0.5,0.5,-0.011885527788812356,-0.011956725383886644
2023-02-05,9999.252088842115,7,0,0.5,0,0.5,0.5,-0.00809050733941441,-0.008123413096947085
2023-02-06,10214.724467242931,7,0,0.5,0,0.5,0.5,0.02154884950257996,0.021319955475826304
2023-02-07,10123.440115800944,7,0,0.5,0,0.5,0.5,-0.008936545643959626,-0.008976716070296552
2023-02-08,9825.804563629266,7,0,0.5,0,0.5,0.5,-0.0294006334573087,-0.029841494656308084
2023-02-09,9809.191235947785,7,0,0.5,0,0.5,0.5,-0.001690785479590784,-0.0016922164705864542
2023-02-10,9879.439908642236,7,0,0.5,0,0.5,0.5,0.007161515256936868,0.007135993384293221
2023-02-11,9814.558483714949,7,0,0.5,0,0.5,0.5,-0.00656731814022482,-0.006588977856917088
2023-02-12,9759.981491916667,7,0,0.5,0,0.5,0.5,-0.005560819866613498,-0.005576338784084094
2023-02-13,9913.027891544432,7,0,0.5,0,0.5,0.5,0.015681013304637892,0.015559336576663418
2023-02-14,10241.835869153163,7,0,0.5,0,0.5,0.5,0.033169277964928856,0.032631046959024204
2023-02-15,10036.547503633252,7,0,0.5,0,0.5,0.5,-0.020044098357229867,-0.020247706653678334
2023-02-16,10330.131342695926,7,0,0.5,0,0.5,0.5,0.02925147705985509,0.028831816750505376
2023-02-17,10410.461033538992,7,0,0.5,0,0.5,0.5,0.0077762506766057005,0.007746171474292017
2023-02-18,10366.497521498099,7,0,0.5,0,0.5,0.5,-0.004223012976971696,-0.004231955080231837
2023-02-19,10485.066326330953,7,0,0.5,0,0.5,0.5,0.011437691909631509,0.011372776034435273
2023-02-20,10376.696858319454,7,0,0.5,0,0.5,0.5,-0.010335601572624475,-0.010389384811603607
2023-02-21,10314.349659463749,7,0,0.5,0,0.5,0.5,-0.006008385877218525,-0.00602650885734615
2023-02-22,10297.984492689133,7,0,0.5,0,0.5,0.5,-0.0015866406816643641,-0.0015879007289953337
2023-02-23,10109.95927020332,7,0,0.5,0,0.5,0.5,-0.01825844878862437,-0.018427191406349665
2023-02-24,10091.667725308278,7,0,0.5,0,0.5,0.5,-0.0018092599985988222,-0.0018108986863097985
2023-02-25,10193.36566860703,7,0,0.5,0,0.5,0.5,0.010077416941077999,0.010026978352384355
2023-02-26,10136.518440736878,7,0,0.5,0,0.5,0.5,-0.005576884977768093,-0.00559249386047533
2023-02-27,10060.770417987707,7,0,0.5,0,0.5,0.5,-0.007472784979579594,-0.0075008461212448686
2023-02-28,10206.062874629442,8,0,0.5,0,0.5,0.5,0.014441484161288987,0.014338199134045182
2023-03-01,10162.764275694228,8,0,0.5,0,0.5,0.5,-0.004242438976429175,-0.00425146365413747
2023-03-02,9942.592766341253,8,0,0.5,0,0.5,0.5,-0.02166452978541944,-0.021902651184731142
2023-03-03,9854.407107622956,8,0,0.5,0,0.5,0.5,-0.008869483120824695,-0.008909051125156265
2023-03-04,9857.360345385627,8,0,0.5,0,0.5,0.5,0.00029968700606919363,0.0002996421088882341
2023-03-05,9839.829060268323,8,0,0.5,0,0.5,0.5,-0.0017784969305205678,-0.001780080333850319
2023-03-06,9786.643716546825,8,0,0.5,0,0.5,0.5,-0.005405108502977152,-0.005419768953355349
2023-03-07,9609.81662664885,8,0,0.5,0,0.5,0.5,-0.01806820550736965,-0.018233428749983085
2023-03-08,9324.933982829069,8,0,0.5,0,0.5,0.5,-0.029644961489668442,-0.030093255370536295
2023-03-09,9330.38026244587,8,0,0.5,0,0.5,0.5,0.0005840555683107596,0.0005838850742394332
2023-03-10,9347.069152906908,8,0,0.5,0,0.5,0.5,0.0017886613397966045,0.0017870635900407964
2023-03-11,9671.128773036737,8,0,0.5,0,0.5,0.5,0.034669650435724675,0.0340821974461188
2023-03-12,9885.8717074931,8,0,0.5,0,0.5,0.5,0.02220453677083367,0.021961605584057457
2023-03-13,10040.182485187826,8,0,0.5,0,0.5,0.5,0.01560922316822766,0.015488652304026162
2023-03-14,9810.160266955547,8,0,0.5,0,0.5,0.5,-0.022910163094309155,-0.023176679369639304
2023-03-15,9928.29649331616,8,0,0.5,0,0.5,0.5,0.01204223204778243,0.011970301267060756
2023-03-16,10280.258080241187,8,0,0.5,0,0.5,0.5,0.03545035013428244,0.03483645298237231
2023-03-17,10207.52759902295,8,0,0.5,0,0.5,0.5,-0.007074771922120027,-0.007099916787304241
2023-03-18,10324.196137520454,8,0,0.5,0,0.5,0.5,0.011429656923844345,0.011364831879528784
2023-03-19,10173.67139037199,8,0,0.5,0,0.5,0.5,-0.014579803128828894,-0.014687132967874867
2023-03-20,10396.243827393248,8,0,0.5,0,0.5,0.5,0.021877297632385995,0.021641423548548262
2023-03-21,10184.641727642049,8,0,0.5,0,0.5,0.5,-0.020353706902645374,-0.020563697877634665
2023-03-22,10322.917057337809,8,0,0.5,0,0.5,0.5,0.013576847707903905,0.013485508118203503
2023-03-23,10141.200969335507,8,0,0.5,0,0.5,0.5,-0.017603172339075712,-0.017759950766984747
2023-03-24,10138.536550844452,8,0,0.5,0,0.5,0.5,-0.00026273204713245235,-0.0002627665672432395
2023-03-25,10198.025734312541,8,0,0.5,0,0.5,0.5,0.005867630221556341,0.005850482723437111
2023-03-26,10049.239923167755,8,0,0.5,0,0.5,0.5,-0.014589668139802558,-0.014697143986914742
2023-03-27,10132.07775096781,8,0,0.5,0,0.5,0.5,0.008243193359238843,0.008209403803091635
2023-03-28,10285.668254022747,8,0,0.5,0,0.5,0.5,0.015158835811368121,0.015045088734811595
2023-03-29,10296.164327275703,8,0,0.5,0,0.5,0.5,0.0010204561331104145,0.001019935821690515
2023-03-30,10393.58332775882,8,0,0.5,0,0.5,0.5,0.009461678872494605,0.009417197547507552
2023-03-31,10376.294747540876,8,0,0.5,0,0.5,0.5,-0.0016633897735510716,-0.001664774742362166
2023-04-01,10277.15720089427,8,0,0.5,0,0.5,0.5,-0.009554233862728467,-0.009600168368563063
2023-04-02,10278.83275298325,8,0,0.5,0,0.5,0.5,0.0001630365339584383,0.00016302324494711233
2023-04-03,10328.003349550274,8,0,0.5,0,0.5,0.5,0.004783675126220244,0.004772269711101122
2023-04-04,10438.382866545375,8,0,0.5,0,0.5,0.5,0.010687401355258697,0.010630694754396828
2023-04-05,10378.805629819497,8,0,0.5,0,0.5,0.5,-0.005707515952190323,-0.005723866063389806
2023-04-06,10320.302036309376,8,0,0.5,0,0.5,0.5,-0.005636832945597581,-0.005652779843326185
2023-04-07,10312.247447279218,8,0,0.5,0,0.5,0.5,-0.0007804605913489526,-0.0007807653092734806
2023-04-08,10329.266151838321,8,0,0.5,0,0.5,0.5,0.0016503390406514828,0.0016489787276230815
2023-04-09,10420.935622284713,8,0,0.5,0,0.5,0.5,0.008874732154140252,0.008835583172724908
2023-04-10,10410.67990097587,8,0,0.5,0,0.5,0.5,-0.0009841459232231564,-0.0009846305127862386
2023-04-11,10373.153897904484,8,0,0.5,0,0.5,0.5,-0.0036045679464095093,-0.0036110800550513823
2023-04-12,10468.791261209846,8,0,0.5,0,0.5,0.5,0.009219699644549051,0.009177457654248815
2023-04-13,10544.571338987078,8,0,0.5,0,0.5,0.5,0.007238665466377192,0.007212592076267468
2023-04-14,10538.869125269388,8,0,0.5,0,0.5,0.5,-0.0005407724538414316,-0.0005409187239998071
2023-04-15,10581.472463945855,8,0,0.5,0,0.5,0.5,0.004042496227068204,0.0040343472931693184
2023-04-16,10430.864288155693,8,0,0.5,0,0.5,0.5,-0.01423319640090992,-0.014335459857806192
2023-04-17,10570.305036950225,8,0,0.5,0,0.5,0.5,0.013368091554298855,0.013279527037711862
2023-04-18,10219.11287429662,8,0,0.5,0,0.5,0.5,-0.03322441135104015,-0.033788880110643446
2023-04-19,10116.083299513899,8,0,0.5,0,0.5,0.5,-0.010082046851822457,-0.010133214895775858
2023-04-20,9967.975966072625,8,0,0.5,0,0.5,0.5,-0.014640778358200213,-0.014749012271888285
2023-04-21,10039.979802430047,8,0,0.5,0,0.5,0.5,0.007223516248684447,0.007197551617498336
2023-04-22,9947.164662910995,8,0,0.5,0,0.5,0.5,-0.009244554406034555,-0.00928755049069958
2023-04-23,9923.79085746241,8,0,0.5,0,0.5,0.5,-0.0023497957700182592,-0.0023525608725654358
2023-04-24,9978.11048142026,8,0,0.5,0,0.5,0.5,0.005473676817463691,0.005458750690935461
2023-04-25,9997.433024307398,9,0,0.5,0,0.5,0.5,0.0019364931790559758,0.0019346205932497511
2023-04-26,10130.732316700614,9,0,0.5,0,0.5,0.5,0.01333335187833895,0.013245245051012856
2023-04-27,10149.411946433362,9,0,0.5,0,0.5,0.5,0.001843857793177861,0.001842159974101387
2023-04-28,10141.569055934648,9,0,0.5,0,0.5,0.5,-0.0007727433412011431,-0.0007730420612360209
2023-04-29,10063.93098478483,9,0,0.5,0,0.5,0.5,-0.007655429916378131,-0.00768488313430007
2023-04-30,9985.316494677487,9,0,0.5,0,0.5,0.5,-0.007811509262752092,-0.007842178923195832
2023-05-01,10095.13561796025,9,0,0.5,0,0.5,0.5,0.010998061337494924,0.010938022467252428
2023-05-02,10140.206035298906,9,0,0.5,0,0.5,0.5,0.0044645677922812155,0.00445463117365637
2023-05-03,10082.64470805656,9,0,0.5,0,0.5,0.5,-0.005676544149297524,-0.00569271695885544
2023-05-04,10201.746421736392,9,0,0.5,0,0.5,0.5,0.011812546918832156,0.01174332339066031
2023-05-05,10055.386637801832,9,0,0.5,0,0.5,0.5,-0.014346542041342891,-0.014450448673502245
2023-05-06,9998.638166908278,9,0,0.5,0,0.5,0.5,-0.005643589146559047,-0.005659574366834221
2023-05-07,9783.256388717187,9,0,0.5,0,0.5,0.5,-0.021541111358937215,-0.02177650770308491
2023-05-08,9850.202370672256,9,0,0.5,0,0.5,0.5,0.006842913984373977,0.006819607510861378
2023-05-09,9833.56929128529,9,0,0.5,0,0.5,0.5,-0.0016886028084548421,-0.0016900301051616564
2023-05-10,9671.068550526385,9,0,0.5,0,0.5,0.5,-0.016525102528429536,-0.016663165147725173
2023-05-11,9680.758796035883,9,0,0.5,0,0.5,0.5,0.0010019829203848918,0.0010014812705669215
2023-05-12,9640.03184036202,9,0,0.5,0,0.5,0.5,-0.004207000353168566,-0.004215874677423347
2023-05-13,9662.086928450086,9,0,0.5,0,0.5,0.5,0.0022878646516211187,0.0022852514742608154
2023-05-14,9690.773255279057,9,0,0.5,0,0.5,0.5,0.0029689576425258046,0.002964558991905191
2023-05-15,9708.318146166464,9,0,0.5,0,0.5,0.5,0.0018104737800825887,0.0018088368478791624
2023-05-16,9763.898993741323,9,0,0.5,0,0.5,0.5,0.005725074800603469,0.005708748841786406
2023-05-17,9702.97891366446,9,0,0.5,0,0.5,0.5,-0.006239318956076101,-0.006258864851056323
2023-05-18,9718.085912760891,9,0,0.5,0,0.5,0.5,0.0015569444426140056,0.0015557336611986543
2023-05-19,9729.816030830965,9,0,0.5,0,0.5,0.5,0.0012070399639780849,0.0012063120769077419
2023-05-20,9648.418764547447,9,0,0.5,0,0.5,0.5,-0.008365755942927877,-0.00840094527351071
2023-05-21,9661.31316797365,9,0,0.5,0,0.5,0.5,0.0013364265939186382,0.0013355343707368965
2023-05-22,9694.878641982652,9,0,0.5,0,0.5,0.5,0.0034742144701682687,0.0034681933288699548
2023-05-23,9532.284949248155,9,0,0.5,0,0.5,0.5,-0.01677109108208974,-0.01691331827616657
2023-05-24,9519.43808543397,9,0,0.5,0,0.5,0.5,-0.0013477213367606433,-0.0013486303299662398
2023-05-25,9578.922079454618,9,0,0.5,0,0.5,0.5,0.006248687526175134,0.006229245427971914
2023-05-26,9596.983524301517,9,0,0.5,0,0.5,0.5,0.0018855404289839228,0.001883765029004567
2023-05-27,9729.78760186882,9,0,0.5,0,0.5,0.5,0.01383810623734183,0.013743233879154068
2023-05-28,9663.019517866465,9,0,0.5,0,0.5,0.5,-0.006862234483878238,-0.006885887887175035
2023-05-29,9672.789234220561,9,0,0.5,0,0.5,0.5,0.0010110417697111185,0.0010105310112175257
2023-05-30,9614.22482612088,9,0,0.5,0,0.5,0.5,-0.0060545522787254225,-0.006072955399745608
2023-05-31,9569.117946844093,9,0,0.5,0,0.5,0.5,-0.004691681346397969,-0.004702721829145773
2023-06-01,9653.701958766982,9,0,0.5,0,0.5,0.5,0.00883926944915392,0.008800431803440851
2023-06-02,9655.180515586047,9,0,0.5,0,0.5,0.5,0.00015315956773687134,0.00015314784000773732
2023-06-03,9657.58666398981,9,0,0.5,0,0.5,0.5,0.00024920801841865625,0.00024917697125846123
2023-06-04,9405.776110195298,9,0,0.5,0,0.5,0.5,-0.02607385908670501,-0.026419808899395728
2023-06-05,9530.840385598382,9,0,0.5,0,0.5,0.5,0.013296539694105824,0.013208916578418767
2023-06-06,9353.244857973834,9,0,0.5,0,0.5,0.5,-0.018633774194026342,-0.0188095702185261
2023-06-07,9362.555434128599,9,0,0.5,0,0.5,0.5,0.0009954380855139444,0.000994942965569823
2023-06-08,9333.062967743615,9,0,0.5,0,0.5,0.5,-0.0031500445142867983,-0.0031550163482520796
2023-06-09,8951.795880212927,9,0,0.5,0,0.5,0.5,-0.04085122846041023,-0.0417090841808953
2023-06-10,8955.57996127067,9,0,0.5,0,0.5,0.5,0.0004227175315858478,0.0004226282117005939
2023-06-11,8927.63424569505,9,0,0.5,0,0.5,0.5,-0.003120480828318728,-0.0031253596808395487
2023-06-12,8914.742827299478,9,0,0.5,0,0.5,0.5,-0.0014439904280114657,-0.001445033986903239
2023-06-13,8760.8274881395,9,0,0.5,0,0.5,0.5,-0.017265258475953615,-0.017416041105411527
2023-06-14,8786.209925248826,9,0,0.5,0,0.5,0.5,0.0028972648010350266,0.002893075818482021
2023-06-15,8874.016831187375,9,0,0.5,0,0.5,0.5,0.009993718188569423,0.009944111218548397
2023-06-16,8915.092729483065,9,0,0.5,0,0.5,0.5,0.0046287830051585654,0.0046181031329636515
2023-06-17,8907.330635578737,9,0,0.5,0,0.5,0.5,-0.0008706688914921212,-0.0008710481438028661
2023-06-18,8975.269865396138,9,0,0.5,0,0.5,0.5,0.007627338941032402,0.007598397860499325
2023-06-19,9101.494664089894,9,0,0.5,0,0.5,0.5,0.014063621549744276,0.013965646346426998
2023-06-20,9373.862592868627,9,0,0.5,0,0.5,0.5,0.029925626375782555,0.02948659223231158
2023-06-21,9336.404767596125,9,0,0.5,0,0.5,0.5,-0.003995986169137877,-0.0040039914549942655
2023-06-22,9662.235923905688,9,0,0.5,0,0.5,0.5,0.0348989963931754,0.03430383392939369
2023-06-23,9741.690295462264,9,0,0.5,0,0.5,0.5,0.008223186867130305,0.008189560683161267
2023-06-24,9683.179143071184,9,0,0.5,0,0.5,0.5,-0.006006262836987797,-0.00602437298624493
2023-06-25,9690.33314768529,9,0,0.5,0,0.5,0.5,0.000738807421447607,0.0007385346375928362
2023-06-26,9807.211746883962,9,0,0.5,0,0.5,0.5,0.012061360266709675,0.011989201701801788
2023-06-27,9630.161717275392,9,0,0.5,0,0.5,0.5,-0.01805304445117384,-0.01821798883935134
2023-06-28,9664.983755064986,9,0,0.5,0,0.5,0.5,0.0036159348941282587,0.003609413118365115
2023-06-29,9810.711935300784,9,0,0.5,0,0.5,0.5,0.015077953975807468,0.014965411491240494
2023-06-30,9825.456918955975,9,0,0.5,0,0.5,0.5,0.0015029473653320746,0.0015018190703111364
2023-07-01,9829.22779089388,9,0,0.5,0,0.5,0.5,0.0003837859113329234,0.00038371228435744945
2023-07-02,9885.40844073452,9,0,0.5,0,0.5,0.5,0.005715672790968185,0.005699400309251594
2023-07-03,9825.902471164824,9,0,0.5,0,0.5,0.5,-0.00601957621948046,-0.00603776690529521
2023-07-04,9769.159437280434,9,0,0.5,0,0.5,0.5,-0.005774841959902188,-0.005791580833741956
2023-07-05,9628.020438296671,9,0,0.5,0,0.5,0.5,-0.01444740459912619,-0.014552784558377824
2023-07-06,9639.049001362466,9,0,0.5,0,0.5,0.5,0.0011454652736222481,0.0011448097288304844
2023-07-07,9652.27452548324,9,0,0.5,0,0.5,0.5,0.0013720776934431633,0.001371137254982876
2023-07-08,9629.388714913403,9,0,0.5,0,0.5,0.5,-0.002371027731278952,-0.002373843068572464
2023-07-09,9672.391167643576,9,0,0.5,0,0.5,0.5,0.004465751046436983,0.004455809167880133
2023-07-10,9721.683615999953,9,0,0.5,0,0.5,0.5,0.005096200877531931,0.005083259196156216
2023-07-11,9690.4772183517,9,0,0.5,0,0.5,0.5,-0.0032099787321707707,-0.003215141765680381
2023-07-12,9932.422394216714,9,0,0.5,0,0.5,0.5,0.024967312797229635,0.024660722127953803
2023-07-13,9897.624946173773,9,0,0.5,0,0.5,0.5,-0.003503420078389108,-0.0035095714258838603
2023-07-14,9904.247713657804,9,0,0.5,0,0.5,0.5,0.0006691269390430854,0.0006689031734256467
2023-07-15,9821.674898908945,9,0,0.5,0,0.5,0.5,-0.00833711122097569,-0.00837205931237062
2023-07-16,9823.995209842567,9,0,0.5,0,0.5,0.5,0.00023624391537135914,0.00023621601417182339
2023-07-17,9687.082657572475,9,0,0.5,0,0.5,0.5,-0.013936545096532749,-0.014034570564383392
2023-07-18,9661.92966770633,9,0,0.5,0,0.5,0.5,-0.002596549524276237,-0.0025999264057521704
2023-07-19,9629.555881330947,9,0,0.5,0,0.5,0.5,-0.0033506543194562477,-0.003356280332372129
2023-07-20,9711.872843845695,9,0,0.5,0,0.5,0.5,0.008548365420915971,0.008512035041979631
2023-07-21,9651.479219794996,9,0,0.5,0,0.5,0.5,-0.006218535294041705,-0.006237950917654109
2023-07-22,9780.937818702172,9,0,0.5,0,0.5,0.5,0.013413342759072577,0.013324180303244237
2023-07-23,9564.17974538536,9,0,0.5,0,0.5,0.5,-0.022161277101910293,-0.022410527557824425
2023-07-24,9584.117978350856,9,0,0.5,0,0.5,0.5,0.002084677776483357,0.002082507850974478
2023-07-25,9633.394533330298,9,0,0.5,0,0.5,0.5,0.005141480425298495,0.005128308145537042
2023-07-26,9627.197633297255,9,0,0.5,0,0.5,0.5,-0.0006432727333653965,-0.0006434797220416832
2023-07-27,9693.902696596379,9,0,0.5,0,0.5,0.5,0.006928814161704988,0.006904920236412642
2023-07-28,9724.076737430812,9,0,0.5,0,0.5,0.5,0.003112682453995319,0.0031078480872667436
2023-07-29,9609.204875904908,9,0,0.5,0,0.5,0.5,-0.011813138113537125,-0.011883467653338527
2023-07-30,9571.09331864153,9,0,0.5,0,0.5,0.5,-0.003966150972485094,-0.003974037007630295
2023-07-31,9599.718368381928,9,0,0.5,0,0.5,0.5,0.002990781594893077,0.0029863181049534226
2023-08-01,9496.346606762536,9,0,0.5,0,0.5,0.5,-0.010768207738245938,-0.010826604484417537
2023-08-02,9439.746761318107,9,0,0.5,0,0.5,0.5,-0.0059601705569721775,-0.005978003266137471
2023-08-03,9627.67903179624,9,0,0.5,0,0.5,0.5,0.019908613570889022,0.01971302874400522
2023-08-04,9651.8027142414,9,0,0.5,0,0.5,0.5,0.002505659190079834,0.002502525260040178
2023-08-05,9633.61733850419,9,0,0.5,0,0.5,0.5,-0.0018841429187500536,-0.0018859201487402535
2023-08-06,9734.52788734487,9,0,0.5,0,0.5,0.5,0.010474834664374155,0.010420353706182033
2023-08-07,9737.795737038636,9,0,0.5,0,0.5,0.5,0.00033569678279055104,0.0003356404492325399
2023-08-08,9704.53037978821,9,0,0.5,0,0.5,0.5,-0.0034161075205035862,-0.00342195573835852
2023-08-09,9673.678029827712,9,0,0.5,0,0.5,0.5,-0.003179169805553328,-0.0031842341022341298
2023-08-10,9643.854283570498,9,0,0.5,0,0.5,0.5,-0.003082979003979247,-0.0030877411740477282
2023-08-11,9669.095110707496,9,0,0.5,0,0.5,0.5,0.0026172966113766627,0.0026138774552650922
2023-08-12,9650.47225005944,9,0,0.5,0,0.5,0.5,-0.0019260189743540712,-0.0019278761338983326
2023-08-13,9672.934827960149,9,0,0.5,0,0.5,0.5,0.0023276143714698883,0.002324909673321865
2023-08-14,9501.691030096956,9,0,0.5,0,0.5,0.5,-0.01770339621933603,-0.01786197572288203
2023-08-15,9325.427608010843,9,0,0.5,0,0.5,0.5,-0.01855074233921017,-0.018724965368436933
2023-08-16,9028.382302310907,9,0,0.5,0,0.5,0.5,-0.03185326380580811,-0.03237161621623399
2023-08-17,9068.544543935583,9,0,0.5,0,0.5,0.5,0.0044484427309192665,0.004438577654884947
2023-08-18,9114.574323930112,9,0,0.5,0,0.5,0.5,0.005075762684025209,0.005062924424924789
2023-08-19,9117.46988039557,9,0,0.5,0,0.5,0.5,0.0003176842233714172,0.00031763377242322504
2023-08-20,9048.73430724475,9,0,0.5,0,0.5,0.5,-0.007538886780269705,-0.007567447823405152
2023-08-21,8981.102289617906,9,0,0.5,0,0.5,0.5,-0.007474196426863311,-0.007502268196393992
2023-08-22,9069.745031190883,9,0,0.5,0,0.5,0.5,0.00986991782461355,0.009821528325422744
2023-08-23,8977.000349456244,9,0,0.5,0,0.5,0.5,-0.010225720945372774,-0.010278362804592666
2023-08-24,8952.702914070353,9,0,0.5,0,0.5,0.5,-0.002706631885935451,-0.002710301436929889
2023-08-25,8906.874769820994,9,0,0.5,0,0.5,0.5,-0.005118917123602351,-0.005132063663082573
2023-08-26,8937.823126724754,9,0,0.5,0,0.5,0.5,0.00347465948534742,0.003468636803225407
2023-08-27,8975.62286291357,9,0,0.5,0,0.5,0.5,0.004229188209799339,0.004220270328100992
2023-08-28,9097.388707690894,9,0,0.5,0,0.5,0.5,0.013566283547902902,0.013475085410661827
2023-08-29,9031.224781792467,9,0,0.5,0,0.5,0.5,-0.00727284806930284,-0.0072994241631511286
2023-08-30,8890.31243068833,9,0,0.5,0,0.5,0.5,-0.015602795247464774,-0.015725800013624506
2023-08-31,8810.65597974327,9,0,0.5,0,0.5,0.5,-0.008959915814667596,-0.009000297250850067
2023-09-01,8832.10017527804,9,0,0.5,0,0.5,0.5,0.0024338931838983058,0.002430936063121794
2023-09-02,8853.009935002288,9,0,0.5,0,0.5,0.5,0.002367473116165142,0.0023646750670211717
2023-09-03,8851.190515248882,9,0,0.5,0,0.5,0.5,-0.00020551425636761156,-0.000205535377316217
2023-09-04,8869.154446939481,9,0,0.5,0,0.5,0.5,0.002029549771824568,0.0020274930180723305
2023-09-05,8853.88360024931,9,0,0.5,0,0.5,0.5,-0.0017217928475065092,-0.001723276836470396
2023-09-06,8908.465450755746,9,0,0.5,0,0.5,0.5,0.006164735495833629,0.006145811249457902
2023-09-07,8857.511560559933,9,0,0.5,0,0.5,0.5,-0.0057197157554773614,-0.0057361359722226295
2023-09-08,8849.93374895878,9,0,0.5,0,0.5,0.5,-0.0008555237607473787,-0.000855889930059241
2023-09-09,8761.268268403337,9,0,0.5,0,0.5,0.5,-0.010018773368317468,-0.01006929903160184
2023-09-10,8590.628116991986,9,0,0.5,0,0.5,0.5,-0.019476649519653222,-0.019668818758987627
2023-09-11,8607.69769563084,9,0,0.5,0,0.5,0.5,0.001987000066397071,0.001985028592878511
2023-09-12,8658.22397763464,9,0,0.5,0,0.5,0.5,0.005869895039348982,0.005852734327102304
2023-09-13,8744.314088799363,9,0,0.5,0,0.5,0.5,0.009943160558921305,0.00989405259524129
2023-09-14,8806.046767609998,9,0,0.5,0,0.5,0.5,0.007059750848806834,0.007034947476448776
2023-09-15,8870.16885560476,9,0,0.5,0,0.5,0.5,0.007281597484879665,0.007255214649292449
2023-09-16,8764.982946115364,9,0,0.5,0,0.5,0.5,-0.011858388628411709,-0.011929260157464013
2023-09-17,8808.696707841074,9,0,0.5,0,0.5,0.5,0.004987318514416916,0.004974923037811467
2023-09-18,8868.629619716225,9,0,0.5,0,0.5,0.5,0.00680383419510866,0.006780792570449852
2023-09-19,8858.353007923912,10,0,0.5,0,0.5,0.5,-0.001158759834717471,-0.0011594317159775774
2023-09-20,8776.725193216475,10,0,0.5,0,0.5,0.5,-0.009214784580657387,-0.009257503340050464
2023-09-21,8826.117728428588,10,0,0.5,0,0.5,0.5,0.005627672523037308,0.0056118963351617914
2023-09-22,8822.874002550841,10,0,0.5,0,0.5,0.5,-0.0003675144585142398,-0.00036758200850375383
2023-09-23,8770.972494502312,10,0,0.5,0,0.5,0.5,-0.005882607870578704,-0.005899978565081407
2023-09-24,8776.304988691381,10,0,0.5,0,0.5,0.5,0.0006079706888160175,0.000607785949510384
2023-09-25,8760.306719247195,10,0,0.5,0,0.5,0.5,-0.0018228935143890235,-0.0018245570066583296
2023-09-26,8744.480509524903,10,0,0.5,0,0.5,0.5,-0.0018065816905155074,-0.0018082155272873563
2023-09-27,8842.27922929826,10,0,0.5,0,0.5,0.5,0.011184051432995945,0.011121972364594421
2023-09-28,8868.345848369045,10,0,0.5,0,0.5,0.5,0.002947952489943395,0.002943615798817707
2023-09-29,8901.915802246971,10,0,0.5,0,0.5,0.5,0.0037853681455262134,0.003778221668547629
2023-09-30,9014.27460433595,10,0,0.5,0,0.5,0.5,0.012621867537841336,0.012542875755849541
2023-10-01,8892.183839621906,10,0,0.5,0,0.5,0.5,-0.01354415857880742,-0.013636717399010293
2023-10-02,8849.659906060542,10,0,0.5,0,0.5,0.5,-0.0047821698615682084,-0.004793641021830065
2023-10-03,8830.77490556798,10,0,0.5,0,0.5,0.5,-0.0021339803668194435,-0.002136260547407027
2023-10-04,8789.581842728589,10,0,0.5,0,0.5,0.5,-0.004664716661888613,-0.004675630405563945
2023-10-05,8821.125681110041,10,0,0.5,0,0.5,0.5,0.0035887757740771242,0.0035823514839354604
2023-10-06,8814.831385932352,10,0,0.5,0,0.5,0.5,-0.0007135478401774087,-0.0007138025366034499
2023-10-07,8765.43721683557,10,0,0.5,0,0.5,0.5,-0.005603529657482786,-0.005619288326813412
2023-10-08,8635.635143881795,10,0,0.5,0,0.5,0.5,-0.014808396859481987,-0.014919135771955389
2023-10-09,8599.73341883618,10,0,0.5,0,0.5,0.5,-0.0041573925307683,-0.004166058514031532
2023-10-10,8560.508496297802,10,0,0.5,0,0.5,0.5,-0.004561178891018147,-0.004571612806849424
2023-10-11,8520.99898748435,10,0,0.5,0,0.5,0.5,-0.0046153226564213945,-0.004626006142530545
2023-10-12,8560.003281621648,10,0,0.5,0,0.5,0.5,0.004577432082152333,0.004566987500698716
2023-10-13,8558.68210990999,10,0,0.5,0,0.5,0.5,-0.000154342430509824,-0.00015435434252845422
2023-10-14,8584.696354671563,10,0,0.5,0,0.5,0.5,0.0030395152463311703,0.003034905258920557
2023-10-15,8641.125077844337,10,0,0.5,0,0.5,0.5,0.0065731763642480345,0.006551667244532237
2023-10-16,8539.001389342746,10,0,0.5,0,0.5,0.5,-0.011818332402505627,-0.011888724050504364
2023-10-17,8495.431012863442,10,0,0.5,0,0.5,0.5,-0.005102514274524239,-0.0051155765530721264
2023-10-18,8526.398024711152,10,0,0.5,0,0.5,0.5,0.003645137227389794,0.0036385098150222483
2023-10-19,8606.857957687927,10,0,0.5,0,0.5,0.5,0.009436567791415218,0.009392321523049979
2023-10-20,8703.389864084946,10,0,0.5,0,0.5,0.5,0.011215696468046543,0.011153266904742604
2023-10-21,8774.248949731866,10,0,0.5,0,0.5,0.5,0.00814155021818852,0.00810858659401468
2023-10-22,9008.776787324588,10,0,0.5,0,0.5,0.5,0.026729106837103167,0.026378124815840436
2023-10-23,9037.207490904251,10,0,0.5,0,0.5,0.5,0.0031558894454644104,0.0031509200788046106
2023-10-24,9057.799411858974,10,0,0.5,0,0.5,0.5,0.002278571226282944,0.0022759792195009764
2023-10-25,9066.138334060095,10,0,0.5,0,0.5,0.5,0.000920634452359792,0.000920210928382933
2023-10-26,9025.465506186047,10,0,0.5,0,0.5,0.5,-0.004486235084373957,-0.00449632843573416
2023-10-27,9105.21605529679,10,0,0.5,0,0.5,0.5,0.008836170173835756,0.008797359678700368
2023-10-28,9139.226284581113,10,0,0.5,0,0.5,0.5,0.0037352468165252617,0.003728288105088493
2023-10-29,9187.918713077243,10,0,0.5,0,0.5,0.5,0.005327850189931205,0.0053137074076183176
2023-10-30,9224.529417418955,10,0,0.5,0,0.5,0.5,0.003984656970202005,0.003976739250578758
2023-10-31,9299.925780226713,7,0,0.5,0,0.5,0.5,0.008173464400838215,0.008140242543031546
2023-11-01,9241.5642591251,7,0,0.5,0,0.5,0.5,-0.006275482458763304,-0.006295256068175261
2023-11-02,9260.606493482575,7,0,0.5,0,0.5,0.5,0.002060499047947806,0.0020583791313424646
2023-11-03,9348.014778705905,7,0,0.5,0,0.5,0.5,0.00943872145791369,0.00939445505404116
2023-11-04,9448.881780991976,7,0,0.5,0,0.5,0.5,0.010790205693281374,0.010732406826549242
2023-11-05,9619.702389626456,7,0,0.5,0,0.5,0.5,0.01807839409930123,0.01791692311946215
2023-11-06,9590.154905900603,7,0,0.5,0,0.5,0.5,-0.0030715590284493555,-0.0030762859477046125
2023-11-07,9646.382132314202,7,0,0.5,0,0.5,0.5,0.005863015453379639,0.005845894864534
2023-11-08,9783.213139876196,7,0,0.5,0,0.5,0.5,0.014184696986409673,0.014085035511651694
2023-11-09,9861.658487173228,7,0,0.5,0,0.5,0.5,0.008018362288080061,0.00798638603889242
2023-11-10,9881.444490386304,7,0,0.5,0,0.5,0.5,0.002006356561506495,0.0020043465163097508
2023-11-11,9912.791918105724,7,0,0.5,0,0.5,0.5,0.003172352761776631,0.0031673314674959033
2023-11-12,9782.944985587746,7,0,0.5,0,0.5,0.5,-0.013098926477091877,-0.013185474032036284
2023-11-13,9645.00862895907,7,0,0.5,0,0.5,0.5,-0.014099676205057254,-0.01420002097544957
2023-11-14,9859.245362542135,7,0,0.5,0,0.5,0.5,0.02221218682374415,0.021969089432944258
2023-11-15,9656.189635421302,7,0,0.5,0,0.5,0.5,-0.020595463410647552,-0.020810507715915437
2023-11-16,9674.500037312931,7,0,0.5,0,0.5,0.5,0.0018962347036415306,0.0018944391201560363
2023-11-17,9637.195742915907,7,0,0.5,0,0.5,0.5,-0.003855940281476955,-0.00386339358503563
2023-11-18,9721.267631737488,7,0,0.5,0,0.5,0.5,0.00872368799641543,0.008685856491242152
2023-11-19,9669.069624965641,7,0,0.5,0,0.5,0.5,-0.005369465048100652,-0.005383932436883765
2023-11-20,9333.127999738388,7,0,0.5,0,0.5,0.5,-0.03474394520439161,-0.03536187108294202
2023-11-21,9551.513273431523,7,0,0.5,0,0.5,0.5,0.02339893695867623,0.02312937865338841
2023-11-22,9559.353310333405,7,0,0.5,0,0.5,0.5,0.0008208162075939995,0.0008204795221959661
2023-11-23,9623.960918918683,7,0,0.5,0,0.5,0.5,0.006758575239126152,0.006735838457502495
2023-11-24,9684.246523968657,7,0,0.5,0,0.5,0.5,0.006264115737571796,0.006244577714426882
2023-11-25,9631.72995351113,7,0,0.5,0,0.5,0.5,-0.005422886574350083,-0.005437643799099617
2023-11-26,9533.46331512971,7,0,0.5,0,0.5,0.5,-0.010202387198947505,-0.010254788266560127
2023-11-27,9578.284447721167,7,0,0.5,0,0.5,0.5,0.004701453302948799,0.004690435989463578
2023-11-28,9574.718747744942,7,0,0.5,0,0.5,0.5,-0.0003722691673740952,-0.00037233847674227814
2023-11-29,9579.600527059567,7,0,0.5,0,0.5,0.5,0.0005098613800822438,0.0005097314449328611
2023-11-30,9667.878736377083,7,0,0.5,0,0.5,0.5,0.009215228658873142,0.009173027503330178
2023-12-01,9780.658249802123,7,0,0.5,0,0.5,0.5,0.011665383534517071,0.011597867507638564
2023-12-02,9793.872021177709,7,0,0.5,0,0.5,0.5,0.0013510104369358622,0.0013500986434714412
2023-12-03,9953.197007283055,7,0,0.5,0,0.5,0.5,0.016267823978180607,0.016136920695996777
2023-12-04,10041.483899918438,7,0,0.5,0,0.5,0.5,0.008870204475082799,0.008831095312068918
2023-12-05,9978.653273411364,7,0,0.5,0,0.5,0.5,-0.006257105735894664,-0.006276763465217337
2023-12-06,10085.08465753165,7,0,0.5,0,0.5,0.5,0.010665906631296407,0.010609427097843991
2023-12-07,10255.136414910741,7,0,0.5,0,0.5,0.5,0.016861708468862036,0.01672112794702973
2023-12-08,10274.082770985922,7,0,0.5,0,0.5,0.5,0.0018474991758894443,0.0018457946483728732
2023-12-09,10270.394990138153,7,0,0.5,0,0.5,0.5,-0.0003589401535856185,-0.0003590045880217454
2023-12-10,9890.930320338479,7,0,0.5,0,0.5,0.5,-0.03694742706235188,-0.03764727580016262
2023-12-11,9912.129836140162,7,0,0.5,0,0.5,0.5,0.002143328798716926,0.002141035146329993
2023-12-12,10006.978951443272,7,0,0.5,0,0.5,0.5,0.0095689944412638,0.00952350159755363
2023-12-13,10065.097818089876,7,0,0.5,0,0.5,0.5,0.005807833405927276,0.005791032959568291
2023-12-14,9863.69767834784,7,0,0.5,0,0.5,0.5,-0.020009754836168847,-0.02021266128151799
2023-12-15,9946.093402929819,7,0,0.5,0,0.5,0.5,0.008353431671253242,0.008318734852004347
2023-12-16,9835.453239440963,7,0,0.5,0,0.5,0.5,-0.01112398195016584,-0.011186316138050883
2023-12-17,9855.836898461972,7,0,0.5,0,0.5,0.5,0.0020724676865189195,0.0020703230879261015
2023-12-18,9783.378456486646,7,0,0.5,0,0.5,0.5,-0.00735183046572474,-0.007378988360015716
2023-12-19,9867.268101369984,7,0,0.5,0,0.5,0.5,0.008574711205996177,0.008538157181364164
2023-12-20,9958.337219938046,7,0,0.5,0,0.5,0.5,0.00922941564295976,0.009187084846073662
2023-12-21,10107.014947474587,7,0,0.5,0,0.5,0.5,0.014929975180883126,0.014819620144259967
2023-12-22,10058.427307218826,7,0,0.5,0,0.5,0.5,-0.004807318531561244,-0.004818910854206575
2023-12-23,10005.676604379738,7,0,0.5,0,0.5,0.5,-0.005244428500390863,-0.005258228786427028
2023-12-24,10112.933758927136,7,0,0.5,0,0.5,0.5,0.010719630344683484,0.010662582433545164
2023-12-25,10042.710831040564,7,0,0.5,0,0.5,0.5,-0.0069438730204856025,-0.006968093896328312
2023-12-26,10325.554655640446,7,0,0.5,0,0.5,0.5,0.028164091285557413,0.027774776167868016
2023-12-27,10250.937741423257,7,0,0.5,0,0.5,0.5,-0.007226431577351589,-0.007252668711003575
2023-12-28,10071.003516069015,7,0,0.5,0,0.5,0.5,-0.017552952704721014,-0.017708832573823722
2023-12-29,10125.153771841524,7,0,0.5,0,0.5,0.5,0.005376848065449247,0.005362444425610322
2023-12-30,10038.729640407942,7,0,0.5,0,0.5,0.5,-0.008535587051915261,-0.008572223801487776
2023-12-31,10207.957939531409,7,0,0.5,0,0.5,0.5,0.01685754126122574,0.01671702983207423
2024-01-01,10150.307761011725,7,0,0.5,0,0.5,0.5,-0.005647572106114107,-0.0056635799401765444
2024-01-02,9797.851759689287,7,0,0.5,0,0.5,0.5,-0.034723676327948816,-0.035340872858131485
2024-01-03,9966.47055386903,7,0,0.5,0,0.5,0.5,0.01720977192913664,0.017063361213683372
2024-01-04,9879.221261319062,7,0,0.5,0,0.5,0.5,-0.008754281877258685,-0.008792825716818902
2024-01-05,9849.205244479006,7,0,0.5,0,0.5,0.5,-0.0030382978623608725,-0.003042922859766676
2024-01-06,9687.311846759409,7,0,0.5,0,0.5,0.5,-0.016437204190698274,-0.016573793868171136
2024-01-07,9905.599821729587,7,0,0.5,0,0.5,0.5,0.022533389904568768,0.022283263565043957
2024-01-08,9835.895363018079,7,0,0.5,0,0.5,0.5,-0.007036874087988143,-0.007061749652620821
2024-01-09,10182.608074621805,7,0,0.5,0,0.5,0.5,0.035249735667922,0.03464268811186922
2024-01-10,10327.78805745585,7,0,0.5,0,0.5,0.5,0.014257642223889366,0.014156957928277583
2024-01-11,10139.365956175361,7,0,0.5,0,0.5,0.5,-0.01824418745158718,-0.018412664942193752
2024-01-12,10178.309474515352,7,0,0.5,0,0.5,0.5,0.003840823825504769,0.003833466693955686
2024-01-13,9993.171229858872,7,0,0.5,0,0.5,0.5,-0.018189488649370755,-0.018356951211962368
2024-01-14,10030.681421692827,7,0,0.5,0,0.5,0.5,0.003753582418549728,0.003746555307135104
2024-01-15,10096.157637672848,7,0,0.5,0,0.5,0.5,0.00652759401155123,0.006506381530696774
2024-01-16,10051.265471257057,7,0,0.5,0,0.5,0.5,-0.004446460527545715,-0.004456375434903022
2024-01-17,9874.148585752308,7,0,0.5,0,0.5,0.5,-0.017621351859747225,-0.01777845621037605
2024-01-18,9946.96154020728,7,0,0.5,0,0.5,0.5,0.007374099530974787,0.007347043785454167
2024-01-19,9972.58972133125,7,0,0.5,0,0.5,0.5,0.00257648338343075,0.0025731699402521003
2024-01-20,9924.611970258906,7,0,0.5,0,0.5,0.5,-0.004810962088385051,-0.004822572018081157
2024-01-21,9658.820867801045,7,0,0.5,0,0.5,0.5,-0.026781006980863054,-0.02714615221394808
2024-01-22,9584.12637046493,7,0,0.5,0,0.5,0.5,-0.00773329357262631,-0.00776335054724858
2024-01-23,9668.608420806293,7,0,0.5,0,0.5,0.5,0.008814788857720801,0.008776165412149907
2024-01-24,9654.557593251593,7,0,0.5,0,0.5,0.5,-0.0014532419706297928,-0.0014542989508985618
2024-01-25,9890.623183046411,7,0,0.5,0,0.5,0.5,0.024451207371720907,0.02415706176640268
2024-01-26,9969.086285655058,7,0,0.5,0,0.5,0.5,0.007933079762167061,0.00790177832048712
2024-01-27,9862.269228967043,7,0,0.5,0,0.5,0.5,-0.01071482918567146,-0.010772646339419437
2024-01-28,9949.308797762847,7,0,0.5,0,0.5,0.5,0.008825511327571034,0.008786794135068802
2024-01-29,9865.542272039105,7,0,0.5,0,0.5,0.5,-0.008419331174300049,-0.008454973942856816
2024-01-30,9759.20945285181,7,0,0.5,0,0.5,0.5,-0.010778203189971913,-0.010836708791924441
2024-01-31,9803.246725793333,7,0,0.5,0,0.5,0.5,0.004512381167170787,0.004502230898405192
2024-02-01,9835.17821233943,7,0,0.5,0,0.5,0.5,0.003257235836172656,0.0032519425347658786
2024-02-02,9842.761343039612,7,0,0.5,0,0.5,0.5,0.0007710211789215826,0.0007707240947880415
2024-02-03,9752.123739436984,7,0,0.5,0,0.5,0.5,-0.009208554433428717,-0.00925121526919118
2024-02-04,9786.712878810651,7,0,0.5,0,0.5,0.5,0.0035468314695179526,0.0035405562963916754
2024-02-05,9822.053366883445,7,0,0.5,0,0.5,0.5,0.003611068242260318,0.003604563988834329
2024-02-06,9905.607198495663,8,0,0.5,0,0.5,0.5,0.008506758056714858,0.008470779487064227
2024-02-07,9947.117833986153,8,0,0.5,0,0.5,0.5,0.004190619985092292,0.004181863791226161
2024-02-08,10092.366477593261,8,0,0.5,0,0.5,0.5,0.014602083340245597,0.014496499509516899
2024-02-09,10089.339150558953,8,0,0.5,0,0.5,0.5,-0.00029996205954563315,-0.00030000705716282686
2024-02-10,10104.3183964348,8,0,0.5,0,0.5,0.5,0.001484660754517142,0.0014835597353643707
2024-02-11,10240.617039619181,8,0,0.5,0,0.5,0.5,0.013489147692779646,0.0133989791000285
2024-02-12,10161.375184679522,8,0,0.5,0,0.5,0.5,-0.007737996122019419,-0.007768089757488976
2024-02-13,10296.835078550635,8,0,0.5,0,0.5,0.5,0.013330862349748562,0.013242788276404698
2024-02-14,10372.100642071606,8,0,0.5,0,0.5,0.5,0.00730958230823342,0.007282996785575235
2024-02-15,10375.695969439828,8,0,0.5,0,0.5,0.5,0.0003466344468003868,0.0003465743829602623
2024-02-16,10353.614723145447,8,0,0.5,0,0.5,0.5,-0.002128170135229368,-0.0021304379073327773
2024-02-17,10440.624507037626,8,0,0.5,0,0.5,0.5,0.008403807386967,0.008368691995827723
2024-02-18,10537.974615243744,8,0,0.5,0,0.5,0.5,0.009324165248975058,0.009280963559011288
2024-02-19,10523.76298141799,8,0,0.5,0,0.5,0.5,-0.0013486115069204496,-0.0013495217018436806
2024-02-20,10427.665150911347,8,0,0.5,0,0.5,0.5,-0.009131508442020708,-0.009173456224863296
2024-02-21,10467.816891011975,8,0,0.5,0,0.5,0.5,0.0038505014803931203,0.003843107274423853
2024-02-22,10441.527895760451,8,0,0.5,0,0.5,0.5,-0.002511411455247803,-0.0025145703389427313
2024-02-23,10559.004524995757,8,0,0.5,0,0.5,0.5,0.01125090412132157,0.011188083453276284
2024-02-24,10587.38664294287,8,0,0.5,0,0.5,0.5,0.0026879539524702345,0.002684347864797951
2024-02-25,10736.672799929698,8,0,0.5,0,0.5,0.5,0.014100378310669903,0.014001892686399684
2024-02-26,10881.222557650442,8,0,0.5,0,0.5,0.5,0.013463179926810342,0.013373356626705487
2024-02-27,10987.342649498618,8,0,0.5,0,0.5,0.5,0.009752589039139226,0.0097053394978497
2024-02-28,11109.463824868451,8,0,0.5,0,0.5,0.5,0.011114714382317592,0.011053399855054697
2024-02-29,11428.844150001822,8,0,0.5,0,0.5,0.5,0.028748491391496378,0.028343006559947113
2024-03-01,12006.959409204945,8,0,0.5,0,0.5,0.5,0.0505838780908594,0.04934608398961762
2024-03-02,11873.144034482399,8,0,0.5,0,0.5,0.5,-0.011144817781257643,-0.011207386575822958
2024-03-03,12077.873569733894,8,0,0.5,0,0.5,0.5,0.017243076868006746,0.01709610214340585
2024-03-04,11739.574976358024,8,0,0.5,0,0.5,0.5,-0.02800978097863327,-0.02840953730754705
2024-03-05,12344.742712901309,8,0,0.5,0,0.5,0.5,0.051549373615485505,0.050264670470025474
2024-03-06,12410.211002656717,8,0,0.5,0,0.5,0.5,0.005303333676366373,0.005289320524770014
2024-03-07,12436.192720792294,8,0,0.5,0,0.5,0.5,0.0020935758570113094,0.002091387381038113
2024-03-08,12471.512628068187,8,0,0.5,0,0.5,0.5,0.0028400900556035946,0.002836064619773998
2024-03-09,12662.485889650372,8,0,0.5,0,0.5,0.5,0.015312758546415894,0.015196701528381656
2024-03-10,12990.569906590827,8,0,0.5,0,0.5,0.5,0.02590992162199468,0.025579947204246938
2024-03-11,13119.162271742804,8,0,0.5,0,0.5,0.5,0.009898900977911351,0.00985022780135284
2024-03-12,13197.166573350909,8,0,0.5,0,0.5,0.5,0.005945829466269981,0.005928222778685729
2024-03-13,12977.079294557017,8,0,0.5,0,0.5,0.5,-0.016676858443108178,-0.016817482888508324
2024-03-14,12584.802778748877,8,0,0.5,0,0.5,0.5,-0.0302284132588041,-0.030694712800304527
2024-03-15,12055.805377616298,8,0,0.5,0,0.5,0.5,-0.042034619885014224,-0.04294363933128719
2024-03-16,12321.866810803755,8,0,0.5,0,0.5,0.5,0.022069154639925204,0.021829155480458114
2024-03-17,12107.988992508353,8,0,0.5,0,0.5,0.5,-0.017357582384178505,-0.017509991427224772
2024-03-18,11627.155383831476,8,0,0.5,0,0.5,0.5,-0.03971209496262229,-0.04052213840099334
2024-03-19,12313.393589173758,9,0,0.5,0,0.5,0.5,0.05902030055404217,0.0573442359860951
2024-03-20,12366.350866136163,9,0,0.5,0,0.5,0.5,0.004300786503646403,0.004291564553010536
2024-03-21,12170.920284723532,9,0,0.5,0,0.5,0.5,-0.015803415536898235,-0.015929620925005036
2024-03-22,12226.187211264147,9,0,0.5,0,0.5,0.5,0.0045408995579392375,0.0045306207783988904
2024-03-23,12418.390641990132,9,0,0.5,0,0.5,0.5,0.015720635338293043,0.015598346128207935
2024-03-24,12693.1360406979,9,0,0.5,0,0.5,0.5,0.022124074417402717,0.021882887952232373
2024-03-25,12691.821572574274,9,0,0.5,0,0.5,0.5,-0.00010355739664424934,-0.00010356275908166578
2024-03-26,12582.763148505263,9,0,0.5,0,0.5,0.5,-0.008592811003951928,-0.00862994206423
2024-03-27,12710.272163191505,9,0,0.5,0,0.5,0.5,0.010133625911999289,0.010082624985081117
2024-03-28,12727.241548854268,9,0,0.5,0,0.5,0.5,0.0013350922344452787,0.001334201791269106
2024-03-29,12604.939064651962,9,0,0.5,0,0.5,0.5,-0.009609504442328776,-0.00965597366724773
2024-03-30,12758.271163741692,9,0,0.5,0,0.5,0.5,0.012164445881354569,0.012091053594432456
2024-03-31,12491.121374740942,9,0,0.5,0,0.5,0.5,-0.02093934088499194,-0.02116167809017848
2024-04-01,12027.780269434643,9,0,0.5,0,0.5,0.5,-0.03709363566374824,-0.03779910520716356
2024-04-02,12005.653632024783,9,0,0.5,0,0.5,0.5,-0.001839627671457289,-0.001841321864550591
2024-04-03,12155.34448453847,9,0,0.5,0,0.5,0.5,0.01246836341458235,0.012391273500101368
2024-04-04,12080.144541588197,9,0,0.5,0,0.5,0.5,-0.006186574394985378,-0.006205790542101844
2024-04-05,12165.132981958035,9,0,0.5,0,0.5,0.5,0.007035382737122786,0.0070107498988081895
2024-04-06,12291.248404687925,9,0,0.5,0,0.5,0.5,0.010366958003412696,0.010313589622565655
2024-04-07,12472.526494430304,9,0,0.5,0,0.5,0.5,0.01474854984406937,0.0146408476588047
2024-04-08,12207.62255269301,9,0,0.5,0,0.5,0.5,-0.02123899611322433,-0.021467788944129144
2024-04-09,12194.931298303693,9,0,0.5,0,0.5,0.5,-0.0010396172010181948,-0.0010401579778135822
2024-04-10,12202.008926324117,9,0,0.5,0,0.5,0.5,0.0005803745709833663,0.0005802062187971135
2024-04-11,11433.592622151358,9,0,0.5,0,0.5,0.5,-0.06297457318810906,-0.06504486070646723
2024-04-12,10771.084692987746,9,0,0.5,0,0.5,0.5,-0.057943985854461366,-0.059690543174117844
2024-04-13,11083.491300545787,9,0,0.5,0,0.5,0.5,0.029004191914062893,0.028591530618214265
2024-04-14,10884.749550955357,9,0,0.5,0,0.5,0.5,-0.017931330859676242,-0.018094045231038476
2024-04-15,10896.991642058416,9,0,0.5,0,0.5,0.5,0.0011247012203403628,0.001124069217754511
2024-04-16,10710.721373619679,9,0,0.5,0,0.5,0.5,-0.01709373325751684,-0.017241517661760533
2024-04-17,10897.533825151553,9,0,0.5,0,0.5,0.5,0.017441631148392034,0.01729127172445521
2024-04-18,10940.14531404511,9,0,0.5,0,0.5,0.5,0.003910195607304212,0.0039025706626805005
2024-04-19,11218.218902997367,9,0,0.5,0,0.5,0.5,0.025417723528339486,0.025100064720076837
2024-04-20,11136.224795583083,9,0,0.5,0,0.5,0.5,-0.007309012965719286,-0.00733585467187943
2024-04-21,11324.130394892192,9,0,0.5,0,0.5,0.5,0.016873366222244224,0.016732592324595313
2024-04-22,11259.63580544881,9,0,0.5,0,0.5,0.5,-0.005695323808040276,-0.005711604008113885
2024-04-23,11075.939949579511,9,0,0.5,0,0.5,0.5,-0.016314546850654255,-0.01644909446608206
2024-04-24,11119.696436451102,9,0,0.5,0,0.5,0.5,0.003950589030888629,0.0039428059458225485
2024-04-25,11041.61330436965,9,0,0.5,0,0.5,0.5,-0.007022056090082662,-0.007046826754725281
2024-04-26,11054.969007914304,9,0,0.5,0,0.5,0.5,0.0012095789968815662,0.0012088480455762405
2024-04-27,10975.57909695242,9,0,0.5,0,0.5,0.5,-0.007181377976279046,-0.007207288192992828
2024-04-28,10969.844373212525,9,0,0.5,0,0.5,0.5,-0.000522498511398628,-0.0005226350613126578
2024-04-29,10702.648761291552,9,0,0.5,0,0.5,0.5,-0.024357283734438684,-0.024658828988843445
2024-04-30,10701.846805980354,9,0,0.5,0,0.5,0.5,-7.493054561391599e-05,-7.493335304749155e-05
2024-05-01,10783.832145094735,9,0,0.5,0,0.5,0.5,0.007660858971422213,0.0076316636042551055
2024-05-02,11010.533881047228,9,0,0.5,0,0.5,0.5,0.021022372464839734,0.020804451248862647
2024-05-03,11010.036273179734,9,0,0.5,0,0.5,0.5,-4.519380012535379e-05,-4.519482139590886e-05
2024-05-04,11033.305560767096,9,0,0.5,0,0.5,0.5,0.002113461482778689,0.0021112312648261136
2024-05-05,10946.274095931418,9,0,0.5,0,0.5,0.5,-0.00788806802787645,-0.00791934341329639
2024-05-06,10850.253414517754,9,0,0.5,0,0.5,0.5,-0.00877199680659857,-0.008810697256955732
2024-05-07,10868.087256681201,9,0,0.5,0,0.5,0.5,0.0016436336997978085,0.0016422844122156162
2024-05-08,10974.6829466085,9,0,0.5,0,0.5,0.5,0.009808137109109882,0.009760349549555949
2024-05-09,10792.590011055596,9,0,0.5,0,0.5,0.5,-0.016592090763695055,-0.016731281290754095
2024-05-10,10757.088126379904,9,0,0.5,0,0.5,0.5,-0.003289468481553093,-0.003294890677024649
2024-05-11,10750.606454804947,9,0,0.5,0,0.5,0.5,-0.0006025488960215153,-0.0006027305015620398
2024-05-12,10748.585206849957,9,0,0.5,0,0.5,0.5,-0.00018801245897026586,-0.00018803013552827336
2024-05-13,10622.123768651809,9,0,0.5,0,0.5,0.5,-0.011765403145109321,-0.011835163210755228
2024-05-14,10920.54516042222,9,0,0.5,0,0.5,0.5,0.02809432447502802,0.027706918149613673
2024-05-15,10915.003427063908,9,0,0.5,0,0.5,0.5,-0.0005074594058175341,-0.0005075882069178736
2024-05-16,11042.077530145427,9,0,0.5,0,0.5,0.5,0.011642149627405285,0.011574901244001422
2024-05-17,11030.153171461212,9,0,0.5,0,0.5,0.5,-0.0010799017351273976,-0.00108048524913585
2024-05-18,10913.913019145166,9,0,0.5,0,0.5,0.5,-0.010538398742893196,-0.010594320900575022
2024-05-19,11379.506588536777,9,0,0.5,0,0.5,0.5,0.04266055342157005,0.0417756709110375
2024-05-20,11374.104870490419,9,0,0.5,0,0.5,0.5,-0.0004746882480650694,-0.0004748009481978585
2024-05-21,11294.264018210404,9,0,0.5,0,0.5,0.5,-0.007019528410289078,-0.0070442812031428735
2024-05-22,11240.373300359082,9,0,0.5,0,0.5,0.5,-0.004771512137880851,-0.004782932143533699
2024-05-23,11356.260122667367,9,0,0.5,0,0.5,0.5,0.010309873098661493,0.010257088846303221
2024-05-24,11366.093536927681,9,0,0.5,0,0.5,0.5,0.0008659025202044646,0.0008655278428909697
2024-05-25,11258.33063682067,9,0,0.5,0,0.5,0.5,-0.009481085102537312,-0.009526316713432905
2024-05-26,11383.869759956096,9,0,0.5,0,0.5,0.5,0.011150776006244367,0.011089064434311962
2024-05-27,11237.329765456674,9,0,0.5,0,0.5,0.5,-0.0128725993523654,-0.012956169208241095
2024-05-28,11187.864904621081,9,0,0.5,0,0.5,0.5,-0.004401834053819997,-0.0044115506497179
2024-05-29,11190.840953479672,9,0,0.5,0,0.5,0.5,0.0002660068640407687,0.00026597149048784315
2024-05-30,11166.555807112667,9,0,0.5,0,0.5,0.5,-0.0021700912798205962,-0.0021724493399901622
2024-05-31,11156.924271559346,9,0,0.5,0,0.5,0.5,-0.0008625341349376425,-0.0008629063315415164
2024-06-01,11084.195756216375,9,0,0.5,0,0.5,0.5,-0.006518688625355873,-0.006540028063373689
2024-06-02,11105.035269980594,9,0,0.5,0,0.5,0.5,0.0018801105847061628,0.0018783453889633013
2024-06-03,11236.315289943193,9,0,0.5,0,0.5,0.5,0.011821666187542768,0.011752336154579412
2024-06-04,11315.843717469666,9,0,0.5,0,0.5,0.5,0.00707780312979045,0.007052873045582265
2024-06-05,11198.504788878341,9,0,0.5,0,0.5,0.5,-0.010369437005406379,-0.010423574190594287
2024-06-06,10923.579239196368,9,0,0.5,0,0.5,0.5,-0.024550201555033735,-0.02485658262663275
2024-06-07,10757.189682898348,9,0,0.5,0,0.5,0.5,-0.015232146227399102,-0.01534934703642152
2024-06-08,10818.38631691267,9,0,0.5,0,0.5,0.5,0.0056889053570945425,0.005672784645584499
2024-06-09,10755.022720209156,9,0,0.5,0,0.5,0.5,-0.0058570284742427425,-0.00587424813580267
2024-06-10,10571.679714611999,9,0,0.5,0,0.5,0.5,-0.017047198352510007,-0.017194174588430627
2024-06-11,10711.754339338037,9,0,0.5,0,0.5,0.5,0.013249987561809062,0.01316297425074077
2024-06-12,10548.367950134925,9,0,0.5,0,0.5,0.5,-0.015253000024756713,-0.015370523619394436
2024-06-13,10478.46891017524,9,0,0.5,0,0.5,0.5,-0.006626526519563858,-0.00664857942317701
2024-06-14,10542.132781820155,9,0,0.5,0,0.5,0.5,0.00607568454806362,0.006057301996844638
2024-06-15,10542.014981076114,9,0,0.5,0,0.5,0.5,-1.1174280051262642e-05,-1.1174342483995069e-05
2024-06-16,10311.495167542602,9,0,0.5,0,0.5,0.5,-0.02186676967802803,-0.02210939090233916
2024-06-17,10066.091405404675,9,0,0.5,0,0.5,0.5,-0.023799047388431305,-0.02408681969308922
2024-06-18,10118.933492522252,10,0,0.5,0,0.5,0.5,0.005249513936383066,0.005235783270019345
2024-06-19,10134.65905444327,10,0,0.5,0,0.5,0.5,0.0015540730584540086,0.0015528667365650101
2024-06-20,10087.408531500392,10,0,0.5,0,0.5,0.5,-0.004662270599242402,-0.004673172882273521
2024-06-21,10080.906602610436,10,0,0.5,0,0.5,0.5,-0.000644558894353553,-0.0006447667117428608
2024-06-22,9984.56575005454,10,0,0.5,0,0.5,0.5,-0.00955676471905298,-0.009602723641799173
2024-06-23,9929.740782416598,10,0,0.5,0,0.5,0.5,-0.005490971666708977,-0.005506102465575747
2024-06-24,10072.407371811982,10,0,0.5,0,0.5,0.5,0.014367604605350248,0.01426536866775788
2024-06-25,9995.027793462375,10,0,0.5,0,0.5,0.5,-0.0076823320873772305,-0.007711993209239479
2024-06-26,10109.63838800301,10,0,0.5,0,0.5,0.5,0.011466760964446765,0.01140151595319511
2024-06-27,10032.251919970815,10,0,0.5,0,0.5,0.5,-0.007654721668781783,-0.007684169423191088
2024-06-28,10022.981702680598,10,0,0.5,0,0.5,0.5,-0.0009240415177138583,-0.0009244687072579451
2024-06-29,10135.624888161057,10,0,0.5,0,0.5,0.5,0.011238490583129979,0.011175807949410355
2024-06-30,10091.130307977273,10,0,0.5,0,0.5,0.5,-0.004389919780452445,-0.0043995837714261524
2024-07-01,10116.303259435243,10,0,0.5,0,0.5,0.5,0.002494562124331079,0.002491455868993833
2024-07-02,9954.249526506632,10,0,0.5,0,0.5,0.5,-0.016019066330130727,-0.016148758469366427
2024-07-03,9545.055788960435,10,0,0.5,0,0.5,0.5,-0.04110744224932039,-0.041976246088745235
2024-07-04,9523.654787353511,10,0,0.5,0,0.5,0.5,-0.0022421033548778446,-0.0022446206319722997
2024-07-05,9712.499213931123,10,0,0.5,0,0.5,0.5,0.019828986958702055,0.019634953395287088
2024-07-06,9397.198549134553,10,0,0.5,0,0.5,0.5,-0.03246339153822719,-0.03300201659066419
2024-07-07,9563.236733804802,10,0,0.5,0,0.5,0.5,0.017668902471528636,0.017514622073565873
2024-07-08,9668.109145998475,10,0,0.5,0,0.5,0.5,0.010966204760252563,0.01090651194277963
2024-07-09,9677.719454466023,10,0,0.5,0,0.5,0.5,0.0009940215115926687,0.0009935277993565492
2024-07-10,9668.83270781998,10,0,0.5,0,0.5,0.5,-0.000918268677642109,-0.0009186905446021942
2024-07-11,9765.800947962342,10,0,0.5,0,0.5,0.5,0.010028950036950812,0.009978993845302195
2024-07-12,9924.137136944793,10,0,0.5,0,0.5,0.5,0.016213333635014315,0.016083301165035577
2024-07-13,10007.52379489723,10,0,0.5,0,0.5,0.5,0.008402408874622624,0.00836730513740464
2024-07-14,10220.691964522675,10,0,0.5,0,0.5,0.5,0.021300790684518622,0.02107709979579906
2024-07-15,10231.814373969648,10,0,0.5,0,0.5,0.5,0.0010882247000085776,0.0010876330127299592
2024-07-16,10143.41573615061,10,0,0.5,0,0.5,0.5,-0.008639585765348734,-0.008677123348944627
2024-07-17,10113.069137422115,10,0,0.5,0,0.5,0.5,-0.0029917534209251695,-0.002996237661251912
2024-07-18,10228.373415688064,10,0,0.5,0,0.5,0.5,0.011401511914842954,0.011337004535915757
2024-07-19,10212.038916816959,10,0,0.5,0,0.5,0.5,-0.001596979129257381,-0.0015982556596696605
2024-07-20,10254.120404584848,10,0,0.5,0,0.5,0.5,0.004120772365897585,0.004112305236224286
2024-07-21,10105.829519547427,10,0,0.5,0,0.5,0.5,-0.014461589993727486,-0.014567178002985534
2024-07-22,10054.030313037832,10,0,0.5,0,0.5,0.5,-0.005125675869497082,-0.0051388572075262325
2024-07-23,9949.68206742942,10,0,0.5,0,0.5,0.5,-0.010378747861252924,-0.010432982650675438
2024-07-24,9813.892596123109,10,0,0.5,0,0.5,0.5,-0.013647619128536959,-0.013741603975064964
2024-07-25,9962.121767512834,10,0,0.5,0,0.5,0.5,0.015104014022762069,0.014991084113071259
2024-07-26,9911.348143568463,10,0,0.5,0,0.5,0.5,-0.0050966676707312475,-0.005109699981166076
2024-07-27,9874.569445782867,10,0,0.5,0,0.5,0.5,-0.0037107664116774464,-0.0037176683850561913
2024-07-28,9851.671351038054,10,0,0.5,0,0.5,0.5,-0.002318895509372476,-0.002321588311253734
2024-07-29,9808.522053576922,10,0,0.5,0,0.5,0.5,-0.004379896154025231,-0.0043895159987422
2024-07-30,9730.839858998761,10,0,0.5,0,0.5,0.5,-0.007919867453408336,-0.007951396182887848
2024-07-31,9722.535079506668,10,0,0.5,0,0.5,0.5,-0.0008534494054398545,-0.0008538138007270568
2024-08-01,9409.901633950627,10,0,0.5,0,0.5,0.5,-0.03215554821859323,-0.032683894926094983
2024-08-02,9298.389607035828,10,0,0.5,0,0.5,0.5,-0.011850498682416388,-0.011921275558490001
2024-08-03,9041.233882566175,10,0,0.5,0,0.5,0.5,-0.027655942086473706,-0.0280455681071238
2024-08-04,8743.035108192074,10,0,0.5,0,0.5,0.5,-0.03298208831309024,-0.03353826075632647
2024-08-05,8886.96741359217,10,0,0.5,0,0.5,0.5,0.016462510286071375,0.016328472231588457
2024-08-06,8847.351953668753,10,0,0.5,0,0.5,0.5,-0.004457702845047873,-0.004467668027952004
2024-08-07,9225.48142309876,10,0,0.5,0,0.5,0.5,0.042739281924147665,0.04185117537908305
2024-08-08,9209.949262869015,10,0,0.5,0,0.5,0.5,-0.0016836151434715951,-0.0016850340162280035
2024-08-09,9253.372060757903,10,0,0.5,0,0.5,0.5,0.004714770586625505,0.0047036908676899745
2024-08-10,9050.837841701185,10,0,0.5,0,0.5,0.5,-0.021887612183631333,-0.0221306995819966
2024-08-11,9196.020199313309,10,0,0.5,0,0.5,0.5,0.016040764418870257,0.015913470810923768
2024-08-12,9243.89140880453,10,0,0.5,0,0.5,0.5,0.0052056442301851025,0.005192141703554433
2024-08-13,9193.184778642424,10,0,0.5,0,0.5,0.5,-0.0054854203624470355,-0.005500520526538212
2024-08-14,9099.091789884335,10,0,0.5,0,0.5,0.5,-0.01023508077164792,-0.01028781937537776
2024-08-15,9125.51376275814,10,0,0.5,0,0.5,0.5,0.0029038033117965156,0.0028995954189204275
2024-08-16,9182.460537764273,10,0,0.5,0,0.5,0.5,0.006240391115132082,0.006221000502688941
2024-08-17,9125.653364756114,10,0,0.5,0,0.5,0.5,-0.006186487028670751,-0.006205702631928228
2024-08-18,9198.717577831065,10,0,0.5,0,0.5,0.5,0.008006463773556183,0.007974582102383106
2024-08-19,9197.799948606571,10,0,0.5,0,0.5,0.5,-9.97562123991047e-05,-9.976118838098697e-05
2024-08-20,9326.682768066546,10,0,0.5,0,0.5,0.5,0.01401235297355008,0.013915087514460984
2024-08-21,9346.790260555203,10,0,0.5,0,0.5,0.5,0.002155910411952844,0.0021535897718968204
2024-08-22,9584.996487963732,10,0,0.5,0,0.5,0.5,0.025485350667789453,0.025166013365164303
2024-08-23,9628.858193563334,10,0,0.5,0,0.5,0.5,0.004576079464888805,0.00456564104583028
2024-08-24,9527.460772049482,10,0,0.5,0,0.5,0.5,-0.010530575845600576,-0.010586414715678017
2024-08-25,9341.877327606288,10,0,0.5,0,0.5,0.5,-0.01947879386579443,-0.01967100570179214
2024-08-26,9116.365928261097,10,0,0.5,0,0.5,0.5,-0.024139837362109118,-0.024435978819796648
2024-08-27,9118.419934606742,10,0,0.5,0,0.5,0.5,0.00022530977385160078,0.000225284395416439
2024-08-28,9104.496353369532,10,0,0.5,0,0.5,0.5,-0.0015269730213198773,-0.0015281400327717583
2024-08-29,9142.43027305318,10,0,0.5,0,0.5,0.5,0.004166503913158204,0.004157848070467856
2024-08-30,9075.145235486523,10,0,0.5,0,0.5,0.5,-0.007359644597451864,-0.007386860396376187
2024-08-31,8909.657760366345,10,0,0.5,0,0.5,0.5,-0.018235242613316327,-0.018403553921501763
2024-09-01,9083.257588183815,10,0,0.5,0,0.5,0.5,0.019484455237967824,0.019297063479118994
2024-09-02,8992.747630449992,10,0,0.5,0,0.5,0.5,-0.009964482109542372,-0.010014459840025402
2024-09-03,9034.353343608129,10,0,0.5,0,0.5,0.5,0.004626585207090361,0.004615915458760585
2024-09-04,8931.321081777374,10,0,0.5,0,0.5,0.5,-0.011404497689217696,-0.011470027673762217
2024-09-05,8803.126890567937,10,0,0.5,0,0.5,0.5,-0.014353329147576255,-0.014457334592225828
2024-09-06,8850.519995236375,10,0,0.5,0,0.5,0.5,0.0053836671057436725,0.005369226974047098
2024-09-07,8945.857652300938,10,0,0.5,0,0.5,0.5,0.010771983693147691,0.01071437918413503
2024-09-08,9052.254076644384,10,0,0.5,0,0.5,0.5,0.011893373277192643,0.011823202939953356
2024-09-09,9081.104369608034,10,0,0.5,0,0.5,0.5,0.003187083870975993,0.0031820158843861783
2024-09-10,9068.792578733804,10,0,0.5,0,0.5,0.5,-0.001355759208696461,-0.0013566790817239969
2024-09-11,9121.957880642463,10,0,0.5,0,0.5,0.5,0.005862445463063137,0.005845328196439794
2024-09-12,9222.053595595027,10,0,0.5,0,0.5,0.5,0.010973051647714227,0.010913284537396399
2024-09-13,9182.010970778749,10,0,0.5,0,0.5,0.5,-0.0043420507592153434,-0.004351504838265863
2024-09-14,9044.520408844002,10,0,0.5,0,0.5,0.5,-0.014973905212300687,-0.015087145990706406
2024-09-15,9001.335481453818,10,0,0.5,0,0.5,0.5,-0.00477470616882647,-0.004786141493054897
2024-09-16,9073.312445448584,10,0,0.5,0,0.5,0.5,0.007996253905108386,0.0079644532782914
2024-09-17,9166.349376996446,10,0,0.5,0,0.5,0.5,0.010253910256835974,0.010201695552311886
2024-09-18,9282.533700931339,10,0,0.5,0,0.5,0.5,0.012675092248443542,0.012595435663528536
2024-09-19,9338.411478205993,10,0,0.5,0,0.5,0.5,0.006019668667515576,0.006001622845781549
2024-09-20,9470.074620167386,10,0,0.5,0,0.5,0.5,0.014099094077046015,0.014000626308371908
2024-09-21,9384.254133411241,10,0,0.5,0,0.5,0.5,-0.009062281998642674,-0.009103594254432208
2024-09-22,9394.639901617567,10,0,0.5,0,0.5,0.5,0.0011067228208738733,0.0011061108546491253
2024-09-23,9459.074262675858,10,0,0.5,0,0.5,0.5,0.006858630211807881,0.006835216802595318
2024-09-24,9412.123535572595,10,0,0.5,0,0.5,0.5,-0.004963564699827394,-0.004975924101847964
2024-09-25,9562.282903945214,10,0,0.5,0,0.5,0.5,0.01595382463958317,0.015827899934103253
2024-09-26,9635.514615552162,10,0,0.5,0,0.5,0.5,0.007658392074630482,0.0076292154593366746
2024-09-27,9572.465991382658,10,0,0.5,0,0.5,0.5,-0.006543358262125376,-0.0065648598773033855
2024-09-28,9577.018170494048,10,0,0.5,0,0.5,0.5,0.0004755492592491972,0.0004754362215354585
2024-09-29,9374.009875784048,10,0,0.5,0,0.5,0.5,-0.02119744278396074,-0.02142533481380561
2024-09-30,9096.79665025454,10,0,0.5,0,0.5,0.5,-0.029572533974562387,-0.030018617934378038
2024-10-01,9029.845662722255,10,0,0.5,0,0.5,0.5,-0.007359842162725783,-0.007387059426460451
2024-10-02,9050.429300005575,10,0,0.5,0,0.5,0.5,0.0022795115278986255,0.002276917383003218
2024-10-03,9146.596397326111,10,0,0.5,0,0.5,0.5,0.010625694553569653,0.010569638600520313
2024-10-04,9147.713846076562,10,0,0.5,0,0.5,0.5,0.000122170991471382,0.00012216352920357902
2024-10-05,9195.993448645686,10,0,0.5,0,0.5,0.5,0.005277777965237762,0.005263899306016873
2024-10-06,9119.515474953045,10,0,0.5,0,0.5,0.5,-0.008316444995282612,-0.008351219558671918
2024-10-07,9094.765864924848,10,0,0.5,0,0.5,0.5,-0.0027139172137129464,-0.002717606563606331
2024-10-08,9012.633844347587,10,0,0.5,0,0.5,0.5,-0.009030691036699845,-0.009071714896303198
2024-10-09,9032.435306167852,10,0,0.5,0,0.5,0.5,0.002197078252844431,0.0021946682058155884
2024-10-10,9154.536213788846,10,0,0.5,0,0.5,0.5,0.013518049505166774,0.013427495833890165
2024-10-11,9189.64410418752,10,0,0.5,0,0.5,0.5,0.0038350266555058354,0.003827691687997866
2024-10-12,9132.072149304164,10,0,0.5,0,0.5,0.5,-0.006264873180140018,-0.006284579847751377
2024-10-13,9364.504755935648,10,0,0.5,0,0.5,0.5,0.025452340151429276,0.02513382270768037
2024-10-14,9352.394832441712,10,0,0.5,0,0.5,0.5,-0.0012931728702748613,-0.001294009739866907
2024-10-15,9357.329479437154,10,0,0.5,0,0.5,0.5,0.0005276345881297662,0.000527495437945286
2024-10-16,9323.22098907044,10,0,0.5,0,0.5,0.5,-0.003645109477193098,-0.0036517690769824053
2024-10-17,9384.399105564748,10,0,0.5,0,0.5,0.5,0.0065619077962462136,0.006540472200453377
2024-10-18,9425.661913811919,10,0,0.5,0,0.5,0.5,0.004396957949359015,0.0043873195724520335
2024-10-19,9509.863356878686,10,0,0.5,0,0.5,0.5,0.008933212737386897,0.008893547641951105
2024-10-20,9366.920041410878,10,0,0.5,0,0.5,0.5,-0.015031058817939202,-0.015145170102047798
2024-10-21,9313.407908636018,10,0,0.5,0,0.5,0.5,-0.005712884548846886,-0.005729265491864209
2024-10-22,9220.811779890904,10,0,0.5,0,0.5,0.5,-0.009942239151712884,-0.009991993264264292
2024-10-23,9273.875919455619,10,0,0.5,0,0.5,0.5,0.005754822984288532,0.005738327246939738
2024-10-24,9034.229061054997,10,0,0.5,0,0.5,0.5,-0.025841068015355684,-0.026180814128894166
2024-10-25,9069.702143951734,10,0,0.5,0,0.5,0.5,0.003926520199676542,0.003918831539119478
2024-10-26,9129.870374580401,10,0,0.5,0,0.5,0.5,0.0066339808820283785,0.006612072869040351
2024-10-27,9189.471096955294,10,0,0.5,0,0.5,0.5,0.00652810170677065,0.006506885933253047
2024-10-28,9324.111477046074,10,0,0.5,0,0.5,0.5,0.014651591878382275,0.014545294333693986
2024-10-29,9270.646670758799,8,0,0.5,0,0.5,0.5,-0.005734037652691426,-0.005750540361598898
2024-10-30,9093.0183615137,8,0,0.5,0,0.5,0.5,-0.0191602932948971,-0.01934623062178318
2024-10-31,9092.111934753317,8,0,0.5,0,0.5,0.5,-9.968381502656332e-05,-9.96887837882586e-05
2024-11-01,9048.785836818277,8,0,0.5,0,0.5,0.5,-0.004765240270462545,-0.004776630226202731
2024-11-02,8960.22828636218,8,0,0.5,0,0.5,0.5,-0.009786677688377599,-0.009834881982906746
2024-11-03,8897.230151627942,8,0,0.5,0,0.5,0.5,-0.0070308626879656,-0.007055695669679024
2024-11-04,8995.509999858521,8,0,0.5,0,0.5,0.5,0.011046117337157657,0.010985554563908475
2024-11-05,9388.755853413271,8,0,0.5,0,0.5,0.5,0.043715793052415686,0.04278722352244357
2024-11-06,9539.176275727474,8,0,0.5,0,0.5,0.5,0.016021337082646303,0.015894350001367612
2024-11-07,9690.515927876555,8,0,0.5,0,0.5,0.5,0.015865065051179128,0.015740530347265705
2024-11-08,9797.520922196914,8,0,0.5,0,0.5,0.5,0.011042239145651722,0.010981718735969991
2024-11-09,10182.819466969722,8,0,0.5,0,0.5,0.5,0.03932612625504972,0.03857254761538543
2024-11-10,10751.946916666917,8,0,0.5,0,0.5,0.5,0.05589094960814034,0.05438491253508919
2024-11-11,10639.595465699931,8,0,0.5,0,0.5,0.5,-0.010449405287969449,-0.010504383652926932
2024-11-12,10492.266714535896,8,0,0.5,0,0.5,0.5,-0.01384721361249086,-0.013943980615641761
2024-11-13,10479.362172762094,8,0,0.5,0,0.5,0.5,-0.001229909811187313,-0.001230666770984316
2024-11-14,10746.198270823412,8,0,0.5,0,0.5,0.5,0.02546300945251012,0.02514422713620347
2024-11-15,11488.678574418196,8,0,0.5,0,0.5,0.5,0.06909236968116095,0.0668100358695419
2024-11-16,11218.576014597144,8,0,0.5,0,0.5,0.5,-0.023510324365979662,-0.02379110154872029
2024-11-17,11816.08088360942,8,0,0.5,0,0.5,0.5,0.053260312916258545,0.0518904133469811
2024-11-18,11734.542458940721,8,0,0.5,0,0.5,0.5,-0.006900631899177667,-0.006924551362602353
2024-11-19,11582.848476654188,8,0,0.5,0,0.5,0.5,-0.01292713225226394,-0.013011414768466588
2024-11-20,11861.641330684462,8,0,0.5,0,0.5,0.5,0.024069455332355938,0.02378435179014085
2024-11-21,11955.059134024677,8,0,0.5,0,0.5,0.5,0.007875621993269633,0.007844771156203174
2024-11-22,12384.772476164584,8,0,0.5,0,0.5,0.5,0.03594405827043734,0.035313144570899006
2024-11-23,12590.51735311543,8,0,0.5,0,0.5,0.5,0.0166127296522256,0.01647624774277136
2024-11-24,12383.63955469029,8,0,0.5,0,0.5,0.5,-0.016431238893765632,-0.01656772889817796
2024-11-25,12267.995032532703,8,0,0.5,0,0.5,0.5,-0.00933849226205774,-0.009382369358515968
2024-11-26,12786.733696519936,8,0,0.5,0,0.5,0.5,0.0422838990895924,0.041414362161903695
2024-11-27,12621.988608028145,8,0,0.5,0,0.5,0.5,-0.01288406346779769,-0.012967782888496739
2024-11-28,12780.934403327323,8,0,0.5,0,0.5,0.5,0.01259276966848799,0.012514140165240255
2024-11-29,12895.780560268275,8,0,0.5,0,0.5,0.5,0.008985740268806497,0.008945608733258276
2024-11-30,13152.54033740388,8,0,0.5,0,0.5,0.5,0.019910371143153416,0.019714752006978618
2024-12-01,13386.056872138162,8,0,0.5,0,0.5,0.5,0.017754481548343692,0.017598711779459365
2024-12-02,13598.404101498347,8,0,0.5,0,0.5,0.5,0.015863314446404653,0.01573880708071872
2024-12-03,13795.0918314924,8,0,0.5,0,0.5,0.5,0.01446403037635724,0.014360424136547893
2024-12-04,13596.954582501558,8,0,0.5,0,0.5,0.5,-0.01436288003089048,-0.014467024605768037
2024-12-05,13950.90131641789,8,0,0.5,0,0.5,0.5,0.02603132427697008,0.025698276766908335
2024-12-06,13867.1218671891,8,0,0.5,0,0.5,0.5,-0.006005307279336569,-0.006023411655045147
2024-12-07,13979.284270168013,8,0,0.5,0,0.5,0.5,0.008088369313627997,0.008055833776434028
2024-12-08,12950.929722046152,8,0,0.5,0,0.5,0.5,-0.07356274672204666,-0.07640896002076668
2024-12-09,12747.524902936579,8,0,0.5,0,0.5,0.5,-0.015705808268214216,-0.015830451276922976
2024-12-10,13212.578256553259,8,0,0.5,0,0.5,0.5,0.03648185488224054,0.03583214659694196
2024-12-11,13585.736889768315,8,0,0.5,0,0.5,0.5,0.028242681024801097,0.027851210208389727
2024-12-12,13556.669420528946,8,0,0.5,0,0.5,0.5,-0.0021395577932368237,-0.00214184991701658
2024-12-13,13463.802972080324,8,0,0.5,0,0.5,0.5,-0.006850240687288123,-0.006873811290569219
2024-12-14,13707.726048187813,8,0,0.5,0,0.5,0.5,0.018116952291511446,0.017954795902427857
2024-12-15,13523.901397616752,8,0,0.5,0,0.5,0.5,-0.013410295035431008,-0.013501025099532445
2024-12-16,13226.997677658112,8,0,0.5,0,0.5,0.5,-0.02195399916262053,-0.02219857443241745
2024-12-17,12637.001088687544,8,0,0.5,0,0.5,0.5,-0.044605480650165785,-0.045630914540704844
2024-12-18,12194.578713697125,8,0,0.5,0,0.5,0.5,-0.03501007651146515,-0.035637619678461886
2024-12-19,12289.425412205306,8,0,0.5,0,0.5,0.5,0.007777775742400017,0.007747684771156628
2024-12-20,12095.654632559588,8,0,0.5,0,0.5,0.5,-0.015767277406905755,-0.015892903192885326
2024-12-21,12048.442383278822,8,0,0.5,0,0.5,0.5,-0.003903240520250817,-0.0039108780440698385
2024-12-22,12416.967422791875,8,0,0.5,0,0.5,0.5,0.030586944585011544,0.030128489050856706
2024-12-23,12594.387035282225,8,0,0.5,0,0.5,0.5,0.014288481756397964,0.014187363480457448
2024-12-24,12509.42664015783,8,0,0.5,0,0.5,0.5,-0.006745893618036791,-0.006768750007564899
2024-12-25,12200.099147382169,8,0,0.5,0,0.5,0.5,-0.02472755160357676,-0.02503841276602735
2024-12-26,12321.091687070972,8,0,0.5,0,0.5,0.5,0.009917340689379994,0.009868486602414796
2024-12-27,12423.94572257506,8,0,0.5,0,0.5,0.5,0.008347802136073446,0.0083131519376039
2024-12-28,12281.188738217203,8,0,0.5,0,0.5,0.5,-0.011490470704363931,-0.011556996260484764
2024-12-29,12230.84684961045,8,0,0.5,0,0.5,0.5,-0.004099105524703495,-0.0041075298872032895
2024-12-30,12118.851378049312,8,0,0.5,0,0.5,0.5,-0.009156804343822267,-0.00919898557099991
2024-12-31,12420.983909735098,8,0,0.5,0,0.5,0.5,0.024930789417306753,0.024625087790922817
2025-01-01,12519.02428325885,8,0,0.5,0,0.5,0.5,0.007893124589503087,0.00786213683494342
2025-01-02,12765.61315059475,8,0,0.5,0,0.5,0.5,0.019697131482175667,0.01950565328432711
2025-01-03,12756.230383091246,8,0,0.5,0,0.5,0.5,-0.000735003277384072,-0.0007352735247228552
2025-01-04,12693.672571269379,8,0,0.5,0,0.5,0.5,-0.004904098620293729,-0.00491616317192853
2025-01-05,12838.381472500181,8,0,0.5,0,0.5,0.5,0.011400081451473199,0.011335590197134883
2025-01-06,12320.949747670877,8,0,0.5,0,0.5,0.5,-0.04030350133602456,-0.04113819173035003
2025-01-07,12351.43475940561,8,0,0.5,0,0.5,0.5,0.0024742420315850833,0.002471186134417842
2025-01-08,12018.970452333017,8,0,0.5,0,0.5,0.5,-0.02691705972210412,-0.02728595862233221
2025-01-09,12156.732797466257,8,0,0.5,0,0.5,0.5,0.011462075364907731,0.011396883462466919
2025-01-10,12083.072664462525,8,0,0.5,0,0.5,0.5,-0.006059204741185487,-0.006077636213324858
2025-01-11,12100.603045286578,8,0,0.5,0,0.5,0.5,0.0014508214351480753,0.001449770010559763
2025-01-12,11830.852550203717,8,0,0.5,0,0.5,0.5,-0.022292318331021854,-0.022544547624033708
2025-01-13,11933.562384531258,8,0,0.5,0,0.5,0.5,0.008681524335773405,0.008644056598597459
2025-01-14,12312.033195784636,8,0,0.5,0,0.5,0.5,0.03171482236888168,0.031222293957969143
2025-01-15,12213.131315010347,8,0,0.5,0,0.5,0.5,-0.008032944616178428,-0.008065382547305398
2025-01-16,12567.21755763074,8,0,0.5,0,0.5,0.5,0.02899225706229891,0.02857993210280375
2025-01-17,12341.916427753067,8,0,0.5,0,0.5,0.5,-0.01792768596902905,-0.018090333796188914
2025-01-18,12020.494497601609,8,0,0.5,0,0.5,0.5,-0.026043113485089142,-0.02638824067770532
2025-01-19,12059.801088737402,8,0,0.5,0,0.5,0.5,0.003269964571227524,0.003264629863452431
2025-01-20,12281.201668631209,8,0,0.5,0,0.5,0.5,0.018358559835665256,0.018192075991335013
2025-01-21,12119.89040287375,8,0,0.5,0,0.5,0.5,-0.013134811243225575,-0.013221835750060794
2025-01-22,12207.004260536269,8,0,0.5,0,0.5,0.5,0.007187677014130589,0.0071619687785253365
2025-01-23,12108.887660280481,8,0,0.5,0,0.5,0.5,-0.008037729664188475,-0.008070206356246596
2025-01-24,12150.191604566713,8,0,0.5,0,0.5,0.5,0.00341104364372935,0.0034052392300201275
2025-01-25,11979.603214100061,8,0,0.5,0,0.5,0.5,-0.014039975336893828,-0.014139468139414958
2025-01-26,11892.330547804217,8,0,0.5,0,0.5,0.5,-0.007285104918427043,-0.00731177088376461
2025-01-27,11675.290600539522,8,0,0.5,0,0.5,0.5,-0.018250413272003163,-0.018419006478528004
2025-01-28,11776.331128476251,9,0,0.5,0,0.5,0.5,0.008654219530266793,0.008616986433810757
2025-01-29,11975.806403032393,9,0,0.5,0,0.5,0.5,0.01693866046903114,0.01679680105770579
2025-01-30,11956.278693100507,9,0,0.5,0,0.5,0.5,-0.001630596660859629,-0.0016319275305326877
2025-01-31,11599.895818911844,9,0,0.5,0,0.5,0.5,-0.029807173564322942,-0.03026043710097697
2025-02-01,11016.181909277728,9,0,0.5,0,0.5,0.5,-0.050320616559543674,-0.0516308424658028
2025-02-02,11139.28844344188,9,0,0.5,0,0.5,0.5,0.011175063663434237,0.01111308396342504
2025-02-03,10827.8354729362,9,0,0.5,0,0.5,0.5,-0.02795986225574787,-0.028358181398702678
2025-02-04,10772.343930446274,9,0,0.5,0,0.5,0.5,-0.005124897088492508,-0.005138074414483059
2025-02-05,10541.80212422923,9,0,0.5,0,0.5,0.5,-0.02140126677216958,-0.02163359460186298
2025-02-06,10537.825589965369,9,0,0.5,0,0.5,0.5,-0.0003772157945103327,-0.00037728695828477586
2025-02-07,10659.059218084409,9,0,0.5,0,0.5,0.5,0.011504615167903687,0.011438940312143491
2025-02-08,10637.116288633346,9,0,0.5,0,0.5,0.5,-0.002058617838789578,-0.0020607397050673034
2025-02-09,10736.822179271525,9,0,0.5,0,0.5,0.5,0.009373394812344227,0.009329737148827717
2025-02-10,10642.716565599761,9,0,0.5,0,0.5,0.5,-0.008764754794341578,-0.008803391182290416
2025-02-11,10855.695061922679,9,0,0.5,0,0.5,0.5,0.020011666665193717,0.019814065137820018
2025-02-12,10743.487579144869,9,0,0.5,0,0.5,0.5,-0.010336278067665017,-0.01039006837188205
2025-02-13,10833.046108308245,9,0,0.5,0,0.5,0.5,0.008336076018482741,0.008301522829325841
2025-02-14,10714.353580891124,9,0,0.5,0,0.5,0.5,-0.010956523791225359,-0.011016988559424271
2025-02-15,10709.540016746896,9,0,0.5,0,0.5,0.5,-0.0004492631410646375,-0.0004493640899858156
2025-02-16,10804.418552042662,9,0,0.5,0,0.5,0.5,0.008859254005998407,0.008820241062963845
2025-02-17,10637.962611087325,9,0,0.5,0,0.5,0.5,-0.015406284026627914,-0.015526193992671529
2025-02-18,10715.28660568668,9,0,0.5,0,0.5,0.5,0.007268684561719141,0.007242394990954031
2025-02-19,10793.953658848784,9,0,0.5,0,0.5,0.5,0.007341572470899171,0.007314754306069593
2025-02-20,10608.392588596673,9,0,0.5,0,0.5,0.5,-0.01719120501318716,-0.01734068946712327
2025-02-21,10747.759143229174,9,0,0.5,0,0.5,0.5,0.013137386599201717,0.013051839564294296
2025-02-22,10799.368244811305,9,0,0.5,0,0.5,0.5,0.004801847612545762,0.0047903555164777924
2025-02-23,10240.729628381581,9,0,0.5,0,0.5,0.5,-0.0517288237391228,-0.053114766723777566
2025-02-24,10229.404673131736,9,0,0.5,0,0.5,0.5,-0.0011058738645397526,-0.0011064857942281886
2025-02-25,10077.318388808568,9,0,0.5,0,0.5,0.5,-0.014867559665777352,-0.014979189656502023
2025-02-26,10092.006720087418,9,0,0.5,0,0.5,0.5,0.0014575634818845273,0.0014565022672992612
2025-02-27,10122.585678961032,9,0,0.5,0,0.5,0.5,0.003030017688429476,0.003025436436683004
2025-02-28,10148.266579264378,9,0,0.5,0,0.5,0.5,0.0025369901641556503,0.0025337774372329743
2025-03-01,10688.163872477,9,0,0.5,0,0.5,0.5,0.0532009372236808,0.05183403852158184
2025-03-02,10069.658451640404,9,0,0.5,0,0.5,0.5,-0.05786825765548975,-0.05961016031550776
2025-03-03,10064.948475988655,9,0,0.5,0,0.5,0.5,-0.0004677393651799644,-0.000467848789359495
2025-03-04,10411.512348495155,9,0,0.5,0,0.5,0.5,0.03443275177545879,0.033853210556878455
2025-03-05,10405.362785003994,9,0,0.5,0,0.5,0.5,-0.0005906503575390243,-0.0005908248601782021
2025-03-06,10310.174173518206,9,0,0.5,0,0.5,0.5,-0.009148033898728869,-0.009190134113659038
2025-03-07,10286.02103061978,9,0,0.5,0,0.5,0.5,-0.002342651296858067,-0.0023453995974530148
2025-03-08,9845.653896437992,9,0,0.5,0,0.5,0.5,-0.04281219461547747,-0.04375566291151795
2025-03-09,9609.118235064878,9,0,0.5,0,0.5,0.5,-0.02402437297320492,-0.024317665189469456
2025-03-10,9797.034668291915,9,0,0.5,0,0.5,0.5,0.019556053805364515,0.019367291183873824
2025-03-11,9886.720150649513,10,0,0.5,0,0.5,0.5,0.009154349800135408,0.009112702715039745
2025-03-12,9815.188949661599,10,0,0.5,0,0.5,0.5,-0.007235078964302977,-0.007261379080505202
2025-03-13,9954.830363987312,10,0,0.5,0,0.5,0.5,0.01422707347172647,0.014126818433581191
2025-03-14,10004.317993667546,10,0,0.5,0,0.5,0.5,0.004971217777779646,0.004958902073849378
2025-03-15,9834.116027832011,10,0,0.5,0,0.5,0.5,-0.01701285044550438,-0.017159231601501526
2025-03-16,10014.470705151161,10,0,0.5,0,0.5,0.5,0.018339693858473893,0.018173549950810663
2025-03-17,9979.995080975228,10,0,0.5,0,0.5,0.5,-0.003442580760478986,-0.0034485200765931477
2025-03-18,10151.407896284012,10,0,0.5,0,0.5,0.5,0.017175641262143104,0.017029807427094628
2025-03-19,9994.446975675246,10,0,0.5,0,0.5,0.5,-0.015461985392806743,-0.015582768538019253
2025-03-20,9920.654971885713,10,0,0.5,0,0.5,0.5,-0.007383300343593802,-0.007410691815166793
2025-03-21,9971.703591415533,10,0,0.5,0,0.5,0.5,0.0051456904483109245,0.0051324966247488025
2025-03-22,9974.00153443126,10,0,0.5,0,0.5,0.5,0.00023044638207103674,0.00023041983338215313
2025-03-23,10181.820929654134,10,0,0.5,0,0.5,0.5,0.02083611021167986,0.020622007406395786
2025-03-24,10363.978095090295,10,0,0.5,0,0.5,0.5,0.017890431062840273,0.01773228076671885
2025-03-25,10305.884945025064,10,0,0.5,0,0.5,0.5,-0.005605294562784913,-0.005621063179119297
2025-03-26,10315.264568576678,10,0,0.5,0,0.5,0.5,0.0009101230609160904,0.0009097091500439333
2025-03-27,9998.290045317475,10,0,0.5,0,0.5,0.5,-0.030728685740625594,-0.031210712206674925
2025-03-28,9793.72194296269,10,0,0.5,0,0.5,0.5,-0.02046030885557193,-0.02067252057633625
2025-03-29,9804.855710618209,10,0,0.5,0,0.5,0.5,0.0011368270122800173,0.001136181313770765
2025-03-30,9782.011827196828,10,0,0.5,0,0.5,0.5,-0.002329854114695662,-0.0023325724478274142
2025-03-31,9844.982238050448,10,0,0.5,0,0.5,0.5,0.006437368096258611,0.006416736736026762
2025-04-01,9581.151268240925,11,0,0.5,0,0.5,0.5,-0.026798521666177133,-0.02716414902971562
2025-04-02,9629.426207343795,11,0,0.5,0,0.5,0.5,0.005038532192147782,0.00502588126576057
2025-04-03,9642.530951136061,11,0,0.5,0,0.5,0.5,0.0013609059885906216,0.0013599807953412935
2025-04-04,9578.747585821779,11,0,0.5,0,0.5,0.5,-0.006614794978362815,-0.006636769693763848
2025-04-05,9118.096148125142,11,0,0.5,0,0.5,0.5,-0.04809098826014391,-0.04928582466195196
2025-04-06,9157.708151155817,11,0,0.5,0,0.5,0.5,0.00434432828818343,0.004334918935746642
2025-04-07,9022.138790280147,11,0,0.5,0,0.5,0.5,-0.014803852518335603,-0.014914523135539072
2025-04-08,9455.205455370593,11,0,0.5,0,0.5,0.5,0.048000443703770435,0.046884009280221135
2025-04-09,9263.05891985463,11,0,0.5,0,0.5,0.5,-0.020321772638671076,-0.020531100659926544
2025-04-10,9420.09726745448,11,0,0.5,0,0.5,0.5,0.016953184575264846,0.01681108314086507
2025-04-11,9624.14970605068,11,0,0.5,0,0.5,0.5,0.021661394017786106,0.021430119875869697
2025-04-12,9479.981871279702,11,0,0.5,0,0.5,0.5,-0.014979799688728868,-0.015093130090108396
2025-04-13,9462.75490357023,11,0,0.5,0,0.5,0.5,-0.0018171941616957898,-0.0018188472619794609
2025-04-14,9453.331690252258,11,0,0.5,0,0.5,0.5,-0.0009958213452635478,-0.000996317504757548
2025-04-15,9473.44530255393,11,0,0.5,0,0.5,0.5,0.002127674449676986,0.0021254141559400846
2025-04-16,9543.489441965681,11,0,0.5,0,0.5,0.5,0.007393734504686389,0.007366534838845558
2025-04-17,9586.543978723892,11,0,0.5,0,0.5,0.5,0.004511404033087363,0.004501258153243465
2025-04-18,9685.935303357746,11,0,0.5,0,0.5,0.5,0.010367795198607643,0.010314418227303234
2025-04-19,9675.065630026618,11,0,0.5,0,0.5,0.5,-0.001122212051876903,-0.0011228422033080603
2025-04-20,9677.307534546528,11,0,0.5,0,0.5,0.5,0.00023171982554326398,0.00023169298265109589
2025-04-21,9950.124977588703,11,0,0.5,0,0.5,0.5,0.02819146152669605,0.027801396312524245
2025-04-22,9985.314545151332,11,0,0.5,0,0.5,0.5,0.0035365955344168754,0.00353035648609635
2025-04-23,10081.17145799532,11,0,0.5,0,0.5,0.5,0.00959978901120695,0.009554003822229352
2025-04-24,10147.093867835778,11,0,0.5,0,0.5,0.5,0.006539161655481518,0.006517874089398914
2025-04-25,10182.721678346885,11,0,0.5,0,0.5,0.5,0.0035111344169229675,0.003504984775084882
2025-04-26,10016.773845225936,11,0,0.5,0,0.5,0.5,-0.016297001760720686,-0.01643125854768816
2025-04-27,10137.72122373148,11,0,0.5,0,0.5,0.5,0.012074484297475374,0.012002169241308711
2025-04-28,10058.080192201314,11,0,0.5,0,0.5,0.5,-0.007855910591004767,-0.007886930824872327
2025-04-29,10064.868056068344,11,0,0.5,0,0.5,0.5,0.0006748667476614845,0.0006746391275010291
2025-04-30,10127.878057430275,11,0,0.5,0,0.5,0.5,0.006260390201930255,0.006240875363841286
2025-05-01,10142.966564958871,11,0,0.5,0,0.5,0.5,0.0014897994864311315,0.0014886908361507309
2025-05-02,9972.49134581257,11,0,0.5,0,0.5,0.5,-0.01680723465413425,-0.016950079030506923
2025-05-03,9852.280298822423,11,0,0.5,0,0.5,0.5,-0.012054264357985511,-0.012127506181873146
2025-05-04,9839.004708110519,11,0,0.5,0,0.5,0.5,-0.0013474637656717414,-0.0013483724113080753
2025-05-05,9841.705905582801,11,0,0.5,0,0.5,0.5,0.00027453970725876964,0.0002745020281294591
2025-05-06,9846.465191765614,11,0,0.5,0,0.5,0.5,0.0004835834588505783,0.00048346657005188286
2025-05-07,10355.888438668726,11,0,0.5,0,0.5,0.5,0.05173666254658893,0.05044276220683954
2025-05-08,10559.633914938076,11,0,0.5,0,0.5,0.5,0.01967435990412647,0.019483321327499897
2025-05-09,10889.72879340101,11,0,0.5,0,0.5,0.5,0.031260068400284835,0.030781421916338914
2025-05-10,10703.26631881696,11,0,0.5,0,0.5,0.5,-0.01712278405840939,-0.017271074122225852
2025-05-11,10788.264577013262,11,0,0.5,0,0.5,0.5,0.007941338248014018,0.007909971773187566
2025-05-12,10906.326746883808,11,0,0.5,0,0.5,0.5,0.01094357382762956,0.010884126243018334
2025-05-13,10783.901924656706,11,0,0.5,0,0.5,0.5,-0.011225119608861966,-0.01128859673657717
2025-05-14,10663.56334845353,11,0,0.5,0,0.5,0.5,-0.01115909408708815,-0.011221823885899495
2025-05-15,10636.160650521733,11,0,0.5,0,0.5,0.5,-0.002569750564268114,-0.0025730580407241233
2025-05-16,10497.18748834656,11,0,0.5,0,0.5,0.5,-0.013066102209386532,-0.01315221464795867
2025-05-17,10668.285504996993,11,0,0.5,0,0.5,0.5,0.016299415137662088,0.016168005679436506
2025-05-18,10529.388642073882,11,0,0.5,0,0.5,0.5,-0.013019604964457754,-0.013105102931805276
2025-05-19,10515.57132439331,11,0,0.5,0,0.5,0.5,-0.0013122621027930048,-0.0013131238727007142
2025-05-20,10633.415993972822,11,0,0.5,0,0.5,0.5,0.011206682541931245,0.01114435291505488
2025-05-21,10884.838189460612,11,0,0.5,0,0.5,0.5,0.023644536772595037,0.023369334295023688
2025-05-22,10587.39167678809,11,0,0.5,0,0.5,0.5,-0.027326682077876807,-0.027707000425587647
2025-05-23,10602.439876637554,11,0,0.5,0,0.5,0.5,0.0014213321192657613,0.0014203229828679443
2025-05-24,10651.920329829543,11,0,0.5,0,0.5,0.5,0.0046668930706241785,0.004656036888482016
2025-05-25,10634.276309188128,11,0,0.5,0,0.5,0.5,-0.001656416880250755,-0.0016577902554888234
2025-05-26,10652.163655983637,11,0,0.5,0,0.5,0.5,0.001682046457647024,0.0016806334018326257
2025-05-27,10616.250095137819,11,0,0.5,0,0.5,0.5,-0.0033714803870521504,-0.0033771766338454756
2025-05-28,10521.71211952805,11,0,0.5,0,0.5,0.5,-0.008905025292599844,-0.008944912001660796
2025-05-29,10262.94043917048,11,0,0.5,0,0.5,0.5,-0.02459406581532464,-0.024901551877371933
2025-05-30,10304.653893528584,11,0,0.5,0,0.5,0.5,0.0040644739785196116,0.0040562363177864035
2025-05-31,10340.05488296042,11,0,0.5,0,0.5,0.5,0.0034354370168674375,0.003429549383661037
2025-06-01,10381.211258176809,11,0,0.5,0,0.5,0.5,0.003980285954208185,0.003972385572981717
2025-06-02,10366.426752962136,11,0,0.5,0,0.5,0.5,-0.0014241599411656258,-0.001425175020806276
2025-06-03,10284.042364446756,11,0,0.5,0,0.5,0.5,-0.007947231044857284,-0.007978978600809523
2025-06-04,10052.336429908859,11,0,0.5,0,0.5,0.5,-0.02253062816416762,-0.02278832077378372
2025-06-05,10190.21626841013,11,0,0.5,0,0.5,0.5,0.013716198165735438,0.013622982528560344
2025-06-06,10283.761241494156,11,0,0.5,0,0.5,0.5,0.009179881036874393,0.009138002030039479
2025-06-07,10277.565557694154,11,0,0.5,0,0.5,0.5,-0.0006024725442869139,-0.000602654103796966
2025-06-08,10483.7543224887,11,0,0.5,0,0.5,0.5,0.02006202379708344,0.01986343309166931
2025-06-09,10596.221547840933,11,0,0.5,0,0.5,0.5,0.010727762392426454,0.010670628200921779
2025-06-10,10484.109352497504,12,0,0.5,0,0.5,0.5,-0.010580393665539423,-0.010636763996695624
2025-06-11,10296.278698411576,12,0,0.5,0,0.5,0.5,-0.017915747324896425,-0.018078177286534703
2025-06-12,10254.82389341142,12,0,0.5,0,0.5,0.5,-0.004026192978493381,-0.004034319914519879
2025-06-13,10195.494803590456,12,0,0.5,0,0.5,0.5,-0.005785481100175849,-0.005802281827488103
2025-06-14,10236.963871379565,12,0,0.5,0,0.5,0.5,0.0040673913908038095,0.0040591419161034375
2025-06-15,10250.919806414657,12,0,0.5,0,0.5,0.5,0.0013632884916308097,0.0013623600575949333
2025-06-16,10131.004026004746,12,0,0.5,0,0.5,0.5,-0.011698050777343094,-0.011767011303393884
2025-06-17,10152.834766961932,12,0,0.5,0,0.5,0.5,0.002154844761797614,0.0021525264136800577
2025-06-18,10180.656871856938,12,0,0.5,0,0.5,0.5,0.002740328739077036,0.0027365808836206586
2025-06-19,10046.663588487656,12,0,0.5,0,0.5,0.5,-0.013161555787199575,-0.013248936621264439
2025-06-20,9915.914622346261,12,0,0.5,0,0.5,0.5,-0.013014167836894464,-0.013099594096356738
2025-06-21,9788.556124883007,12,0,0.5,0,0.5,0.5,-0.0128438477249736,-0.012927043070456815
2025-06-22,10103.584562625521,12,0,0.5,0,0.5,0.5,0.03218334080362428,0.031676307097910424
2025-06-23,10103.847059132813,12,0,0.5,0,0.5,0.5,2.5980532519342958e-05,2.5980195031153366e-05
2025-06-24,10065.62514653289,12,0,0.5,0,0.5,0.5,-0.0037829068844995595,-0.0037900801730508383
2025-06-25,10008.068259059804,12,0,0.5,0,0.5,0.5,-0.005718163217404371,-0.005734574504208556
2025-06-26,10041.732253836111,12,0,0.5,0,0.5,0.5,0.0033636855689740397,0.003358041032758912
2025-06-27,10081.147546291293,12,0,0.5,0,0.5,0.5,0.00392514871526517,0.003917465417873964
2025-06-28,10185.164555600779,12,0,0.5,0,0.5,0.5,0.010317973110883782,0.010265106168481105
2025-06-29,10114.620845770225,12,0,0.5,0,0.5,0.5,-0.006926123720972344,-0.006950220645851646
2025-06-30,9962.552863428746,12,0,0.5,0,0.5,0.5,-0.015034471846275044,-0.015148635220699178
2025-07-01,10213.791733303882,12,0,0.5,0,0.5,0.5,0.025218322383753877,0.024905587357200495
2025-07-02,10232.533509589011,12,0,0.5,0,0.5,0.5,0.0018349479580652694,0.00183326649767485
2025-07-03,10088.259780129434,12,0,0.5,0,0.5,0.5,-0.014099512044048246,-0.014199854466735272
2025-07-04,10097.63760540338,12,0,0.5,0,0.5,0.5,0.0009295780915969942,0.0009291463014505275
2025-07-05,10166.377845471126,12,0,0.5,0,0.5,0.5,0.0068075566537426635,0.0067844898664136365
2025-07-06,10135.838226896089,12,0,0.5,0,0.5,0.5,-0.003003982248076964,-0.0030085032590449544
2025-07-07,10298.312422061566,12,0,0.5,0,0.5,0.5,0.0160296752501774,0.01590255665315001
2025-07-08,10485.277518455832,12,0,0.5,0,0.5,0.5,0.018154925654978227,0.017992092850720908
2025-07-09,10681.084082446638,12,0,0.5,0,0.5,0.5,0.018674428373131047,0.018502202083377516
2025-07-10,10793.236130782654,12,0,0.5,0,0.5,0.5,0.010500062303631541,0.010445319517777758
2025-07-11,10820.293057990171,12,0,0.5,0,0.5,0.5,0.002506841032630547,0.002503704148002803
2025-07-12,10991.054274056558,12,0,0.5,0,0.5,0.5,0.015781570346681928,0.015658336226408803
2025-07-13,11012.795053368995,12,0,0.5,0,0.5,0.5,0.0019780431221920747,0.0019760893708741147
2025-07-14,11026.33014337732,12,0,0.5,0,0.5,0.5,0.0012290331330722104,0.0012282784901086331
2025-07-15,11147.035880157002,12,0,0.5,0,0.5,0.5,0.010947045409499312,0.01088756023874167
2025-07-16,11234.643846714254,12,0,0.5,0,0.5,0.5,0.007859306052221848,0.007828582578209974
2025-07-17,11381.27744104679,12,0,0.5,0,0.5,0.5,0.013051913023074624,0.012967470767959493
2025-07-18,11696.725343435135,12,0,0.5,0,0.5,0.5,0.027716388078782517,0.027339241886234683
2025-07-19,11838.246842480947,12,0,0.5,0,0.5,0.5,0.01209924101750759,0.012026630303838902
2025-07-20,11788.40038548884,12,0,0.5,0,0.5,0.5,-0.004210628284353368,-0.004219517942434098
2025-07-21,11809.713553543168,12,0,0.5,0,0.5,0.5,0.0018079779577697686,0.0018063455329178164
2025-07-22,11567.503516839368,12,0,0.5,0,0.5,0.5,-0.020509391324832982,-0.02072262951980266
2025-07-23,11501.694700955306,12,0,0.5,0,0.5,0.5,-0.005689111378981759,-0.005705356014113977
2025-07-24,11589.784119350486,12,0,0.5,0,0.5,0.5,0.007658820781242248,0.0076296409076075785
2025-07-25,11590.117881930526,12,0,0.5,0,0.5,0.5,2.879799801291938e-05,2.8797583358535396e-05
2025-07-26,11805.900338185464,12,0,0.5,0,0.5,0.5,0.018617796510193463,0.01844660685529931
2025-07-27,11540.07550127028,12,0,0.5,0,0.5,0.5,-0.02251626977193688,-0.0227736315290997
2025-07-28,11467.449628312914,12,0,0.5,0,0.5,0.5,-0.006293362027776306,-0.006313248710550705
2025-07-29,11466.42394928713,12,0,0.5,0,0.5,0.5,-8.944264496724141e-05,-8.944664519914011e-05
2025-07-30,11248.099271879455,12,0,0.5,0,0.5,0.5,-0.01904034582824299,-0.019223947508437717
2025-07-31,11116.142465902994,12,0,0.5,0,0.5,0.5,-0.01173147593979329,-0.011800832675214607
2025-08-01,11015.61013002576,12,0,0.5,0,0.5,0.5,-0.009043814991180787,-0.00908495853691537
2025-08-02,11165.928076231372,12,0,0.5,0,0.5,0.5,0.01364590289882206,0.013553635995048014
2025-08-03,11379.293622118752,12,0,0.5,0,0.5,0.5,0.01910862620918774,0.018928349353226716
2025-08-04,11222.225319048672,12,0,0.5,0,0.5,0.5,-0.0138029923724593,-0.01389913944175551
2025-08-05,11281.615499446787,13,0,0.5,0,0.5,0.5,0.005292192832495157,0.005278238391417539
2025-08-06,11508.809769129064,13,0,0.5,0,0.5,0.5,0.020138451775228328,0.019938355119279563
2025-08-07,11584.318247971933,13,0,0.5,0,0.5,0.5,0.00656092857190238,0.006539499359327
2025-08-08,11718.84030829086,13,0,0.5,0,0.5,0.5,0.01161242789082384,0.011545521118619435
2025-08-09,11711.520691281314,13,0,0.5,0,0.5,0.5,-0.000624602504769034,-0.0006247976501766204
2025-08-10,11545.3461855326,13,0,0.5,0,0.5,0.5,-0.014188977685231086,-0.01429060368717468
2025-08-11,11859.457733452458,13,0,0.5,0,0.5,0.5,0.027206767373807228,0.02684324210729313
2025-08-12,11983.360013673499,13,0,0.5,0,0.5,0.5,0.010447550217371537,0.01039335173202569
2025-08-13,11586.938664443454,13,0,0.5,0,0.5,0.5,-0.03308098469692233,-0.03364053542985703
2025-08-14,11557.699272675241,13,0,0.5,0,0.5,0.5,-0.002523478600774731,-0.0025266679395142167
2025-08-15,11660.57508950964,13,0,0.5,0,0.5,0.5,0.008901063646604701,0.008861682695298965
2025-08-16,11653.066372756126,13,0,0.5,0,0.5,0.5,-0.0006439405171594359,-0.0006441479359025907
2025-08-17,11490.320311858437,13,0,0.5,0,0.5,0.5,-0.013965943013778404,-0.014064384422035555
2025-08-18,11288.887933336022,13,0,0.5,0,0.5,0.5,-0.01753061473095141,-0.017686095755707325
2025-08-19,11497.019834350353,13,0,0.5,0,0.5,0.5,0.018436882555961764,0.018268983783551147
2025-08-20,11447.718511981355,13,0,0.5,0,0.5,0.5,-0.004288182770781801,-0.00429740339577769
2025-08-21,11828.281056660824,13,0,0.5,0,0.5,0.5,0.033243527457559985,0.03270291013415382
2025-08-22,11780.596698789486,13,0,0.5,0,0.5,0.5,-0.004031385257326603,-0.004039533196567092
2025-08-23,11679.396491774942,13,0,0.5,0,0.5,0.5,-0.008590414356935194,-0.008627524647706811
2025-08-24,11306.176997342725,13,0,0.5,0,0.5,0.5,-0.03195537497978185,-0.03247709254064478
2025-08-25,11513.119264260267,13,0,0.5,0,0.5,0.5,0.018303469595972066,0.018137977433095576
2025-08-26,11501.712656610054,13,0,0.5,0,0.5,0.5,-0.0009907486744814564,-0.000991239790357848
2025-08-27,11574.443963030573,13,0,0.5,0,0.5,0.5,0.0063235196871938015,0.0063036101248359015
2025-08-28,11324.366850704346,13,0,0.5,0,0.5,0.5,-0.021605972012563868,-0.021842798483653288
2025-08-29,11407.243945271635,13,0,0.5,0,0.5,0.5,0.0073184749010613,0.007291824809980153
2025-08-30,11311.98009180649,13,0,0.5,0,0.5,0.5,-0.008351171757366771,-0.008386238159064906
2025-08-31,11230.056686134256,13,0,0.5,0,0.5,0.5,-0.007242180856698366,-0.007268532755707914
2025-09-01,11374.08169948628,13,0,0.5,0,0.5,0.5,0.012824958713685941,0.012743415383839768
2025-09-02,11414.676718627388,13,0,0.5,0,0.5,0.5,0.003569081022421594,0.0035627269670201883
2025-09-03,11259.837369683994,13,0,0.5,0,0.5,0.5,-0.013564935105933928,-0.013657779412181699
2025-09-04,11337.467392446824,13,0,0.5,0,0.5,0.5,0.0068944177623597724,0.006870759939914625
2025-09-05,11328.035046219711,13,0,0.5,0,0.5,0.5,-0.000831962368720629,-0.0008323086414827055
2025-09-06,11392.312047640416,13,0,0.5,0,0.5,0.5,0.005674152768635254,0.00565811540086515
2025-09-07,11461.301266222037,13,0,0.5,0,0.5,0.5,0.006055769741306394,0.006037507259562019
2025-09-08,11420.974879567157,13,0,0.5,0,0.5,0.5,-0.0035184823885335836,-0.0035246868053889404
2025-09-09,11521.612167188745,13,0,0.5,0,0.5,0.5,0.008811619733236187,0.00877302397380322
2025-09-10,11574.207481566535,13,0,0.5,0,0.5,0.5,0.0045649266452112425,0.004554538968232183
2025-09-11,11687.33816834095,13,0,0.5,0,0.5,0.5,0.009774378673839346,0.009726918446830648
2025-09-12,11722.313956880185,13,0,0.5,0,0.5,0.5,0.002992622275102663,0.0029881532948219285
2025-09-13,11591.335997480906,13,0,0.5,0,0.5,0.5,-0.011173387769775944,-0.01123627897762438
2025-09-14,11460.342679283898,13,0,0.5,0,0.5,0.5,-0.01130096808732628,-0.011365309231270104
2025-09-15,11537.13864987265,13,0,0.5,0,0.5,0.5,0.006701018698818784,0.006678666671690319
2025-09-16,11650.558005333065,13,0,0.5,0,0.5,0.5,0.009830804578366381,0.009782796600649658
2025-09-17,11692.406517677471,13,0,0.5,0,0.5,0.5,0.003591974935900133,0.003585539200658909
2025-09-18,11499.565324373621,13,0,0.5,0,0.5,0.5,-0.016492857395293048,-0.01663037874451213
2025-09-19,11564.875211334302,13,0,0.5,0,0.5,0.5,0.005679335272112729,0.005663268650662662
2025-09-20,11488.454317607431,13,0,0.5,0,0.5,0.5,-0.006608017149374312,-0.006629946755560307
2025-09-21,11187.947494426475,13,0,0.5,0,0.5,0.5,-0.026157289298734843,-0.026505476366571516
2025-09-22,11192.265915233978,13,0,0.5,0,0.5,0.5,0.0003859886551715874,0.00038591418071420766
2025-09-23,11186.895181851427,13,0,0.5,0,0.5,0.5,-0.00047986113118003715,-0.0004799763013779205
2025-09-24,10920.3642412668,13,0,0.5,0,0.5,0.5,-0.02382528273054907,-0.024113694994317432
2025-09-25,11066.49217545408,13,0,0.5,0,0.5,0.5,0.013381232618146388,0.013292494663940708
2025-09-26,11030.75507878486,13,0,0.5,0,0.5,0.5,-0.003229306640498586,-0.0032345321039696606
2025-09-27,11133.06175324271,13,0,0.5,0,0.5,0.5,0.009274675552774614,0.00923192984789442
2025-09-28,11252.819331044197,13,0,0.5,0,0.5,0.5,0.010756931063155672,0.01069948686191058
2025-09-29,11169.323894618368,13,0,0.5,0,0.5,0.5,-0.00741995707648857,-0.007447621890773603
2025-09-30,11449.564738094703,13,0,0.5,0,0.5,0.5,0.025090224450502463,0.024780632570648123
2025-10-01,11555.796041741234,13,0,0.5,0,0.5,0.5,0.009278195815870749,0.009235417755638695
2025-10-02,11590.270076485624,13,0,0.5,0,0.5,0.5,0.0029832678441072957,0.0029788267310865294
2025-10-03,11481.300133117289,13,0,0.5,0,0.5,0.5,-0.009401846777445932,-0.009446323131621177
2025-10-04,11494.959990667317,13,0,0.5,0,0.5,0.5,0.001189748320456152,0.001189041130786042
2025-10-05,11611.846477658823,13,0,0.5,0,0.5,0.5,0.010168498810470439,0.010117147443923162
2025-10-06,11387.593188390741,13,0,0.5,0,0.5,0.5,-0.019312457299495267,-0.019501379121453017
2025-10-07,11467.84269356864,13,0,0.5,0,0.5,0.5,0.007047099755873809,0.007022384992060827
2025-10-08,11387.032135899752,13,0,0.5,0,0.5,0.5,-0.007046709640882054,-0.0070716549566038145
2025-10-09,10449.084386736557,13,0,0.5,0,0.5,0.5,-0.08236981664486032,-0.08596081990332324
2025-10-10,10294.290417313361,13,0,0.5,0,0.5,0.5,-0.014814118031210577,-0.01492494295537262
2025-10-11,10738.687604855104,13,0,0.5,0,0.5,0.5,0.04316928797679309,0.04226347155058511
2025-10-12,10914.516700837068,13,0,0.5,0,0.5,0.5,0.01637342498933192,0.016240825909275274
2025-10-13,10765.36053216168,13,0,0.5,0,0.5,0.5,-0.013665851889158698,-0.013760089183286733
2025-10-14,10604.76455220981,13,0,0.5,0,0.5,0.5,-0.014917845015230746,-0.015030235212233654
2025-10-15,10448.588200698947,13,0,0.5,0,0.5,0.5,-0.01472699848657355,-0.014836517314600218
2025-10-16,10290.648838351639,13,0,0.5,0,0.5,0.5,-0.01511585673715643,-0.015231265780897375
2025-10-17,10350.391288645318,13,0,0.5,0,0.5,0.5,0.00580550859640927,0.005788721571520235
2025-10-18,10439.37588696871,13,0,0.5,0,0.5,0.5,0.008597220708072228,0.008560475062870306
2025-10-19,10484.990856523034,13,0,0.5,0,0.5,0.5,0.0043695111708033085,0.004359992574536307
2025-10-20,10409.334014806209,13,0,0.5,0,0.5,0.5,-0.00721572796315384,-0.007241887242964975
2025-10-21,10306.265176655106,13,0,0.5,0,0.5,0.5,-0.009901578526013033,-0.009950925164617848
2025-10-22,10398.306008292377,13,0,0.5,0,0.5,0.5,0.008930570876999555,0.008890929169476603
2025-10-23,10445.373975271976,13,0,0.5,0,0.5,0.5,0.004526503349878697,0.004516289543876892
2025-10-24,10445.373975271976,13,0,0.5,0,0.5,0.5,0.0,0.0
