date,symbol,signal,action,weight,price,slope,norm_slope,r_squared,distance_from_trendline,breakout_z_score,signal_strength,volatility,days_held
2020-03-12,XRP/USD,SHORT,OPEN,-0.125,0.1388,-0.004355305895439376,-500.0,0.8377343536715586,-27.291038622199988,-2.2981797048193155,1.9252640896379025,1.7003500993414769,
2020-03-12,XLM/USD,SHORT,OPEN,-0.125,0.033426,-0.0012282751946607344,-500.0,0.861597917150778,-27.94947230467552,-2.222683834689917,1.9150597624535368,1.7305711697442274,
2020-03-12,ZRX/USD,SHORT,OPEN,-0.125,0.156576,-0.003553468965517241,-500.0,0.6588357051562678,-26.926818856828355,-1.9514668910224673,1.2856960652358969,1.6824139649002259,
2020-03-12,XTZ/USD,SHORT,OPEN,-0.125,1.3573,-0.03758645161290322,-500.0,0.5195228421740492,-44.54114083246043,-2.436063599110986,1.265590684726883,2.4966413414759554,
2020-03-17,XRP/USD,SHORT,CLOSE,0.0,0.1477,,,,,,,,5.0
2020-03-17,XLM/USD,SHORT,CLOSE,0.0,0.037462,,,,,,,,5.0
2020-03-17,ZRX/USD,SHORT,CLOSE,0.0,0.143481,,,,,,,,5.0
2020-03-17,XTZ/USD,SHORT,CLOSE,0.0,1.3656,,,,,,,,5.0
2020-05-07,ZRX/USD,LONG,OPEN,0.5,0.298706,0.002246515461624026,274.51010140163555,0.543897991074108,33.995001529385114,3.638576794674657,1.9790146089924128,1.4696768380428833,
2020-05-12,ZRX/USD,LONG,CLOSE,0.0,0.356313,,,,,,,,5.0
2020-07-19,ALGO/USD,LONG,OPEN,0.5,0.3888,0.004146829810901,389.29858049867937,0.5391137112269992,24.428330446165507,1.6392848418925736,0.88376093487087,1.0884884255281893,
2020-07-24,ALGO/USD,LONG,CLOSE,0.0,0.3123,,,,,,,,5.0
2020-07-31,XRP/USD,LONG,OPEN,0.5,0.26,0.0019635372636262506,275.6504235475313,0.732271378296293,11.849786384485734,1.750092203222457,1.2815424297993048,0.5881603147591096,
2020-08-05,XRP/USD,LONG,CLOSE,0.0,0.3028,,,,,,,,5.0
2020-08-12,LINK/USD,LONG,OPEN,0.5,16.49102,0.20010098109010005,442.88866363564244,0.537762711637337,37.062538490906064,1.9923737124253587,1.0714242901888087,1.4793685453144532,
2020-08-17,XLM/USD,LONG,OPEN,0.5,0.11383,0.00045901090100111235,147.18350071633668,0.5296185665422263,4.591318388734548,1.5512841183819595,0.8215888710771746,0.7073985376598706,
2020-08-17,LINK/USD,LONG,CLOSE,0.0,16.85393,,,,,,,,5.0
2020-08-21,ZRX/USD,LONG,OPEN,0.5,0.693609,0.008382501223581758,441.1149432327639,0.734900012835104,21.2315820073007,1.6924352542140455,1.2437706900444845,1.4691315297631315,
2020-08-22,XLM/USD,LONG,CLOSE,0.0,0.102264,,,,,,,,5.0
2020-08-26,ZRX/USD,LONG,CLOSE,0.0,0.659283,,,,,,,,5.0
2020-09-05,XLM/USD,SHORT,OPEN,-0.5,0.075569,-0.0007316142380422694,-353.3713518578099,0.5231239348905021,-15.16154492506376,-2.219916761148647,1.1612915912214592,0.9357417688296236,
2020-09-10,XLM/USD,SHORT,CLOSE,0.0,0.081145,,,,,,,,5.0
2020-11-27,XLM/USD,LONG,OPEN,0.5,0.206777,0.003200470300333704,500.0,0.5208035676774445,42.43401872521964,1.5979177784446315,0.8322012798691804,1.973026836272504,
2020-12-02,XLM/USD,LONG,CLOSE,0.0,0.185451,,,,,,,,5.0
2021-01-05,ALGO/USD,LONG,OPEN,0.5,0.4807,0.0037965962180200228,288.2790970620571,0.5031266431456625,21.28251804787262,2.007784713860192,1.0101699832436528,1.184310314190542,
2021-01-10,ALGO/USD,LONG,CLOSE,0.0,0.4575,,,,,,,,5.0
2021-01-17,LINK/USD,LONG,OPEN,0.5,23.26742,0.28675390656284766,449.8357613153473,0.6401448950508423,25.641127138401753,1.6804933261694093,1.0757592239143574,1.6572063936854342,
2021-01-22,LINK/USD,LONG,CLOSE,0.0,21.56518,,,,,,,,5.0
2021-02-04,ZRX/USD,LONG,OPEN,0.5,1.034348,0.01070569877641824,377.7819508900928,0.5966369950314777,42.66187489259695,3.034391437900267,1.81043018925806,1.9308212653212486,
2021-02-05,ALGO/USD,LONG,OPEN,0.5,0.836,0.01025761957730812,447.85061551644304,0.7808961382107498,18.48484238900849,2.0982852138801293,1.63854282038371,1.6086859237424085,
2021-02-09,XTZ/USD,LONG,OPEN,0.25,3.7742,0.02821419354838709,272.8573113550233,0.604931383748528,13.0011568594386,1.8316950835565726,1.108049841501253,1.4682385677596677,
2021-02-09,ZRX/USD,LONG,CLOSE,0.0,1.51079,,,,,,,,5.0
2021-02-10,ALGO/USD,LONG,CLOSE,0.0,1.0326,,,,,,,,5.0
2021-02-11,ALGO/USD,LONG,OPEN,0.16666666666666666,1.2396,0.019684404894327028,500.0,0.769245234306127,30.216849614938912,2.405734017000345,1.8505994275856505,1.6145654872645259,
2021-02-11,OXT/USD,LONG,OPEN,0.16666666666666666,0.5341,0.007023492769744161,479.980314726946,0.7243336606605726,22.267995965040203,1.7716382289944104,1.283257203773735,1.297634764335436,
2021-02-12,XLM/USD,LONG,OPEN,0.125,0.530464,0.00584569744160178,402.22891019647886,0.6159047137140703,29.15670568093179,1.958206033309698,1.2060683263387748,1.3914819202547244,
2021-02-13,EOS/USD,LONG,OPEN,0.08333333333333333,5.561,0.06698398220244715,439.65390224587685,0.6260538974753549,34.031185387868476,2.2817014503117066,1.4284680858428138,1.047917120030876,
2021-02-13,LINK/USD,LONG,OPEN,0.08333333333333333,34.25468,0.2949895483870967,314.3254736616728,0.65569763224828,20.69902515844224,1.8082969279122847,1.1856960140339239,1.5274954421211948,
2021-02-14,XTZ/USD,LONG,CLOSE,0.0,4.8643,,,,,,,,5.0
2021-02-16,ALGO/USD,LONG,CLOSE,0.0,1.3141,,,,,,,,5.0
2021-02-16,OXT/USD,LONG,CLOSE,0.0,0.6041,,,,,,,,5.0
2021-02-17,XLM/USD,LONG,CLOSE,0.0,0.49771,,,,,,,,5.0
2021-02-18,EOS/USD,LONG,CLOSE,0.0,4.82,,,,,,,,5.0
2021-04-13,XLM/USD,LONG,OPEN,0.5,0.657434,0.007232636040044492,401.54785949863253,0.6668574477407653,19.684476934404252,1.632266154637054,1.0884888419148993,1.222784661109235,
2021-04-18,XLM/USD,LONG,CLOSE,0.0,0.54604,,,,,,,,5.0
2021-05-23,GRT/USD,SHORT,OPEN,-0.25,0.6519,-0.02324591768631813,-500.0,0.5214777929036005,-34.84089802577489,-1.950208678735344,1.0169905174883542,2.2736337866756653,
2021-05-23,STORJ/USD,SHORT,OPEN,-0.25,0.9056,-0.03183935483870967,-500.0,0.535104567259877,-30.043533407591816,-1.5718071749128493,0.84108119814771,2.3870955027444416,
2021-05-28,GRT/USD,SHORT,CLOSE,0.0,0.6514,,,,,,,,5.0
2021-05-28,STORJ/USD,SHORT,CLOSE,0.0,1.0557,,,,,,,,5.0
2021-06-21,ANKR/USD,SHORT,OPEN,-0.16666666666666666,0.05658,-0.0014379132369299217,-500.0,0.7930284315746,-22.191429011660187,-2.5144810869900334,1.9940549926397015,1.3825859115390817,
2021-06-21,OXT/USD,SHORT,OPEN,-0.16666666666666666,0.2342,-0.005164738598442713,-500.0,0.6972026032319457,-16.6690259879881,-1.872564115362172,1.3055565759492318,1.597115815606857,
2021-06-21,STORJ/USD,SHORT,OPEN,-0.16666666666666666,0.622,-0.011622046718576192,-500.0,0.535904197211665,-25.886236410682955,-1.8977514741980424,1.0170129802873558,1.7396693039393236,
2021-06-22,MANA/USD,SHORT,OPEN,-0.1,0.438,-0.010989098998887652,-500.0,0.6746939292298445,-24.758393427119017,-2.0653273196921496,1.3934638044688397,1.8663486531545137,
2021-06-22,ZRX/USD,SHORT,OPEN,-0.1,0.579107,-0.012123067853170189,-500.0,0.5781424964072369,-23.959645954366245,-1.65283377959777,0.9555734474828635,1.7177235541330134,
2021-06-26,ANKR/USD,SHORT,CLOSE,0.0,0.06848,,,,,,,,5.0
2021-06-26,OXT/USD,SHORT,CLOSE,0.0,0.2371,,,,,,,,5.0
2021-06-27,MANA/USD,SHORT,CLOSE,0.0,0.494,,,,,,,,5.0
2021-06-27,ZRX/USD,SHORT,CLOSE,0.0,0.63823,,,,,,,,5.0
2021-08-10,CHZ/USD,LONG,OPEN,0.25,0.3271,0.002203670745272525,245.90028187846883,0.606377961712351,13.496300773423764,1.707457958139721,1.0353648763662968,0.8946312612299306,
2021-08-10,ADA/USD,LONG,OPEN,0.25,1.6788,0.010969299221357063,238.49143529874482,0.6080306182487181,15.709498518357758,1.5490256981658568,0.941855052938938,0.7647474655857848,
2021-08-14,XLM/USD,LONG,OPEN,0.25,0.395267,0.004128927919911011,381.27612241029965,0.7995770206060703,17.03938597213468,1.717215748557078,1.3730462519690911,0.9319247036348037,
2021-08-15,DOGE/USD,LONG,OPEN,0.5,0.3403,0.003924694104560624,420.9560235570461,0.7389309652771714,22.891293981693597,1.6068163405867883,1.1873263495729276,1.2017769445831878,
2021-08-15,CHZ/USD,LONG,CLOSE,0.0,0.3708,,,,,,,,5.0
2021-08-15,ADA/USD,LONG,CLOSE,0.0,2.1686,,,,,,,,5.0
2021-08-19,ALGO/USD,LONG,OPEN,0.5,1.0438,0.005300044493882092,185.33399504377883,0.5961844211070298,10.29621797323398,1.859946365145258,1.10887104699425,0.8751658405280964,
2021-08-19,XLM/USD,LONG,CLOSE,0.0,0.366972,,,,,,,,5.0
2021-08-20,DOGE/USD,LONG,CLOSE,0.0,0.3273,,,,,,,,5.0
2021-08-24,ALGO/USD,LONG,CLOSE,0.0,1.0369,,,,,,,,5.0
2021-09-04,ANKR/USD,LONG,OPEN,0.5,0.11496,0.0004286407119021133,136.09417175041003,0.5161971729406019,6.072577895970454,1.7270820471777129,0.8915148701896025,0.8293099272210096,
2021-09-05,ZRX/USD,LONG,OPEN,0.25,1.312434,0.008239696551724136,229.15356058889893,0.6669492940786503,10.605740360003752,1.6961513745068506,1.1312469618778764,0.8939231411590663,
2021-09-06,ALGO/USD,LONG,OPEN,0.25,1.4601,0.013721913236929919,343.0243361057065,0.6965380653619929,16.888318614115224,1.9610146186594133,1.365921328627614,1.1168033396768111,
2021-09-09,ANKR/USD,LONG,CLOSE,0.0,0.10215,,,,,,,,5.0
2021-09-10,ZRX/USD,LONG,CLOSE,0.0,1.007943,,,,,,,,5.0
2021-09-11,ALGO/USD,LONG,CLOSE,0.0,1.9948,,,,,,,,5.0
2021-09-12,ALGO/USD,LONG,OPEN,0.5,2.3787,0.03666367074527252,500.0,0.610444245458793,32.10817363678164,1.6178789548978478,0.9876248978662773,2.0412775429498797,
2021-09-17,ALGO/USD,LONG,CLOSE,0.0,1.9249,,,,,,,,5.0
2021-10-25,CRV/USD,LONG,OPEN,0.5,4.8092,0.040174438264738585,304.9087159325789,0.5309544148408565,39.13123222346623,3.559851117317536,1.8901186669159014,1.5317579568192239,
2022-01-21,XLM/USD,SHORT,OPEN,-0.5,0.202862,-0.0017043337041156832,-306.6527008519212,0.5784528796461611,-16.286177245159152,-2.1545715960896996,1.2463181441619122,0.8583908498649186,
2022-01-26,XLM/USD,SHORT,CLOSE,0.0,0.196933,,,,,,,,5.0
2022-03-30,ZRX/USD,LONG,OPEN,0.5,0.818426,0.006938075639599553,309.4229177046962,0.5096260112548389,24.33257359957163,2.309276884052042,1.1768675673024451,0.948532592773557,
2022-04-04,ZRX/USD,LONG,CLOSE,0.0,0.891871,,,,,,,,5.0
2022-05-01,CRO/USD,SHORT,OPEN,-0.5,0.3133,-0.0038251835372636266,-445.6405972234994,0.8187745912140306,-12.849930996362286,-1.6560345676504926,1.3559190261643361,0.6618246613322112,
2022-05-06,CRO/USD,SHORT,CLOSE,0.0,0.2802,,,,,,,,5.0
2022-05-09,OXT/USD,SHORT,OPEN,-0.125,0.1448,-0.0028327697441601777,-500.0,0.8350431577200063,-20.42272913684924,-2.828708259187039,2.362093477020207,1.0604369402230347,
2022-05-09,CRO/USD,SHORT,OPEN,-0.125,0.2075,-0.006391368186874305,-500.0,0.7976547632202591,-23.753926391275986,-2.5233722004629877,2.0127798550768885,1.102506273992039,
2022-05-09,XLM/USD,SHORT,OPEN,-0.125,0.140612,-0.001448020244716351,-375.8764467623447,0.7045059990740814,-14.552438519310288,-2.1496060009961955,1.5144103233474655,0.8178732025226235,
2022-05-09,GRT/USD,SHORT,OPEN,-0.125,0.2389,-0.0031205116796440484,-476.7629816115855,0.6865222310592164,-19.236674852887933,-1.7770567808717261,1.2199889859229665,1.2487615010758697,
2022-05-11,IMX/USD,SHORT,OPEN,-0.1,0.856,-0.02407119021134594,-500.0,0.6578124021388089,-33.628030834852105,-2.5899717323548823,1.7037155267319772,1.7851096040836807,
2022-05-13,ALGO/USD,SHORT,OPEN,-0.125,0.4426,-0.007504338153503893,-500.0,0.5077421019104944,-19.841169379731,-1.831972663718737,0.9301696509191189,1.5930013141155857,
2022-05-14,OXT/USD,SHORT,CLOSE,0.0,0.1198,,,,,,,,5.0
2022-05-14,CRO/USD,SHORT,CLOSE,0.0,0.1889,,,,,,,,5.0
2022-05-14,XLM/USD,SHORT,CLOSE,0.0,0.138111,,,,,,,,5.0
2022-05-14,GRT/USD,SHORT,CLOSE,0.0,0.1924,,,,,,,,5.0
2022-05-16,IMX/USD,SHORT,CLOSE,0.0,0.879,,,,,,,,5.0
2022-05-18,ALGO/USD,SHORT,CLOSE,0.0,0.4328,,,,,,,,5.0
2022-06-12,CRO/USD,SHORT,OPEN,-0.5,0.1404,-0.0011266963292547276,-292.90894599570913,0.5493690923000507,-14.664066390692323,-2.162084741128498,1.187782531709553,0.9205506906354302,
2022-06-13,ALGO/USD,SHORT,OPEN,-0.25,0.3039,-0.0037721690767519456,-453.05749029761773,0.6104877159104488,-12.94264558843733,-1.7293609457736008,1.0557536137700592,1.0484056833481123,
2022-06-17,CRO/USD,SHORT,CLOSE,0.0,0.1148,,,,,,,,5.0
2022-06-18,ALGO/USD,SHORT,CLOSE,0.0,0.2955,,,,,,,,5.0
2022-12-16,XLM/USD,SHORT,OPEN,-0.25,0.074234,-0.00027352369299221354,-134.4884391817199,0.537246972880107,-9.965998994933418,-2.650628159416223,1.4240419548771357,0.4829989135485626,
2022-12-16,ALGO/USD,SHORT,OPEN,-0.25,0.185,-0.0021064961067853165,-415.6059886360219,0.7047017670423503,-11.011689252094783,-1.5312894630412492,1.0791023904585002,0.8714595477345043,
2022-12-21,XLM/USD,SHORT,CLOSE,0.0,0.075136,,,,,,,,5.0
2022-12-21,ALGO/USD,SHORT,CLOSE,0.0,0.1703,,,,,,,,5.0
2023-01-14,CRO/USD,LONG,OPEN,0.5,0.0762,0.0004084538375973305,195.65046026643782,0.5560914818319665,15.601825721267593,2.214362786295267,1.2313882831444973,0.5859439676407644,
2023-01-19,CRO/USD,LONG,CLOSE,0.0,0.074,,,,,,,,5.0
2023-02-05,GRT/USD,LONG,OPEN,0.5,0.1328,0.001348231368186874,370.56057935859116,0.7467638741507531,25.50479748144927,2.2939804703336995,1.71306174325256,1.0309145518147242,
2023-02-10,GRT/USD,LONG,CLOSE,0.0,0.1666,,,,,,,,5.0
2023-03-10,ALGO/USD,SHORT,OPEN,-0.5,0.1888,-0.001988765294771968,-384.48057870326716,0.5010911500927452,-13.687313140091979,-1.7853707529998188,0.8946334839626298,0.7676680526161902,
2023-03-15,ALGO/USD,SHORT,CLOSE,0.0,0.2046,,,,,,,,5.0
2023-03-31,XLM/USD,LONG,OPEN,0.5,0.112266,0.0007182936596218021,233.53213418306322,0.6298158592169757,13.364969768763741,1.7366124634534332,1.093746070796833,0.7169694908465547,
2023-04-05,XLM/USD,LONG,CLOSE,0.0,0.107286,,,,,,,,5.0
2023-05-25,ALGO/USD,SHORT,OPEN,-0.5,0.1503,-0.0009410678531701893,-228.53610539395814,0.8053908227276286,-3.8989343416981534,-1.5410946636170972,1.241183499031732,0.43181562464715545,
2023-05-30,ALGO/USD,SHORT,CLOSE,0.0,0.1515,,,,,,,,5.0
2023-06-05,ALGO/USD,SHORT,OPEN,-0.5,0.1378,-0.0008542602892102336,-226.2735889417527,0.7593361806278294,-5.829220762043048,-2.4085885986424307,1.828928467196879,0.5143744388117,
2023-06-10,CRO/USD,SHORT,OPEN,-0.25,0.0541,-0.0002341713014460512,-157.98987990352805,0.8173353048721166,-5.723697524340611,-1.9365333606908848,1.5827970847553088,0.34606282750225964,
2023-06-10,ALGO/USD,SHORT,CLOSE,0.0,0.111,,,,,,,,5.0
2023-06-11,ALGO/USD,SHORT,OPEN,-0.5,0.1107,-0.0016925695216907675,-500.0,0.806267615245687,-11.619877307776166,-1.905056940386649,1.5359857162327886,0.649291300734944,
2023-06-15,CRO/USD,SHORT,CLOSE,0.0,0.0525,,,,,,,,5.0
2023-06-16,ALGO/USD,SHORT,CLOSE,0.0,0.1157,,,,,,,,5.0
2023-07-13,XLM/USD,LONG,OPEN,0.5,0.155163,0.0012426407119021136,292.31444342032023,0.5291185120373884,36.285835035171786,2.9785132786339306,1.5759865140743885,1.771438017934269,
2023-07-18,XLM/USD,LONG,CLOSE,0.0,0.132516,,,,,,,,5.0
2023-08-16,CRO/USD,SHORT,OPEN,-0.5,0.0539,-0.00014869855394883193,-100.69568124549843,0.7064174778202598,-4.201401231524252,-1.880580380207368,1.328474849024354,0.25533811058041234,
2023-08-17,GRT/USD,SHORT,OPEN,-0.25,0.0884,-0.0005688320355951057,-234.8684309866669,0.704954052376668,-11.994793250065293,-2.869056317684514,2.022552877648579,0.5248058571438751,
2023-08-21,CRO/USD,SHORT,CLOSE,0.0,0.0518,,,,,,,,5.0
2023-08-22,GRT/USD,SHORT,CLOSE,0.0,0.0908,,,,,,,,5.0
2023-10-24,CRO/USD,LONG,OPEN,0.5,0.0574,0.000159265850945495,101.27532333642104,0.5012988695860989,6.811851709565878,2.3972651562508833,1.2017463129267105,0.3357873356614768,
2023-10-29,CRO/USD,LONG,CLOSE,0.0,0.06,,,,,,,,5.0
2023-11-02,CRO/USD,LONG,OPEN,0.5,0.067,0.0005147274749721914,280.4112363654475,0.8484865391417227,7.913295278208817,1.7676824440330798,1.4998547592392097,0.38131907520055847,
2023-11-06,GRT/USD,LONG,OPEN,0.16666666666666666,0.1578,0.001804538375973304,417.3995609824182,0.7409467837894764,29.7422024188415,2.6883305452785,1.991909871287114,1.038519291698013,
2023-11-06,ALGO/USD,LONG,OPEN,0.16666666666666666,0.1291,0.0009123915461624022,257.95733102190303,0.6561633671374458,12.54499437570303,1.5606454448838734,1.0240383700227196,0.5458592249427777,
2023-11-07,CRO/USD,LONG,CLOSE,0.0,0.0797,,,,,,,,5.0
2023-11-08,CRO/USD,LONG,OPEN,0.5,0.0803,0.000930723025583982,423.0559207199919,0.8657312401726466,10.329248870543102,1.6364103042074158,1.416691522092784,0.46247230422988905,
2023-11-11,ZRX/USD,LONG,OPEN,0.25,0.46063,0.003918403337041157,310.491548101518,0.5428208961190882,47.39693908689821,4.439097209955046,2.409634725467542,1.8482760322829155,
2023-11-11,GRT/USD,LONG,CLOSE,0.0,0.1364,,,,,,,,5.0
2023-11-11,ALGO/USD,LONG,CLOSE,0.0,0.1335,,,,,,,,5.0
2023-11-13,CRO/USD,LONG,CLOSE,0.0,0.0915,,,,,,,,5.0
2023-11-16,ZRX/USD,LONG,CLOSE,0.0,0.467876,,,,,,,,5.0
2023-12-08,GRT/USD,LONG,OPEN,0.5,0.1741,0.0012166407119021136,255.06827101911054,0.7048255771229918,8.297214864756395,1.696595433899262,1.1958038558422799,0.9573956687795466,
2023-12-11,ALGO/USD,LONG,OPEN,0.5,0.2026,0.0018049833147942152,325.18208780843463,0.5273767875031794,16.782032656177943,1.5892481711676638,0.8381325950557055,1.034918033707097,
2023-12-13,GRT/USD,LONG,CLOSE,0.0,0.1643,,,,,,,,5.0
2023-12-16,ALGO/USD,LONG,CLOSE,0.0,0.198,,,,,,,,5.0
2023-12-25,GRT/USD,LONG,OPEN,0.5,0.1967,0.0011908342602892103,220.9733121533105,0.5948642883521869,9.45182841531756,1.744341926977611,1.037646719034419,0.8242786405169966,
2023-12-30,GRT/USD,LONG,CLOSE,0.0,0.1781,,,,,,,,5.0
2024-01-01,GRT/USD,LONG,OPEN,0.5,0.2175,0.0013850500556173526,232.43368749440629,0.5700442809177853,12.860047403730718,2.017659382365394,1.1501551917575037,1.0106916507507462,
2024-01-06,GRT/USD,LONG,CLOSE,0.0,0.172,,,,,,,,5.0
2024-02-17,GRT/USD,LONG,OPEN,0.5,0.2161,0.0012638932146829811,213.4757165012902,0.5682798937884359,18.901908720763068,2.7346369079570954,1.554039171603795,0.6597827080618192,
2024-02-22,GRT/USD,LONG,CLOSE,0.0,0.2698,,,,,,,,5.0
2024-02-29,CRO/USD,LONG,OPEN,0.5,0.109,0.0007504115684093438,251.28460777010136,0.8513070081792435,8.080271751994347,1.5404217291975881,1.3113718136174957,0.402998111736143,
2024-03-02,XLM/USD,LONG,OPEN,0.25,0.13835,0.0005972669632925473,157.57314174324523,0.6963210181511015,11.41067191721638,3.615847335291298,2.5177904979889836,0.42157203306849966,
2024-03-03,BONK/USD,LONG,OPEN,0.16666666666666666,2.718e-05,3.8543492769744154e-07,500.0,0.5358606535152045,38.27974988922261,1.5741483016402817,0.8435241376468107,1.5173524486667656,
2024-03-05,CRO/USD,LONG,CLOSE,0.0,0.1535,,,,,,,,5.0
2024-03-07,XLM/USD,LONG,CLOSE,0.0,0.142191,,,,,,,,5.0
2024-03-08,BONK/USD,LONG,CLOSE,0.0,3.18e-05,,,,,,,,5.0
2024-03-09,GRT/USD,LONG,OPEN,0.5,0.454,0.007165628476084539,500.0,0.8709303112330475,23.71529132955698,1.6239531764717723,1.414350045412457,1.4298814359096133,
2024-03-11,ZRX/USD,LONG,OPEN,0.25,0.825834,0.011288875862068962,498.94284924756926,0.6149761033112247,41.2804244511025,2.8258547832178738,1.7378331631067134,1.5187493583739893,
2024-03-11,XLM/USD,LONG,OPEN,0.25,0.157618,0.0013086055617352616,303.0371087270302,0.8066419699575152,9.407675044305797,1.8420967539876054,1.4859125544889065,0.7425299950929355,
2024-03-12,ALGO/USD,LONG,OPEN,0.25,0.3179,0.004005072302558399,459.8463008599608,0.8539411135864822,13.099386927391482,1.6331482461143298,1.394612431938681,0.8936684443469098,
2024-03-14,GRT/USD,LONG,CLOSE,0.0,0.4369,,,,,,,,5.0
2024-03-16,ZRX/USD,LONG,CLOSE,0.0,1.355666,,,,,,,,5.0
2024-03-16,XLM/USD,LONG,CLOSE,0.0,0.129193,,,,,,,,5.0
2024-03-17,ALGO/USD,LONG,CLOSE,0.0,0.275,,,,,,,,5.0
2024-04-13,GRT/USD,SHORT,OPEN,-0.5,0.2374,-0.0038390878754171296,-500.0,0.6212095488790497,-22.574305619361375,-2.425808150083705,1.5069351865806204,1.1968449079973358,
2024-04-18,GRT/USD,SHORT,CLOSE,0.0,0.2556,,,,,,,,5.0
2024-06-11,CRO/USD,SHORT,OPEN,-0.5,0.1015,-0.0006750611790878753,-242.755990509433,0.7720238151169048,-5.912478021824659,-1.9657581819005727,1.5176121311881505,0.5198457208946303,
2024-06-16,CRO/USD,SHORT,CLOSE,0.0,0.0991,,,,,,,,5.0
2024-06-18,ALGO/USD,SHORT,OPEN,-0.5,0.1339,-0.001668587319243604,-454.84269717992197,0.7556311988655687,-11.866621182245806,-1.620547007229889,1.2245358778911306,0.6995653183357103,
2024-06-23,ALGO/USD,SHORT,CLOSE,0.0,0.1324,,,,,,,,5.0
2024-10-06,CVC/USD,LONG,OPEN,0.5,0.2007,0.0022460066740823134,408.4665849726181,0.6407617525050974,28.488762714571298,2.4741921423661473,1.5853676931768739,1.4693116284524543,
2024-10-11,CVC/USD,LONG,CLOSE,0.0,0.1612,,,,,,,,5.0
2024-11-18,XLM/USD,LONG,OPEN,0.25,0.231774,0.003040477641824249,478.8174425370623,0.5008599941618677,46.914674748291446,2.27307836792004,1.138494018085899,1.7753732357475214,
2024-11-18,ALGO/USD,LONG,OPEN,0.25,0.2161,0.002321624026696329,392.1299258418141,0.5403047352619736,28.173027496489112,1.9520973271273634,1.0547274295391564,1.2935101863861351,
2024-11-23,XLM/USD,LONG,CLOSE,0.0,0.52229,,,,,,,,5.0
2024-11-23,ALGO/USD,LONG,CLOSE,0.0,0.294,,,,,,,,5.0
2024-11-24,OXT/USD,LONG,OPEN,0.16666666666666666,0.1242,0.0009646718576195773,283.49857329399816,0.5029020019142223,43.372085229346176,3.8427708529719684,1.9325371548572265,1.457871251246087,
2024-11-24,XTZ/USD,LONG,OPEN,0.16666666666666666,1.414,0.020692324805339266,500.0,0.7021497212006362,29.601267806352023,1.7211891449414074,1.2085324782541707,1.7555498354813366,
2024-11-24,XLM/USD,LONG,OPEN,0.16666666666666666,0.536547,0.01049236062291435,500.0,0.6055481871030259,68.66568075796543,1.9724808734737653,1.1944322170274317,2.3295577806571717,
2024-11-27,LDO/USD,LONG,OPEN,0.5,1.795,0.016402892102335927,333.54070291658013,0.5164265043455791,22.36895925359588,1.7469951935706478,0.902194620924218,1.560575826088203,
2024-11-29,ALGO/USD,LONG,OPEN,0.5,0.4407,0.008592035595105671,500.0,0.8536092610513248,38.36248891853699,2.118198296601819,1.8081136827224538,1.8315328202165218,
2024-11-29,OXT/USD,LONG,CLOSE,0.0,0.1137,,,,,,,,5.0
2024-11-29,XTZ/USD,LONG,CLOSE,0.0,1.369,,,,,,,,5.0
2024-11-29,XLM/USD,LONG,CLOSE,0.0,0.548399,,,,,,,,5.0
2024-12-02,LDO/USD,LONG,CLOSE,0.0,1.86,,,,,,,,5.0
2024-12-04,ALGO/USD,LONG,CLOSE,0.0,0.4792,,,,,,,,5.0
2025-02-02,CRO/USD,SHORT,OPEN,-0.5,0.1086,-0.0010347719688542823,-347.78247571990147,0.6802080706602776,-12.149526206924135,-2.5781523238069504,1.753680018045037,0.7572160278787081,
2025-02-05,GRT/USD,SHORT,OPEN,-0.25,0.1347,-0.0024612903225806446,-500.0,0.735570619576888,-12.23304752843453,-1.5550345707239184,1.1438377426508726,1.0855081142611287,
2025-02-07,CRO/USD,SHORT,CLOSE,0.0,0.0944,,,,,,,,5.0
2025-02-10,GRT/USD,SHORT,CLOSE,0.0,0.1397,,,,,,,,5.0
2025-03-03,MOG/USD,SHORT,OPEN,-0.25,5.7e-07,-1.0431590656284758e-08,-500.0,0.7459317501954928,-10.622154779969646,-1.6405682778264299,1.2237519667942744,1.747934281975836,
2025-03-03,TURBO/USD,SHORT,OPEN,-0.25,0.003047,-2.7480088987764187e-05,-329.1838687408575,0.5820220120993361,-4.889399956501053,-1.5696302744191004,0.9135593705694379,1.5147114091902887,
2025-03-08,MOG/USD,SHORT,CLOSE,0.0,5e-07,,,,,,,,5.0
2025-03-08,TURBO/USD,SHORT,CLOSE,0.0,0.002437,,,,,,,,5.0
2025-03-09,GIGA/USD,SHORT,OPEN,-0.07142857142857142,0.01098,-0.0007427230255839822,-500.0,0.9003431404726477,-21.97926965493741,-2.028788761295075,1.8266060447000207,2.020919900673289,
2025-03-09,TURBO/USD,SHORT,OPEN,-0.07142857142857142,0.002045,-4.4926585094549514e-05,-500.0,0.6894095228566253,-23.3354375424772,-2.347254752371638,1.6182197788554769,1.5036092469671865,
2025-03-09,MOG/USD,SHORT,OPEN,-0.07142857142857142,4.2e-07,-1.4593993325917684e-08,-500.0,0.8848986611559367,-15.953005981839286,-1.6141925374688635,1.4283968152541016,1.6919868315197746,
2025-03-09,FLOKI/USD,SHORT,OPEN,-0.07142857142857142,5.95e-05,-1.07670745272525e-06,-500.0,0.7565281672406181,-16.35552868263927,-1.8572885930871448,1.4050911353651239,1.1572535008266847,
2025-03-09,GRT/USD,SHORT,OPEN,-0.07142857142857142,0.091,-0.0014429143492769745,-500.0,0.7509256125634816,-13.520903968657866,-1.722214491779183,1.2932549722049882,1.017293472134895,
2025-03-09,ALGO/USD,SHORT,OPEN,-0.07142857142857142,0.2011,-0.0023086095661846496,-419.0166542304312,0.6368973733416553,-10.817167157668264,-2.010428433801726,1.2804365887796973,1.2017112077832959,
2025-03-09,PEPE/USD,SHORT,OPEN,-0.07142857142857142,5.86e-06,-1.2842936596218019e-07,-500.0,0.8122950290884846,-13.485625386947772,-1.5620371212644466,1.2688349888547965,1.357751495042797,
2025-03-10,XLM/USD,SHORT,OPEN,-0.07142857142857142,0.241778,-0.0023027528364849828,-347.6349317626164,0.5102832459596351,-13.138526467226546,-1.9215876066650388,0.9805539613248426,1.089188429553296,
2025-03-14,GIGA/USD,SHORT,CLOSE,0.0,0.01326,,,,,,,,5.0
2025-03-14,TURBO/USD,SHORT,CLOSE,0.0,0.00223,,,,,,,,5.0
2025-03-14,MOG/USD,SHORT,CLOSE,0.0,4.5e-07,,,,,,,,5.0
2025-03-14,FLOKI/USD,SHORT,CLOSE,0.0,6.16e-05,,,,,,,,5.0
2025-03-14,GRT/USD,SHORT,CLOSE,0.0,0.0943,,,,,,,,5.0
2025-03-14,ALGO/USD,SHORT,CLOSE,0.0,0.1985,,,,,,,,5.0
2025-03-14,PEPE/USD,SHORT,CLOSE,0.0,7.06e-06,,,,,,,,5.0
2025-03-15,XLM/USD,SHORT,CLOSE,0.0,0.274559,,,,,,,,5.0
2025-05-08,MOG/USD,LONG,OPEN,0.25,9.9e-07,1.197330367074527e-08,441.4399838204064,0.6700435362118852,35.56452087873258,1.8324939826464357,1.2278507482194188,1.86579883978306,
2025-05-08,PEPE/USD,LONG,OPEN,0.25,1.111e-05,7.85650723025584e-08,258.11207372127643,0.5258713289069537,20.105595000627694,1.757941484686085,0.9244510246925346,1.305545761911828,
2025-05-10,ATH/USD,LONG,OPEN,0.25,0.03822,0.00023352169076751948,223.01260368954635,0.5618497581381704,14.184770352552075,1.8897671386017065,1.0617652097608312,0.8992928462660115,
2025-05-12,WIF/USD,LONG,OPEN,0.25,1.148,0.016381090100111233,500.0,0.6672755211881162,39.54181392333593,1.7628265520045208,1.1762910062530663,1.6887493113350744,
2025-05-13,MOG/USD,LONG,CLOSE,0.0,1.13e-06,,,,,,,,5.0
2025-05-13,PEPE/USD,LONG,CLOSE,0.0,1.444e-05,,,,,,,,5.0
2025-05-15,ATH/USD,LONG,CLOSE,0.0,0.04852,,,,,,,,5.0
2025-05-17,WIF/USD,LONG,CLOSE,0.0,0.932,,,,,,,,5.0
2025-06-17,ATH/USD,SHORT,OPEN,-0.5,0.03468,-0.0003888431590656285,-409.2495762945628,0.5194163755059581,-17.761651478140237,-1.7191598281908804,0.8929597668743527,0.7320127878256468,
2025-06-22,ATH/USD,SHORT,CLOSE,0.0,0.03094,,,,,,,,5.0
2025-07-11,PENGU/USD,LONG,OPEN,0.5,0.02356,0.00036525472747497216,500.0,0.7348123529143366,31.40335579083221,1.5467848400072362,1.1365966077379428,1.742061520329886,
2025-07-13,MOG/USD,LONG,OPEN,0.25,1.9e-06,2.31412680756396e-08,444.55593934781336,0.5332831259477586,38.529563949386144,2.194539742889837,1.1703110141048827,1.6329306798678165,
2025-07-15,ALGO/USD,LONG,OPEN,0.5,0.2838,0.002689187986651835,345.8610342240732,0.5293948245458148,24.054785763973758,2.0070088154895673,1.062500079738003,1.0057946434398706,
2025-07-16,BONK/USD,LONG,OPEN,0.25,3.867e-05,6.242358175750833e-07,500.0,0.7625661432182247,39.91899715206126,2.2364945581311093,1.7054750295225876,1.5337291700760993,
2025-07-16,FLOKI/USD,LONG,OPEN,0.25,0.0001311,1.3499666295884314e-06,375.8488327992201,0.6790150775506817,29.19075512003254,2.3745090238225135,1.6123274289556375,1.4573847148835317,
2025-07-16,PENGU/USD,LONG,CLOSE,0.0,0.03083,,,,,,,,5.0
2025-07-17,RSR/USD,LONG,OPEN,0.25,0.009645,9.059176863181312e-05,342.8304359835333,0.8028916740637266,14.042401597688317,1.728777191973242,1.3880208137465848,1.0047506330170308,
2025-07-18,MOG/USD,LONG,CLOSE,0.0,1.53e-06,,,,,,,,5.0
2025-07-20,ALGO/USD,LONG,CLOSE,0.0,0.2912,,,,,,,,5.0
2025-07-21,BONK/USD,LONG,CLOSE,0.0,3.464e-05,,,,,,,,5.0
2025-07-21,FLOKI/USD,LONG,CLOSE,0.0,0.000147,,,,,,,,5.0
2025-07-22,RSR/USD,LONG,CLOSE,0.0,0.00983,,,,,,,,5.0
2025-09-20,W/USD,LONG,OPEN,0.5,0.11986,0.0010535528364849834,320.8299560462364,0.5442692185765591,16.879742513895156,1.5156365006438623,0.8249142938515455,1.2943360244905484,
2025-09-25,W/USD,LONG,CLOSE,0.0,0.10226,,,,,,,,5.0
2025-10-10,WIF/USD,SHORT,OPEN,-0.05555555555555555,0.473,-0.010226918798665184,-500.0,0.6895901066326059,-28.568876821949146,-2.5443433781585387,1.7545540214543114,1.6092086674967325,
2025-10-10,BIO/USD,SHORT,OPEN,-0.05555555555555555,0.08323,-0.0018614593993325915,-500.0,0.5902820524392774,-30.095345505763603,-2.4233520447181904,1.4304612187391732,1.59424248205264,
2025-10-10,PEPE/USD,SHORT,OPEN,-0.05555555555555555,6.71e-06,-8.859176863181311e-08,-481.9075342863157,0.5620622563674651,-23.57705854401699,-2.423528132886547,1.3621736907402422,1.3332104925103805,
2025-10-10,BONK/USD,SHORT,OPEN,-0.05555555555555555,1.373e-05,-2.5233147942157947e-07,-500.0,0.6597043067251586,-22.55274085018579,-1.9498091181093138,1.2862974725086977,1.4231870422071866,
2025-10-10,GRT/USD,SHORT,OPEN,-0.05555555555555555,0.0657,-0.0007539933259176863,-418.88518106538135,0.6849884041383484,-14.23771064754383,-1.8759752130384777,1.285021267382325,0.9368709303581169,
2025-10-10,TURBO/USD,SHORT,OPEN,-0.05555555555555555,0.002511,-3.391679644048943e-05,-493.01595781675195,0.5090102846181946,-23.947649871879886,-2.4825100674053595,1.2636231559775357,1.4399137645339544,
2025-10-10,POPCAT/USD,SHORT,OPEN,-0.05555555555555555,0.1547,-0.002652035595105673,-500.0,0.5516724557311234,-24.742955064737252,-2.2465144275696556,1.239340131092751,1.5457558700492902,
2025-10-10,RSR/USD,SHORT,OPEN,-0.05555555555555555,0.00416,-8.531457174638487e-05,-500.0,0.580799932785638,-22.576399970701992,-1.9614840496767538,1.1392298042123596,1.5964936007854373,
2025-10-10,FARTCOIN/USD,SHORT,OPEN,-0.05555555555555555,0.377,-0.011456395995550614,-500.0,0.5519256397943627,-30.631233810788906,-1.9379361413724634,1.0695966447076155,2.2264903647852834,
2025-10-11,ENA/USD,SHORT,OPEN,-0.05555555555555555,0.3694,-0.00832667408231368,-500.0,0.7426714675275041,-25.27862120566206,-2.263022898078734,1.6806825367644787,1.1930925430488204,
2025-10-15,WIF/USD,SHORT,CLOSE,0.0,0.543,,,,,,,,5.0
2025-10-15,BIO/USD,SHORT,CLOSE,0.0,0.08993,,,,,,,,5.0
2025-10-15,PEPE/USD,SHORT,CLOSE,0.0,7.18e-06,,,,,,,,5.0
2025-10-15,BONK/USD,SHORT,CLOSE,0.0,1.514e-05,,,,,,,,5.0
2025-10-15,GRT/USD,SHORT,CLOSE,0.0,0.0665,,,,,,,,5.0
2025-10-15,TURBO/USD,SHORT,CLOSE,0.0,0.002666,,,,,,,,5.0
2025-10-15,POPCAT/USD,SHORT,CLOSE,0.0,0.1584,,,,,,,,5.0
2025-10-15,RSR/USD,SHORT,CLOSE,0.0,0.006623,,,,,,,,5.0
2025-10-15,FARTCOIN/USD,SHORT,CLOSE,0.0,0.3964,,,,,,,,5.0
2025-10-16,ENA/USD,SHORT,CLOSE,0.0,0.4028,,,,,,,,5.0
2025-10-17,GIGA/USD,SHORT,OPEN,-0.25,0.00638,-0.00014975305895439375,-500.0,0.5548626829688301,-24.579578243571344,-2.080373521576645,1.1543216337593305,1.6133932164389189,
2025-10-17,ATH/USD,SHORT,OPEN,-0.25,0.02943,-0.0008881134593993325,-500.0,0.7274609272619634,-25.19068654810474,-1.5080215765412006,1.0970267744017097,1.8036165643163045,
2025-10-22,GIGA/USD,SHORT,CLOSE,0.0,0.00599,,,,,,,,5.0
2025-10-22,ATH/USD,SHORT,CLOSE,0.0,0.02823,,,,,,,,5.0
