date,majors_return,small_caps_return,iqr_spread
2021-04-10,0.0,0.0,41.04565597456222
2021-04-11,-0.002037959362268664,0.0,46.51888805080885
2021-04-12,0.03804592859323243,0.0,37.56418392609408
2021-04-13,0.021561205865858496,0.0,56.36826595409382
2021-04-14,0.016579973195502817,0.0,49.43179869514705
2021-04-15,0.011249230421743164,0.0,39.649536914021795
2021-04-16,-0.022708328697624455,0.0,54.46032378303475
2021-04-17,-0.03432706545601787,0.0,51.28242776746128
2021-04-18,-0.03771375661238151,0.0,48.686985250260896
2021-04-19,0.022259933870772283,0.0,37.35595229128633
2021-04-20,-0.02235656168860222,0.0,45.32460769883363
2021-04-21,-0.019897273674423954,0.0,43.343469546344096
2021-04-22,-0.008899006755490695,0.0,48.06800662974581
2021-04-23,-0.03603568390829422,0.0,49.323102477632695
2021-04-24,0.003164356024845153,0.0,35.60065261110617
2021-04-25,0.06243106257117842,0.0,30.069752426441788
2021-04-26,0.02342931099881037,0.0,42.48655704906811
2021-04-27,0.0010352015405301028,0.0,43.38278821852902
2021-04-28,-0.007968380454126742,0.0,42.19769464132886
2021-04-29,0.02991356316378793,0.0,40.24555756181232
2021-04-30,0.018628922769456265,0.0,38.35092545116759
2021-05-01,-0.010577853012321801,0.0,39.226467663500685
2021-05-02,0.02785356086685329,0.0,33.14265511624924
2021-05-03,-0.02743923799622842,0.0,44.55679404555322
2021-05-04,0.08713910427102763,0.0,41.43506623881598
2021-05-05,0.024180214050842745,0.0,51.14563411047743
2021-05-06,-0.015182060087548578,0.0,54.09160802732974
2021-05-07,0.008480036586634609,0.0,51.61102118387394
2021-05-08,0.01612472975628962,0.0,49.63129293139832
2021-05-09,-0.030327990842708923,0.0,57.04452543744043
2021-05-10,0.05536341832215169,0.0,44.35620761814393
2021-05-11,-0.08367225499261606,0.0,47.2731771136365
2021-05-12,0.021829845057497847,0.0,41.19592598552531
2021-05-13,0.019350165719084638,0.0,44.918890561211825
2021-05-14,-0.02866283593251324,0.0,36.64339931501457
2021-05-15,9.068985865330604e-05,0.0,29.154484691244363
2021-05-16,-0.02401997281102732,0.0,28.892968800525956
2021-05-17,0.009693625301087383,0.0,35.09461175245758
2021-05-18,-0.10372032016404557,0.0,34.92559039087158
2021-05-19,0.03734910878226265,0.0,23.935635911660235
2021-05-20,-0.04078990621109464,0.0,24.728304322431903
2021-05-21,-0.01754990361573998,0.0,23.602925893268218
2021-05-22,-0.03415502385651645,0.0,22.8489484349234
2021-05-23,0.06074381157929699,0.0,23.586806691846512
2021-05-24,0.0004949285548009891,0.0,29.64382190077906
2021-05-25,0.024026252132962993,0.0,27.738065299487985
2021-05-26,-0.007117935613155389,0.0,18.693338101669973
2021-05-27,-0.027818244939829904,0.0,17.99840001122992
2021-05-28,-0.016205181027912584,0.0,17.590765197888288
2021-05-29,0.010317549203966415,0.0,13.120281809825997
2021-05-30,0.025879868438758002,0.0,16.417440487086928
2021-05-31,-0.003863507873606887,0.0,16.264071394268882
2021-06-01,0.004246593249635248,0.0,16.884416021776843
2021-06-02,0.009546193633526583,0.0,12.538387073391966
2021-06-03,-0.021796524159708928,0.0,19.136982522057423
2021-06-04,-0.009533509220918448,0.0,13.899467019370007
2021-06-05,0.006922722995149112,0.0,13.153087367407252
2021-06-06,-0.02338153272035265,0.0,11.464812769819957
2021-06-07,-0.002500424433264631,0.0,13.625804874014719
2021-06-08,0.014755492614536047,0.0,12.815159198642228
2021-06-09,-0.01526028725922177,0.0,14.670776132976492
2021-06-10,-0.011524651381422397,0.0,12.913004902190352
2021-06-11,0.0002782544217199456,0.0,10.661500935988613
2021-06-12,0.016326238049614302,0.0,14.48747080921828
2021-06-13,0.008689835872919192,0.0,10.982607906080084
2021-06-14,-0.00557611641594837,0.0,12.30305823002984
2021-06-15,-0.014749528251561075,0.0,12.515662329291345
2021-06-16,0.003131910790346415,0.0,11.62549491408442
2021-06-17,-0.01824158287817406,0.0,8.883493336632135
2021-06-18,-0.006935616138268957,0.0,11.858102117694866
2021-06-19,0.006401369239148511,0.0,7.675042699342601
2021-06-20,-0.05631855109036992,0.0,10.177929613484967
2021-06-21,-0.005626579195218651,0.0,13.298157672226456
2021-06-22,0.01855911744550091,0.0,17.01321963965011
2021-06-23,0.01102617184879551,0.0,12.991749789239265
2021-06-24,-0.026255021734059004,0.0,14.02966261929879
2021-06-25,0.004110048684188292,0.0,15.307949998962272
2021-06-26,0.015128074346148022,0.0,16.495223219793534
2021-06-27,0.011279582299407448,0.0,19.68128427025377
2021-06-28,0.020517251286156283,0.0,16.985899284647438
2021-06-29,0.0029666771453402165,0.0,14.546508940432204
2021-06-30,-0.026421014552449638,0.0,15.37198043004561
2021-07-01,0.0031375811712419156,0.0,13.447477776918397
2021-07-02,0.008601595481044435,0.0,16.493064162297934
2021-07-03,0.012920072334314255,0.0,9.801460762522087
2021-07-04,-0.02252039934599656,0.0,15.039464617580723
2021-07-05,0.014650482634060344,0.0,16.594818143148892
2021-07-06,-0.0017462683606622785,0.0,12.588262275874264
2021-07-07,-0.027099551933413346,0.0,11.807384356552308
2021-07-08,0.015944158897197434,0.0,13.084537395872012
2021-07-09,-0.008647973436288526,0.0,14.060727858655326
2021-07-10,0.005240772378673482,0.0,9.512789008983072
2021-07-11,-0.007588780533092371,0.0,11.50609097434108
2021-07-12,-0.009689902948274997,0.0,11.58127812503291
2021-07-13,0.00042852133181424076,0.0,8.211894139788164
2021-07-14,-0.00953475539941908,0.0,10.866167184666178
2021-07-15,-0.009347212409651556,0.0,8.759508935312155
2021-07-16,0.000881447498017001,0.0,14.268927289738762
2021-07-17,0.0008231177283368241,0.0,14.029978072995512
2021-07-18,-0.02657437048293707,0.0,15.274543116950088
2021-07-19,-0.01778462019702926,0.0,12.763637931858241
2021-07-20,0.041592160154546906,0.0,10.857879178440143
2021-07-21,0.017978746272449848,0.0,9.636227048913797
2021-07-22,0.012590783495864493,0.0,14.09666041806155
2021-07-23,0.006490136916552178,0.0,15.760692657520236
2021-07-24,0.0010045444587553486,0.0,17.250583216386367
2021-07-25,0.012593816288720083,0.0,17.363102996034176
2021-07-26,0.016060470019308076,0.0,15.181911824317464
2021-07-27,0.00700235724466724,0.0,16.573825273941026
2021-07-28,0.008703707599887813,0.0,14.484826501233874
2021-07-29,0.019469835580536842,0.0,13.091788879254352
2021-07-30,0.004729404290225442,0.0,16.981364670548672
2021-07-31,-0.005380486207399809,0.0,18.977964597496506
2021-08-01,0.004631671455173948,0.0,18.683181004171047
2021-08-02,-0.0030202033084656176,0.0,17.544348842711532
2021-08-03,0.01610309556577278,0.0,14.510051487097323
2021-08-04,0.00489829980213702,0.0,22.414154813878753
2021-08-05,0.011724041702010905,0.0,18.298843671129003
2021-08-06,0.023733786909496794,0.0,16.54144006692845
2021-08-07,-0.02290670312960154,0.0,15.719636524543883
2021-08-08,0.024400187755676112,0.0,12.963687122019628
2021-08-09,0.00851203388188959,0.0,14.350650991910024
2021-08-10,0.017919852878806007,0.0,12.538702289079938
2021-08-11,-0.010307841784581058,0.0,15.349740291938527
2021-08-12,0.04425455324967769,0.0,17.232529296969076
2021-08-13,0.009159337563352942,0.0,16.427355846277358
2021-08-14,0.004769112372664861,0.0,14.282119054275562
2021-08-15,-0.011618540874960122,0.0,24.556798268332436
2021-08-16,-0.026562539478783335,0.0,18.434570498699514
2021-08-17,0.0019740816369516728,0.0,19.65972171699756
2021-08-18,0.03223977143998612,0.0,27.81683517914344
2021-08-19,0.019486445676932314,0.0,26.278100731955874
2021-08-20,-0.008864200702267299,0.0,24.00650372240718
2021-08-21,0.007936105172017002,0.0,22.945710752160906
2021-08-22,0.009716330055510043,0.0,23.421662263973417
2021-08-23,-0.034083721048388395,0.0,25.48220710641172
2021-08-24,0.011013034096601076,0.0,21.292068874709358
2021-08-25,-0.03149058428207234,0.0,27.37816761415931
2021-08-26,0.032928488455374945,0.0,26.081160543958518
2021-08-27,-0.005360467631047456,0.0,27.880561264117745
2021-08-28,-0.00034371298180139575,0.0,18.323251808411953
2021-08-29,-0.013404139679264133,0.0,21.748058139776127
2021-08-30,0.021399311359404972,0.0,19.074547805034843
2021-08-31,0.02616996762793076,0.0,17.077511969191924
2021-09-01,0.0013659850494528764,0.0,15.956259193167483
2021-09-02,0.02314277379077801,0.0,20.290854970236463
2021-09-03,-0.006651597383136793,0.0,20.215278627800764
2021-09-04,0.029971356787563214,0.0,24.210149851460166
2021-09-05,0.0018808637341662686,0.0,19.737493870508928
2021-09-06,-0.0807863694537869,0.0,26.30277629381638
2021-09-07,-0.006180290830406458,0.0,17.38100940790143
2021-09-08,0.006490543782250889,0.0,11.50974850788166
2021-09-09,-0.021037770576484496,0.0,10.843348640656298
2021-09-10,0.015614938870827195,0.0,9.234359085701987
2021-09-11,0.017758871421708955,0.0,14.814743331443292
2021-09-12,-0.019298987913602024,0.0,17.72560273028572
2021-09-13,0.02104300988095253,0.0,11.309513352634042
2021-09-14,0.010829741288282931,0.0,16.54668106345262
2021-09-15,-0.010128324979304307,0.0,21.03536353642129
2021-09-16,-0.013826513717729402,0.0,23.875964552333315
2021-09-17,0.009405188886337545,0.0,16.838547897424167
2021-09-18,-0.017982912702959843,0.0,17.173312165223322
2021-09-19,-0.05576662135460399,0.0,16.29272614688677
2021-09-20,-0.030392071012335316,0.0,20.855406702787292
2021-09-21,0.04911821722616031,0.0,22.213460644006624
2021-09-22,0.012705649638745872,0.0,20.459799122462734
2021-09-23,-0.030709767763614275,0.0,14.261771499647041
2021-09-24,8.287009511903586e-05,0.0,19.99453940577027
2021-09-25,-0.0027568895377901624,0.0,20.386312610832313
2021-09-26,-0.017833540346960997,0.0,22.72052293250677
2021-09-27,-0.017036625046188855,0.0,20.164833418807817
2021-09-28,0.011368385791626193,0.0,18.530508792241996
2021-09-29,0.02019436978042061,0.0,21.72515237791022
2021-09-30,0.03882162686784354,0.0,16.233517686443477
2021-10-01,0.006489722430406251,0.0,19.566368626965435
2021-10-02,0.007991218394769968,0.0,19.150005699703428
2021-10-03,-0.008083176858731146,0.0,16.794829998346827
2021-10-04,0.015015116690776457,0.0,21.19354914106727
2021-10-05,0.01348911334673188,0.0,18.02198099522581
2021-10-06,0.0003040003798857736,0.0,16.428565839453228
2021-10-07,-0.006738677686666299,0.0,11.653118608797781
2021-10-08,0.016796374937423746,0.0,9.101536899651856
2021-10-09,-0.022141154375071494,0.0,12.83576482473987
2021-10-10,0.004244381900723426,0.0,10.490213330364528
2021-10-11,-0.005036423119405404,0.0,10.06516147683726
2021-10-12,0.013940097901304052,0.0,12.691822252592145
2021-10-13,0.003004143981106064,0.0,11.257709421347244
2021-10-14,0.0075963916659131155,0.0,12.088555357639661
2021-10-15,-0.0003461982716380245,0.0,12.729874925847774
2021-10-16,-0.00341053661381705,0.0,10.353834567292989
2021-10-17,-0.002623098004971326,0.0,12.748578637364412
2021-10-18,0.002916840066514486,0.0,13.80331076931752
2021-10-19,0.015789968604610502,0.0,15.440780500377935
2021-10-20,-0.00861325704567224,0.0,22.804274161828708
2021-10-21,-0.00150164987575469,0.0,21.52574872276696
2021-10-22,0.007308388460631935,0.0,20.85315629281149
2021-10-23,-0.0062805146251246596,0.0,19.676934710101996
2021-10-24,0.0216629390426805,0.0,27.79509554304152
2021-10-25,-0.008536146340489463,0.0,26.051710953441386
2021-10-26,-0.06108602512252559,0.0,22.26555217068361
2021-10-27,0.031380313438496225,0.0,23.838855804713027
2021-10-28,0.015499975785114353,0.0,32.25704365252372
2022-01-31,0.007841184910634407,0.0,13.771467955168738
2022-02-01,-0.02378520162402086,0.0,11.964901178482535
2022-02-02,0.007897707516736617,0.0,11.576319686282222
2022-02-03,0.042332114003137813,0.0,13.537915297706014
2022-02-04,0.00528969398434671,0.0,17.3410521895417
2022-02-05,0.01315425122618833,0.0,18.026253542101486
2022-02-06,0.029154450957780603,0.0,18.937105459135594
2022-02-07,-0.006957721523117915,0.0,20.372597065080647
2022-02-08,0.011912338664358119,0.0,18.202549341346373
2022-02-09,-0.01659961887229166,0.0,17.773330172070494
2022-02-10,-0.031072460545867465,0.0,15.378068067503584
2022-02-11,0.0002309975100240121,0.0,18.734773234527086
2022-02-12,-0.0032724055397945094,0.0,16.843954137520033
2022-02-13,-0.002731349532149094,0.0,16.54158186182534
2022-02-14,0.03148289660133749,0.0,18.046977444480405
2022-02-15,-0.007235437425812613,0.0,17.60074552206521
2022-02-16,-0.044594663771971445,0.0,16.19389215831146
2022-02-17,-0.004730163147778624,0.0,15.747679955720237
2022-02-18,0.0018492592484158977,0.0,14.511324553965737
2022-02-19,-0.025965114019468924,0.0,16.116030687089705
2022-02-20,-0.031632744573351725,0.0,14.963664366568473
2022-02-21,0.019423981349201216,0.0,14.864510500259588
2022-02-22,-0.012439367223663372,0.0,14.142458387651082
2022-02-23,0.0025747490706578596,0.0,14.912429585923249
2022-02-24,0.02457158583872687,0.0,16.613009214105762
2022-02-25,0.005370858186610445,0.0,15.311607532719435
2022-02-26,-0.02181464870013304,0.0,15.806703600925536
2022-02-27,0.05068837409826566,0.0,17.72673927698851
2022-02-28,-0.001315606201486669,0.0,16.540737959676882
2022-03-01,-0.008561392495573198,0.0,18.573199546310843
2022-03-02,-0.010210728907599418,0.0,18.506049704950264
2022-03-03,-0.03845004670245253,0.0,19.284144131283018
2022-03-04,0.009289098532798596,0.0,16.174394273196913
2022-03-05,-0.020128110010948937,0.0,17.50559234367941
2022-03-06,-0.01357826408907639,0.0,13.405871801609274
2022-03-07,0.012196308881825428,0.0,11.662461483766496
2022-03-08,0.030436535954328194,0.0,13.922153848662102
2022-03-09,-0.0263451980602951,0.0,14.292277510460954
2022-03-10,-0.005228857993667013,0.0,12.817293882151894
2022-03-11,0.003986907987943615,0.0,11.785407420072747
2022-03-12,-0.016633852119919777,0.0,10.890420545316218
2022-03-13,0.009074325129267714,0.0,9.955070222748269
2022-03-14,0.0010802582855212956,0.0,10.152775595064227
2022-03-15,0.013791716407763268,0.0,10.475547976469581
2022-03-16,-0.0012696091552345148,0.0,6.498506728165924
2022-03-17,0.007236418131689951,0.0,8.112399418948401
2022-03-18,0.013065788116397616,0.0,13.700144011110003
2022-03-19,-0.002794756167028317,0.0,9.926580123939674
2022-03-20,0.006593169021909051,0.0,12.680500178993459
2022-03-21,0.01878157885993726,0.0,14.378915926433141
2022-03-22,0.00038953067884159396,0.0,20.123068020385844
2022-03-23,0.009683091251295876,0.0,14.979088891754508
2022-03-24,-0.0033893489097443024,0.0,11.074252411501613
2022-03-25,0.0028131909853886493,0.0,11.176352375295611
2022-03-26,0.018518337426899865,0.0,13.272388691383096
2022-03-27,-0.001732582608851585,0.0,11.019064170074856
2022-03-28,0.006135895938419344,0.0,15.86290378209507
2022-03-29,0.0005297418446439177,0.0,22.736069995063165
2022-03-30,-0.008488289214254225,0.0,20.784502633690447
2022-03-31,0.005740261765014672,0.0,18.7403866993084
2022-04-01,-0.004717029619274022,0.0,18.116415958142593
2022-04-02,0.007621447189615338,0.0,24.404099012680728
2022-04-03,-0.010247562140543834,0.0,26.02382375066077
2022-04-04,-0.022774025548960197,0.0,25.829917749311274
2022-04-05,-0.06531360105467542,0.0,25.56392440785507
2022-04-06,0.02387454483496991,0.0,15.925011113127162
2022-04-07,-0.027720194373208586,0.0,12.412023633794433
2022-04-08,0.014010309605926774,0.0,13.161700244047966
2022-04-09,-0.016772699815384963,0.0,17.923211258705287
2022-04-10,-0.04265372844540355,0.0,14.342041853528942
2022-04-11,0.014995280876144783,0.0,12.548326418947678
2022-04-12,0.01546884003331689,0.0,10.97862889579023
2022-04-13,-0.01445054372459358,0.0,13.758180487691657
2022-04-14,0.009442086974796133,0.0,15.61450187991857
2022-04-15,0.010056881856075046,0.0,11.873126381061644
2022-04-16,-0.0200136619139152,0.0,15.785950054432114
2022-04-17,0.006992437670808769,0.0,10.529099662398508
2022-04-18,0.005160097909099076,0.0,9.808872822720177
2022-04-19,-0.005766913021268983,0.0,10.933310194856801
2022-04-20,-0.010056464228166008,0.0,9.355098662138108
2022-04-21,0.00015796916652618584,0.0,11.459129836103438
2022-04-22,-0.004401947713339246,0.0,10.890994767415833
2022-04-23,-0.0028306795227967967,0.0,10.756427929462728
2022-04-24,0.0031660341255156633,0.0,9.90736568924729
2022-04-25,-0.020647817045569707,0.0,8.9684583161634
2022-04-26,0.007638915959926517,0.0,7.249453398668262
2022-04-27,0.003273174850781897,0.0,7.420488285871311
2022-04-28,-0.014469792081113647,0.0,7.567483601367414
2022-04-29,-0.023770806564676755,0.0,9.016926735433252
2022-04-30,0.007594573942111897,0.0,8.970394745788163
2022-05-01,-0.006928740459397353,0.0,12.238030348381677
2022-05-02,0.0012310783740858504,0.0,12.024344065425336
2022-05-03,0.037251605585717204,0.0,11.748597951212517
2022-05-04,-0.046004095014835274,0.0,11.077884873267745
2022-05-05,0.00038902608552319963,0.0,11.375740914726666
2022-05-06,-0.010632236473235152,0.0,12.463678286777444
2022-05-07,-0.0139561039158937,0.0,13.556394327396351
2022-05-08,-0.0883534464447588,0.0,15.317399573764206
2022-05-09,0.025415606644884202,0.0,10.93668545628929
2022-05-10,-0.09117380987867249,0.0,11.379824659961201
2022-05-11,-0.02338876214174622,0.0,14.858302386086024
2022-05-12,0.026773078483234743,0.0,16.786046237306422
2022-05-13,0.014050602276284662,0.0,15.128365248125249
2022-05-14,0.025609261267072195,0.0,14.686480461722141
2022-05-15,-0.01969392486664401,0.0,11.32602828427234
2022-05-16,0.013511646676341487,0.0,11.368076267593949
2022-05-17,-0.030696337222974757,0.0,13.212042969858956
2022-05-18,0.016845672780381914,0.0,11.883846914174455
2022-05-19,-0.011809067824801877,0.0,13.107229816923521
2022-05-20,0.004856468460910179,0.0,14.133917376288316
2022-05-21,0.009243230662907054,0.0,12.611800841342728
2022-05-22,-0.010430481201392982,0.0,10.944147004804663
2022-05-23,0.008535153311138285,0.0,11.85543907966882
2022-05-24,-0.006942340259479942,0.0,10.846274964365392
2022-05-25,-0.01931286632974384,0.0,9.342333404958154
2022-05-26,-0.008463395022433609,0.0,13.929916338623094
2022-05-27,0.007597268952166203,0.0,11.664785146596714
2022-05-28,0.007874321071463103,0.0,11.600262351879138
2022-05-29,0.0435944425155432,0.0,11.539268676007786
2022-05-30,0.0019001610249836168,0.0,19.246700922041036
2022-05-31,-0.04022539891686699,0.0,14.962985058594022
2022-06-01,0.01432443493208341,0.0,12.0931755453351
2022-06-02,-0.015940859743952845,0.0,13.460939606204622
2022-06-03,0.008630131849313693,0.0,10.316275990767487
2022-06-04,-0.0016991616046961049,0.0,9.531027540624411
2022-06-05,0.015720489332132475,0.0,15.187270888317599
2022-06-06,-0.006094064335153887,0.0,17.9932226975952
2022-06-07,-0.005766270818882394,0.0,16.5081842262775
2022-06-08,-0.00022664347331318455,0.0,18.605443866216334
2022-06-09,-0.03427108355124367,0.0,19.573199951955278
2022-06-10,-0.03961544878838698,0.0,26.2396898278035
2022-06-11,-0.04121900023001159,0.0,21.398733849137084
2022-06-12,-0.05729264845788225,0.0,13.372114230869778
2022-06-13,0.014841523919881342,0.0,15.29886980707127
2022-06-14,0.029743526140888377,0.0,14.980528092149413
2022-06-15,-0.06258276780447036,0.0,19.165784050671526
2022-06-16,0.016281880118259477,0.0,15.175937064655322
2022-06-17,-0.028719538145522992,0.0,11.406011022453566
2022-06-18,0.04198308685893611,0.0,11.501581965175696
2022-06-19,0.0010452145344543315,0.0,15.539128582684548
2022-06-20,0.01009974729662006,0.0,16.57799654685474
2022-06-21,-0.017629927789743163,0.0,13.663570780928268
2022-06-22,0.02971668537179353,0.0,14.474698880852507
2022-06-23,0.019995815813073067,0.0,14.884582157551716
2022-06-24,0.012274485726933498,0.0,16.15159045058634
2022-06-25,-0.023616264727928656,0.0,17.881748675727795
2022-06-26,-0.004085051487804392,0.0,16.895618351341888
2022-06-27,-0.025535457916475733,0.0,17.859027528160023
2022-06-28,-0.007685946567162319,0.0,15.867224026425616
2022-06-29,0.002985096319712432,0.0,16.652586568073644
2022-06-30,-0.014303212133227923,0.0,17.453309559122722
2022-07-01,0.0016737138561819132,0.0,16.631470426907498
2022-07-02,0.001029636116966327,0.0,14.476595842732216
2022-07-03,0.024041599113804362,0.0,15.177560679838535
2022-07-04,-0.01216937647086932,0.0,15.206840369457481
2022-07-05,0.011637529930707097,0.0,12.566096359986055
2022-07-06,0.019692933155798693,0.0,12.965898566563535
2022-07-07,-0.010397593334287273,0.0,11.34710258191107
2022-07-08,0.0077336376225673785,0.0,9.919907790786713
2022-07-09,-0.02173093001365008,0.0,14.335027373275793
2022-07-10,-0.02745994450423977,0.0,15.069964414314818
2022-07-11,-0.011287545606967035,0.0,12.140241575733075
2022-07-12,0.026012024577867526,0.0,11.242193373672915
2022-07-13,0.014336882299335201,0.0,14.048955641704534
2022-07-14,0.003590703050924728,0.0,13.418706151873668
2022-07-15,0.020285834991739447,0.0,13.767748388947842
2022-07-16,-0.005740773264202548,0.0,14.800256072489736
2022-07-17,0.046269490267398156,0.0,14.931094716762793
2022-07-18,0.011367736779108692,0.0,17.071241186290568
2022-07-19,-0.022295945023334488,0.0,18.382047733372907
2022-07-20,0.008380520449283405,0.0,14.837978182568678
2022-07-21,-0.012460070396816665,0.0,16.71953377063327
2022-07-22,-0.0006896952144554328,0.0,20.1086991727138
2022-07-23,0.011898755233979203,0.0,17.133370625011764
2022-07-24,-0.04279886343464694,0.0,14.636656418616875
2022-07-25,-0.00019527948356941132,0.0,13.269608480082942
2022-07-26,0.04058648783574692,0.0,11.204119678913298
2022-07-27,0.028921060593658312,0.0,11.398404708544845
2022-07-28,0.001370817070939506,0.0,16.902748931820064
2022-07-29,0.012579506805005186,0.0,16.22950741785155
2022-07-30,0.002223266615385206,0.0,17.797443038793503
2022-07-31,-0.006031203720181245,0.0,14.542366373993623
2022-08-01,-0.010675055070143318,0.0,12.946645368383699
2022-08-02,-0.0041739649163539325,0.0,14.350682792664614
2022-08-03,0.0037704016679164466,0.0,12.168804412844008
2022-08-04,0.02440363964732119,0.0,12.588627904483847
2022-08-05,-0.00015475640112918177,0.0,15.422364006134035
2022-08-06,0.0030922026124516823,0.0,13.623164745104557
2022-08-07,0.012884704774047186,0.0,13.398523966394212
2022-08-08,-0.022509753640586903,0.0,16.573257116946554
2022-08-09,0.022370432444217624,0.0,24.230436739249114
2022-08-10,-0.0006979058863155717,0.0,25.47972736106433
2022-08-11,0.011238910874162901,0.0,20.447931836958702
2022-08-12,-0.0015822145026803808,0.0,17.09700371050817
2022-08-13,-0.00795006998555766,0.0,21.675783859905813
2022-08-14,-0.007060842052022445,0.0,15.024532454244728
2022-08-15,-0.005095064938528281,0.0,15.686122582645169
2022-08-16,-0.014245132890747183,0.0,19.318240863627132
2022-08-17,-0.016336783328100027,0.0,12.089813362179992
2022-08-18,-0.05615772785909493,0.0,10.562543318205435
2022-08-19,-0.0010383656576613285,0.0,9.564932099120407
2022-08-20,0.012919597348243519,0.0,10.647757682961846
2022-08-21,-0.00025396654324921433,0.0,10.622438257287225
2022-08-22,0.0058459846846251615,0.0,12.726545668211797
2022-08-23,-0.003973556138702618,0.0,10.961450736523759
2022-08-24,0.003047462262027157,0.0,14.739496513668172
2022-08-25,-0.026968436452322584,0.0,14.85147235251043
2022-08-26,0.0016309814853099607,0.0,11.080886030878768
2022-08-27,-0.00801855994732881,0.0,8.101627591552019
2022-08-28,0.027071171529954377,0.0,11.13481933373076
2022-08-29,-0.015698516652577193,0.0,11.367868899287371
2022-08-30,0.003729699607049266,0.0,8.82733490055989
2022-08-31,0.008806778718792043,0.0,8.783152398230008
2022-09-01,0.002183240274686326,0.0,10.880594940227972
2022-09-02,0.004367949058610445,0.0,11.92084723242466
2022-09-03,0.006789986915615445,0.0,11.94186560565872
2022-09-04,0.001267055664195848,0.0,9.783521228112246
2022-09-05,-0.02175132409815642,0.0,11.361836161568306
2022-09-06,0.012939291894150818,0.0,9.095093880750127
2022-09-07,0.008139077724014366,0.0,10.161801388795244
2022-09-08,0.017213873338507265,0.0,13.594958102933342
2022-09-09,0.004070656898866526,0.0,13.737503151334295
2022-09-10,-0.0002681553839893125,0.0,11.069655745808339
2022-09-11,-0.0019484776904787411,0.0,9.547567806456147
2022-09-12,-0.027599454973741618,0.0,11.668557458485626
2022-09-13,0.006791667240159738,0.0,7.944794003030232
2022-09-14,-0.013218444439503253,0.0,11.25299280753318
2022-09-15,0.002598408921454876,0.0,11.344377307610795
2022-09-16,0.01120093636169015,0.0,8.082753656916172
2022-09-17,-0.023768169807947905,0.0,8.041645015782265
2022-09-18,0.006636153181192723,0.0,10.029908165393927
2022-09-19,-0.0038145286112876518,0.0,9.330338080566323
2022-09-20,-0.009399130812181055,0.0,7.347868978659772
2022-09-21,0.021349392912417706,0.0,9.1904201191881
2022-09-22,0.009384626988888914,0.0,8.142712406739257
2022-09-23,-0.007039275753209438,0.0,9.671484815645286
2022-09-24,-0.0033770749384228987,0.0,9.171771801916835
2022-09-25,0.0008632534595720655,0.0,10.312651490183521
2022-09-26,-0.0055090704599278055,0.0,8.592102120284686
2022-09-27,-0.0007688963204555906,0.0,8.663354149718051
2022-09-28,0.004509781561040653,0.0,9.685501890661257
2022-09-29,-0.0026249342305246022,0.0,9.883218976754439
2022-09-30,-0.0004810719268479551,0.0,10.481120583317363
2022-10-01,-0.006407929588470281,0.0,10.40666108656615
2022-10-02,0.005372926514615772,0.0,8.807760115791835
2022-10-03,0.008258367743885052,0.0,8.815137090866106
2022-10-04,0.00029974456370834455,0.0,7.118366367635154
2022-10-05,-0.004745652747183032,0.0,7.710577969462994
2022-10-06,-0.0031680760944624927,0.0,8.819486076366683
2022-10-07,-0.0017067830086121484,0.0,8.326652783189209
2022-10-08,0.0030629073309868626,0.0,7.044777912055508
2022-10-09,-0.012467635503146595,0.0,7.202011643328078
2022-10-10,-0.005643475639181394,0.0,8.529949292736768
2022-10-11,0.00033915589047659784,0.0,7.109722278177031
2022-10-12,-0.003669791872595886,0.0,10.814335590566705
2022-10-13,-0.0016190459279567455,0.0,10.99459906341515
2022-10-14,-0.001475050337314297,0.0,9.361914596152761
2022-10-15,0.005821517202333297,0.0,7.9620335187059235
2022-10-16,0.00554617857068946,0.0,7.892513745516994
2022-10-17,-0.005192563846519716,0.0,8.291306947982836
2022-10-18,-0.009025105793566935,0.0,6.475161072807731
2022-10-19,-0.0013010470070314553,0.0,9.83695414018339
2022-10-20,0.004152580626455734,0.0,8.796531067794799
2022-10-21,0.0017650795443444874,0.0,9.643108854757553
2022-10-22,0.006172517056077109,0.0,10.864873695403908
2022-10-23,-0.005829436262659557,0.0,8.976957076940305
2022-10-24,0.011567741861465166,0.0,8.347967765052422
2022-10-25,0.007710309150515651,0.0,6.798761462959046
2022-10-26,-0.008986572559755528,0.0,10.898480577046044
2022-10-27,0.0062189809922302474,0.0,9.69909634703502
2022-10-28,0.005704413852767108,0.0,8.602470875521806
2022-10-29,0.0004734633593617636,0.0,8.788808409782527
2022-10-30,-0.0007740898378472422,0.0,8.465259455726418
2022-10-31,-0.00215113820397326,0.0,10.931892563504347
2022-11-01,-0.003397701385144155,0.0,10.013950252887225
2022-11-02,0.00822890210649404,0.0,8.370735712248218
2022-11-03,0.02298775735853412,0.0,7.92563676565346
2022-11-04,0.0023904760362606125,0.0,12.928713551497644
2022-11-05,-0.013209160133781546,0.0,13.074998845358383
2022-11-06,0.008567930360136092,0.0,13.062739090685792
2022-11-07,-0.07652618705783586,0.0,19.65938579496968
2022-11-08,-0.08970375465720454,0.0,13.670445298001603
2022-11-09,0.07510052677078098,0.0,13.739636693552537
2022-11-10,-0.013853683300483753,0.0,11.344169837518372
2022-11-11,-0.02485691089008151,0.0,13.57777999140714
2022-11-12,-0.021848088549498344,0.0,11.216532574996375
2022-11-13,0.01081522103797183,0.0,11.054716521182428
2022-11-14,0.010917281109496272,0.0,12.76374711537104
2022-11-15,-0.01062985958590805,0.0,11.207056441008957
2022-11-16,0.0014091106221274506,0.0,10.53948244300684
2022-11-17,0.007025629932568215,0.0,12.77306028673459
2022-11-18,0.0007744810987483917,0.0,12.375691833765876
2022-11-19,-0.030660349119127083,0.0,14.371802810592216
2022-11-20,-0.007742666245810684,0.0,11.91721142428995
2022-11-21,0.022352011372754263,0.0,11.920639680033403
2022-11-22,0.023837110873051272,0.0,9.107708175999054
2022-11-23,-0.0007143739906456954,0.0,9.747171155969122
2022-11-24,-0.0056583789522862415,0.0,7.642124113375628
2022-11-25,0.0008899281386254742,0.0,7.913784962747322
2022-11-26,-0.0027574563444496603,0.0,7.194311614929195
2022-11-27,-0.004000093004888025,0.0,8.262576606290246
2022-11-28,0.005084134270065772,0.0,8.730011998228488
2022-11-29,0.010958859084216977,0.0,9.218157468711851
2022-11-30,-0.004843963848107379,0.0,5.842511717253693
2022-12-01,0.0029818704654038172,0.0,7.984475957363948
2022-12-02,-0.008629506527015562,0.0,7.3206649234347605
2022-12-03,0.005364256609645277,0.0,10.73856117132058
2022-12-04,0.00027385475897570636,0.0,9.600215561019521
2022-12-05,-0.0010734763980930298,0.0,10.105291987171743
2022-12-06,-0.01820032692853934,0.0,7.982197245044432
2022-12-07,0.010204099412628917,0.0,9.474097707454934
2022-12-08,-0.004256799218631059,0.0,8.549048839488123
2022-12-09,-0.0008059322670206094,0.0,12.766325938543947
2022-12-10,-0.006684084583708407,0.0,13.141821349472568
2022-12-11,-0.0022288733575401096,0.0,10.307971012570619
2022-12-12,0.011424127604628114,0.0,9.670022697015025
2022-12-13,-0.007789406858942208,0.0,11.85240549710866
2022-12-14,-0.01414944415546815,0.0,9.322690642161135
2022-12-15,-0.056249476367843346,0.0,11.160722280937813
2022-12-16,0.009920296663995106,0.0,13.097348266846092
2022-12-17,-0.005505219367668028,0.0,8.373075183727266
2022-12-18,-0.019527187863737274,0.0,12.642246879599949
2022-12-19,0.01877452914870862,0.0,15.38143538597476
2022-12-20,-0.0022812027004806713,0.0,13.705128559977567
2022-12-21,0.0026649981712890997,0.0,14.361419568370952
2022-12-22,-0.001411940019570903,0.0,12.15178860234199
2022-12-23,-0.00027435713886239535,0.0,10.171331369117318
2022-12-24,0.0008594016548153275,0.0,11.97608990411181
2022-12-25,0.006449990970930318,0.0,11.616603911862388
2022-12-26,-0.007662825862037486,0.0,12.881470952462422
2022-12-27,-0.012697979777182357,0.0,10.717199696470637
2022-12-28,0.0011517286095978564,0.0,11.769785177927169
2022-12-29,-0.0017792051258512,0.0,11.508696501718248
2022-12-30,0.003021321927300471,0.0,10.731574787372685
2022-12-31,0.006818583530959805,0.0,9.963107679075753
2023-01-01,0.00926982086803236,0.0,10.36360684838425
2023-01-02,-0.0008249021049624477,0.0,11.270275018273063
2023-01-03,0.021026367332133547,0.0,11.585156986812965
2023-01-04,-0.008136257418505223,0.0,9.264200612068409
2023-01-05,0.013734122943984848,0.0,10.355934153561467
2023-01-06,0.0026832554698748793,0.0,11.106440409244765
2023-01-07,0.010521843095811998,0.0,11.650543017995702
2023-01-08,0.011375883790993344,0.0,12.32915707474185
2023-01-09,0.0042428547275614485,0.0,11.718617169537136
2023-01-10,0.011405717978317196,0.0,12.37569709601734
2023-01-11,0.013639746817179735,0.0,11.462530691610146
2023-01-12,0.01901635821883958,0.0,12.039395193699974
2023-01-13,0.026776574974692262,0.0,13.06419649360835
2023-01-14,-0.001819124999381195,0.0,14.385321688550606
2023-01-15,0.0001786414160363408,0.0,13.601243843207488
2023-01-16,-0.003028178709953716,0.0,16.46446185180075
2023-01-17,-0.04258290371737809,0.0,19.853938674671635
2023-01-18,0.01927799591450975,0.0,17.154201696937385
2023-01-19,0.04805390359706101,0.0,16.85667664703795
2023-01-20,-0.0034367256865758308,0.0,16.343440120136904
2023-01-21,0.013746065611609964,0.0,13.407227296571072
2023-01-22,0.01150014466930301,0.0,16.9584172514098
2023-01-23,-0.03154388592669542,0.0,11.12659196496238
2023-01-24,0.02526732879722552,0.0,12.802035806256292
2023-01-25,-2.1572910466215444e-05,0.0,17.424007341987163
2023-01-26,0.008081605275504512,0.0,14.925961357902409
2023-01-27,-0.00635008296415679,0.0,21.057002402801686
2023-01-28,0.02257439904603627,0.0,21.38218908933292
2023-01-29,-0.039174555403286536,0.0,19.707293365378163
2023-01-30,0.010153743987023255,0.0,17.62866100168479
2023-01-31,0.027013965275433503,0.0,18.046127083242688
2023-02-01,-0.005630707681464597,0.0,18.629159703734047
2023-02-02,0.0158198619749989,0.0,16.000948627938776
2023-02-03,-0.001172409115053381,0.0,26.744164605413253
2023-02-04,-0.020648529953073036,0.0,27.051462334551637
2023-02-05,-0.012667286829951645,0.0,25.78641234096562
2023-02-06,0.03426376797395775,0.0,23.42110803788362
2023-02-07,-0.006653536973722701,0.0,25.53239377158816
2023-02-08,-0.051914760000650026,0.0,22.63170620889331
2023-02-09,-0.003636619494365167,0.0,16.725225707374033
2023-02-10,0.012661006679241372,0.0,18.527743916628502
2023-02-11,-0.014375684565814402,0.0,19.486521978074393
2023-02-12,-0.007447297644515483,0.0,16.719565988585774
2023-02-13,0.02050447605826414,0.0,14.987659657180954
2023-02-14,0.047684409936121414,0.0,14.13636525295302
2023-02-15,-0.02950035302379395,0.0,18.505253995963855
2023-02-16,0.053590424894845785,0.0,18.141497776653225
2023-02-17,0.004986848740091858,0.0,24.275113453720255
2023-02-18,0.005141684655409418,0.0,29.867743496215727
2023-02-19,0.016703039671926188,0.0,23.873287671232866
2023-02-20,-0.010370314937572163,0.0,25.604671799168166
2023-02-21,-0.010088549039487202,0.0,19.42738403087412
2023-02-22,-0.004933749929788952,0.0,14.833275521658894
2023-02-23,-0.034075708906271686,0.0,19.71714787797054
2023-02-24,-0.005450914156617848,0.0,19.291690938043168
2023-02-25,0.014745744539807391,0.0,19.319276358193758
2023-02-26,-0.0065400435629262834,0.0,15.676212568159443
2023-02-27,-0.015981387919315394,0.0,16.659569799611862
2023-02-28,0.02458080541410521,0.0,15.877136789897294
2023-03-01,-0.016340786969176496,0.0,25.71128139794865
2023-03-02,-0.03319762776687872,0.0,21.620994364437948
2023-03-03,-0.012797231052358008,0.0,18.533148285644035
2023-03-04,0.0033848270937637255,0.0,16.26857667660486
2023-03-05,-0.0032428033115909113,0.0,15.445020159601574
2023-03-06,-0.007392953074217025,0.0,13.912178085312437
2023-03-07,-0.01998238926828568,0.0,13.118831530565899
2023-03-08,-0.030344246558898943,0.0,11.726208872363559
2023-03-09,-0.002878848592496228,0.0,10.142197882622913
2023-03-10,-0.00017574824804427987,0.0,9.546517559609587
2023-03-11,0.0385080432149105,0.0,10.633239092235995
2023-03-12,0.02724724622258286,0.0,9.503540521683801
2023-03-13,0.015953951064826267,0.0,9.330137621505914
2023-03-14,-0.03615560873497394,0.0,13.261653332205775
2023-03-15,0.00935861289470421,0.0,14.261380402506557
2023-03-16,0.03712811663815759,0.0,16.0064981031289
2023-03-17,-0.015924026742077886,0.0,17.809300579754158
2023-03-18,0.0134010133718586,0.0,15.720997759491755
2023-03-19,-0.02019193041360015,0.0,13.906134082161891
2023-03-20,0.023531226653760458,0.0,11.413626659701297
2023-03-21,-0.01703231842795501,0.0,11.949994571091315
2023-03-22,0.018984603372297914,0.0,9.430922067784248
2023-03-23,-0.018773383822009534,0.0,9.986342286511867
2023-03-24,-0.0034347415319722994,0.0,13.323196842124243
2023-03-25,0.009431651358221067,0.0,12.388936315953597
2023-03-26,-0.018933020186348883,0.0,15.872445626997035
2023-03-27,0.009612314213043552,0.0,15.295559660913273
2023-03-28,0.021731246520153683,0.0,14.536417706386084
2023-03-29,-0.007122149818704109,0.0,15.575898122981002
2023-03-30,0.011344483242007373,0.0,14.739938618657876
2023-03-31,0.001673010712454205,0.0,13.148037617652776
2023-04-01,-0.012200596386621767,0.0,12.816561572699452
2023-04-02,0.002769519557967991,0.0,11.745204366495487
2023-04-03,0.005186441253852647,0.0,11.573203763171142
2023-04-04,0.0040235246460214565,0.0,10.800709456425794
2023-04-05,-0.007437055079200005,0.0,9.790030988718284
2023-04-06,0.00012726278060977035,0.0,10.648668052396292
2023-04-07,-0.0038997895594593507,0.0,9.440085392982787
2023-04-08,0.0029006270954651174,0.0,14.20424077247564
2023-04-09,0.013755223771164324,0.0,14.081596496705595
2023-04-10,0.0007029028761636372,0.0,15.817673084894391
2023-04-11,-0.0032609269646814536,0.0,12.810858845507623
2023-04-12,0.011502530414045276,0.0,13.947094015097688
2023-04-13,0.009837522903084223,0.0,16.980341170757328
2023-04-14,0.002554953367421741,0.0,16.500770124879224
2023-04-15,0.0066424084470325185,0.0,17.571119662878424
2023-04-16,-0.013708029687411982,0.0,13.888122822913768
2023-04-17,0.011737544628150806,0.0,11.762947938294012
2023-04-18,-0.042499739165274705,0.0,10.59461952097795
2023-04-19,-0.008184712317517894,0.0,8.981317192788563
2023-04-20,-0.018232358395721314,0.0,10.850431792685068
2023-04-21,0.00907154737731661,0.0,11.350188401311206
2023-04-22,-0.0053203866218746445,0.0,8.740821197643129
2023-04-23,-0.0020867437821907,0.0,9.93201506982232
2023-04-24,0.006518712535940857,0.0,8.997633533374195
2023-04-25,-0.004553307816758455,0.0,8.312939975256006
2023-04-26,0.0067061795450916424,0.0,8.977046404780515
2023-04-27,0.0015797661584595385,0.0,9.77061303586881
2023-04-28,0.0011386176279099118,0.0,9.168460322771427
2023-04-29,-0.006716815396544893,0.0,11.505552322027242
2023-04-30,-0.005918711893207435,0.0,9.743840161200422
2023-05-01,0.0042416351226490685,0.0,8.266039242837468
2023-05-02,0.0026847543119091584,0.0,7.698137482555544
2023-05-03,-0.004199440547379309,0.0,9.904853856573133
2023-05-04,0.0057264892242365265,0.0,8.557979261904464
2023-05-05,-0.010705719503661427,0.0,8.545898934151747
2023-05-06,-0.0018456863662999787,0.0,8.819976956309306
2023-05-07,-0.013536833995938465,0.0,7.496893759097375
2023-05-08,0.003825692731605594,0.0,8.291056488372803
2023-05-09,-2.894809148014355e-06,0.0,8.366821143121403
2023-05-10,-0.008052477363529244,0.0,8.830773649516892
2023-05-11,0.0020868820219602487,0.0,11.577776265404808
2023-05-12,-0.002487608707975626,0.0,7.253363192040997
2023-05-13,0.003540578230351757,0.0,7.384330387904669
2023-05-14,0.0031517580182171875,0.0,9.299576718008865
2023-05-15,0.0010610336551075004,0.0,9.137107017228757
2023-05-16,0.004705724207351032,0.0,9.662848527796413
2023-05-17,-0.00644674013187378,0.0,10.569064921873945
2023-05-18,0.0010319352750478444,0.0,11.522329825318735
2023-05-19,0.0006175454424403004,0.0,10.525919432230728
2023-05-20,-0.004292096765237787,0.0,10.031489086824008
2023-05-21,0.0016467934741563944,0.0,10.706817549449504
2023-05-22,0.004570600478966455,0.0,11.370640425630057
2023-05-23,-0.016949059444613886,0.0,9.513631544540862
2023-05-24,-0.0010878323961837748,0.0,11.392854444447309
2023-05-25,0.004027166290430995,0.0,12.298730069652242
2023-05-26,0.003547244972471893,0.0,10.22860965636333
2023-05-27,0.013677841338486294,0.0,9.858951640512565
2023-05-28,-0.003923946136737598,0.0,11.235590636135841
2023-05-29,0.0024143146269504463,0.0,11.001315710224217
2023-05-30,-0.0063923655323772435,0.0,10.986276007060606
2023-05-31,-0.0019478144100602698,0.0,12.025666001276402
2023-06-01,0.009989350591502312,0.0,10.783827641262882
2023-06-02,-0.0021711042221306685,0.0,9.177405473087823
2023-06-03,-0.001116342114268256,0.0,10.354051492444771
2023-06-04,-0.019089356878097763,0.0,8.616718610885938
2023-06-05,0.009945981709157406,0.0,9.149766644503229
2023-06-06,-0.012214222348892625,0.0,9.460079588644795
2023-06-07,0.00019301648012651776,0.0,10.124323769659883
2023-06-08,-0.0005528981853217857,0.0,9.91813617320753
2023-06-09,-0.027873986774181084,0.0,11.316728953354861
2023-06-10,0.0001803061259186225,0.0,12.27723906874549
2023-06-11,-0.00012657010128229798,0.0,11.705439904496991
2023-06-12,0.0031270510794841233,0.0,11.532144319983388
2023-06-13,-0.014546381163037444,0.0,11.389090203302633
2023-06-14,0.005140767545118391,0.0,8.884627268876216
2023-06-15,0.009321150909259038,0.0,10.113024177926839
2023-06-16,0.0038002766776898908,0.0,8.177875437887394
2023-06-17,-0.003558582869570132,0.0,8.530267882586061
2023-06-18,0.001964319999412945,0.0,7.954549209291752
2023-06-19,0.00950870867968056,0.0,7.614503429215684
2023-06-20,0.019371416743167696,0.0,8.57398551607258
2023-06-21,-0.0012249816248041585,0.0,9.344071063781506
2023-06-22,0.024333659468027083,0.0,11.314858090114805
2023-06-23,0.003209801584738022,0.0,11.212097422657264
2023-06-24,-0.00143843114554801,0.0,11.320210212689515
2023-06-25,-0.0007199954508926806,0.0,8.83231021624491
2023-06-26,0.006152910824132387,0.0,10.323076898322256
2023-06-27,-0.013611787853493523,0.0,9.902785654673092
2023-06-28,0.0076725238736342904,0.0,10.344211658747042
2023-06-29,0.025163993566125174,0.0,12.03457254075576
2023-06-30,0.0014743853577760275,0.0,10.516711856904458
2023-07-01,0.0008272578637622703,0.0,11.700768446620579
2023-07-02,0.005777936755220025,0.0,10.374248050620846
2023-07-03,-0.013087952656678278,0.0,13.146358368265858
2023-07-04,-0.006348273001389853,0.0,10.919305775521547
2023-07-05,-0.018610561556105885,0.0,14.359248187148438
2023-07-06,0.006690003399014918,0.0,10.579042657686598
2023-07-07,-0.001503773628490261,0.0,11.343068456935523
2023-07-08,-0.005416225566202328,0.0,7.921860566096321
2023-07-09,0.002542870340292139,0.0,9.167246485746375
2023-07-10,-0.0002709893865671189,0.0,13.097248077512493
2023-07-11,-0.0014009631406516454,0.0,15.5537824242226
2023-07-12,0.033165366355572344,0.0,14.097532030387544
2023-07-13,-0.015832294255824733,0.0,11.795322157703197
2023-07-14,-0.002135063632888428,0.0,11.185332734002078
2023-07-15,-0.002900681758838321,0.0,12.619055719878741
2023-07-16,0.0031054978554472187,0.0,12.041678623151224
2023-07-17,-0.006775118939106658,0.0,12.66066112214853
2023-07-18,0.008465672458047057,0.0,12.071363645929388
2023-07-19,0.014118441921638787,0.0,12.699785517473433
2023-07-20,0.000293546640813429,0.0,13.935595178928283
2023-07-21,-0.007151091824936826,0.0,14.001511850950193
2023-07-22,0.0065212230434205255,0.0,14.15128001094126
2023-07-23,-0.018770249883473093,0.0,11.999406204321325
2023-07-24,-0.0030402338022112226,0.0,7.929690002798842
2023-07-25,0.008992351194030995,0.0,6.769049066944646
2023-07-26,0.003428750858300915,0.0,8.149080787353899
2023-07-27,-0.0003310002926785635,0.0,8.078601372669025
2023-07-28,0.0035763779455755735,0.0,9.162384178631
2023-07-29,-0.003296398554678117,0.0,11.697754904987848
2023-07-30,-0.006353590316358698,0.0,12.336328531724805
2023-07-31,0.004712566125140582,0.0,12.238282086123721
2023-08-01,-0.017151219130817665,0.0,12.876202851587077
2023-08-02,-0.00999769566822271,0.0,12.265280115863566
2023-08-03,-0.002299074298931076,0.0,13.161197867986083
2023-08-04,0.00226831186636438,0.0,11.747984663467534
2023-08-05,-9.173678596537756e-05,0.0,10.475802652643129
2023-08-06,0.005650379617329542,0.0,10.123144336236049
2023-08-07,0.006106252496321717,0.0,9.858770082159632
2023-08-08,1.5551392243163853e-05,0.0,9.925043901539155
2023-08-09,-0.004652259076104835,0.0,11.055248901716531
2023-08-10,-0.0020891458514537315,0.0,9.746176798824102
2023-08-11,0.0012233729432155525,0.0,11.555908181794594
2023-08-12,-0.002984714279748171,0.0,9.446545337770118
2023-08-13,-0.0005700033816541075,0.0,11.125379454275663
2023-08-14,-0.017045718648329863,0.0,10.10121311794202
2023-08-15,-0.019803929129758015,0.0,8.540815861786278
2023-08-16,-0.04505539672202505,0.0,6.926390824783969
2023-08-17,0.00338707883130579,0.0,7.824815527377202
2023-08-18,0.006085797562784594,0.0,8.754143154714654
2023-08-19,0.004915438805361176,0.0,7.720018237028082
2023-08-20,-0.0029893118683371406,0.0,7.7503465948499315
2023-08-21,-0.003919992477371006,0.0,8.283460046660784
2023-08-22,0.008298745233276781,0.0,7.821396291001859
2023-08-23,-0.005329792507232362,0.0,8.163329458275957
2023-08-24,-0.0017027584301609747,0.0,6.867304485948868
2023-08-25,-0.0018933574700040693,0.0,8.515277884739593
2023-08-26,0.002476154310349019,0.0,10.257542684597388
2023-08-27,0.0009673168202538568,0.0,9.514117381373689
2023-08-28,0.02596443955819746,0.0,10.356475546834952
2023-08-29,-0.014836646257098242,0.0,10.346547676389527
2023-08-30,-0.019930481688699035,0.0,8.495081118743908
2023-08-31,-0.005410779576912037,0.0,7.930794471070524
2023-09-01,0.0027398356533603753,0.0,7.820601192795273
2023-09-02,0.0023767636651153244,0.0,8.840328383283092
2023-09-03,0.000512896534012109,0.0,9.175863843383013
2023-09-04,-0.00015550539495664173,0.0,8.452914889377737
2023-09-05,0.0025097014434617825,0.0,7.205718765670719
2023-09-06,0.007388830011366311,0.0,7.644391553627607
2023-09-07,-0.0029449140415164494,0.0,8.633427862307329
2023-09-08,-0.0006451310386762121,0.0,6.397373951317984
2023-09-09,-0.007086598284209799,0.0,8.061966565523125
2023-09-10,-0.010246907759980783,0.0,7.538079496254801
2023-09-11,0.004641807703202896,0.0,8.809189519788152
2023-09-12,0.003934842507905164,0.0,7.707092321673926
2023-09-13,0.0047373946263776215,0.0,9.62231597794977
2023-09-14,0.007220968065439003,0.0,8.808529563723411
2023-09-15,-0.0014297753265448744,0.0,6.856708200521588
2023-09-16,-0.0043606350469975715,0.0,9.214048382814111
2023-09-17,0.010238236227104156,0.0,8.598384699401361
2023-09-18,0.006529478244431643,0.0,8.607317575483375
2023-09-19,-0.00260767888678106,0.0,8.325039717741468
2023-09-20,-0.012352719845314589,0.0,7.465313121367845
2023-09-21,0.004618470725606766,0.0,7.169862170658847
2023-09-22,0.0019418447905275248,0.0,8.283763755795036
2023-09-23,-0.007282188918028001,0.0,7.652763640687044
2023-09-24,0.00296928480473812,0.0,8.238529536632688
2023-09-25,-0.0018695321919108584,0.0,7.282570299194646
2023-09-26,0.0035921347393943212,0.0,8.317166790513188
2023-09-27,0.007885215649976674,0.0,7.798741881180682
2023-09-28,0.0013752412895976652,0.0,10.80388108443654
2023-09-29,0.0030977760483495713,0.0,9.703680239589929
2023-09-30,0.0064840173834677245,0.0,10.493099038715936
2023-10-01,-0.02161723650046812,0.0,11.915721025117954
2023-10-02,-0.007154651630407283,0.0,10.122771378524076
2023-10-03,-0.0010174120068928826,0.0,9.071803198223893
2023-10-04,-0.006527007983996981,0.0,10.615479500648506
2023-10-05,0.009249313332954609,0.0,10.639310348534547
2023-10-06,-0.0023003802555243737,0.0,9.904920151389273
2023-10-07,0.0008062666874576618,0.0,10.251390433815343
2023-10-08,-0.017486912198709816,0.0,10.562902298376764
2023-10-09,-0.0039426015130242876,0.0,11.890547263681594
2023-10-10,-0.0036988847883312817,0.0,9.933600683715738
2023-10-11,-0.0016938835731589745,0.0,6.995962797560806
2023-10-12,0.004336274331429365,0.0,8.025126806995386
2023-10-13,0.001062739011122988,0.0,7.439497954240632
2023-10-14,0.0023962902914126177,0.0,9.464399278038439
2023-10-15,0.012346545413753372,0.0,9.14683182083207
2023-10-16,-0.010041290380496053,0.0,11.837524614817134
2023-10-17,-0.004979774669910472,0.0,11.676836205240932
2023-10-18,0.00375676193581529,0.0,12.461719344250499
2023-10-19,0.013184848268926996,0.0,11.572068539564594
2023-10-20,0.018202322210475002,0.0,10.253379163832971
2023-10-21,0.010669257416371104,0.0,14.105498189496853
2023-10-22,0.03976823174281834,0.0,13.792741229743942
2023-10-23,-0.001696723017053239,0.0,15.062148280122688
2023-10-24,0.009058738018245763,0.0,15.129860607236512
2023-10-25,-0.001985974818856513,0.0,15.765870682651084
2023-10-26,-0.00907865566751508,0.0,16.010554971146618
2023-10-27,0.006139906579908865,0.0,15.053967002060686
2023-10-28,0.010486774314445287,0.0,12.451966286154914
2023-10-29,0.011092060440114935,0.0,14.740520343644103
2023-10-30,0.003292077704350565,0.0,16.633488592167684
2023-10-31,0.013229436647804392,0.0,13.276125996119267
2023-11-01,-0.008090784709537972,0.0,19.06458417839813
2023-11-02,0.0023380375848652828,0.0,20.375549939851275
2023-11-03,0.010681032462974088,0.0,22.411622958990726
2023-11-04,0.016388001617910753,0.0,24.169380593272727
2023-11-05,0.027819181768441018,0.0,25.72311562738255
2023-11-06,-0.0057385280755174566,0.0,28.283753691522634
2023-11-07,0.017238023134029244,0.0,25.733573125020705
2023-11-08,0.01581192396883074,0.0,28.925833129276633
2023-11-09,0.01928046273190275,0.0,28.941570899691442
2023-11-10,0.013235032203702816,0.0,26.446801850676785
2023-11-11,0.003531808133116509,0.0,27.022879188797177
2023-11-12,-0.02863108402720338,0.0,29.730985028475708
2023-11-13,-0.021384938097399754,0.0,28.166505918606767
2023-11-14,0.04716941460476526,0.0,27.039279983629285
2023-11-15,-0.0341277865722869,0.0,30.79809012857009
2023-11-16,-0.00038993343711670554,0.0,31.121214609785135
2023-11-17,-0.0035557372755731726,0.0,34.18304691256091
2023-11-18,0.018695982427187428,0.0,33.58185676636343
2023-11-19,-0.009417969562954622,0.0,30.569251174398094
2023-11-20,-0.054160243079421216,0.0,29.335385597917156
2023-11-21,0.04100482810771393,0.0,20.757775714389382
2023-11-22,-0.0012839361340823562,0.0,33.28660023926732
2023-11-23,0.013342564585877258,0.0,31.324863606270004
2023-11-24,0.010698268912573573,0.0,31.731902504554604
2023-11-25,-0.012145940198143083,0.0,31.962025244327528
2023-11-26,-0.016134486364705623,0.0,28.377990166275175
2023-11-27,0.00798725932615897,0.0,33.09564693290883
2023-11-28,-0.003154006238765,0.0,26.788659789880164
2023-11-29,-0.004527030173343805,0.0,23.137490455245587
2023-11-30,0.018765393438180532,0.0,30.332667023015848
2023-12-01,0.020637147551250658,0.0,29.461625676607916
2023-12-02,0.0018831345259393219,0.0,28.98861231592273
2023-12-03,0.01825887521367739,0.0,26.52961156795341
2023-12-04,0.009086562268414212,0.0,29.258020071322182
2023-12-05,-0.009405507217052045,0.0,28.637401560268437
2023-12-06,0.022912577359334024,0.0,20.771672525992436
2023-12-07,0.030667444399790366,0.0,24.26307176340334
2023-12-08,0.007627001101981768,0.0,19.38564195023538
2023-12-09,-0.002813861995725183,0.0,29.64589867521484
2023-12-10,-0.04946656094110888,0.0,23.902917416173835
2023-12-11,-0.00059230456374335,0.0,36.37832095269014
2023-12-12,0.013449417664541528,0.0,34.503907554726794
2023-12-13,0.01324273123582722,0.0,35.84662893998265
2023-12-14,-0.03133213741394201,0.0,30.27991539448657
2023-12-15,0.021363837977958947,0.0,27.610263862984645
2023-12-16,-0.020377875713966494,0.0,24.43580516989792
2023-12-17,0.008531077550756582,0.0,26.170570414379657
2023-12-18,-0.01318476900602595,0.0,27.061343263442897
2023-12-19,0.013194845353520427,0.0,19.864656198537578
2023-12-20,0.023958451477102193,0.0,26.670272582616406
2023-12-21,0.021157262325384667,0.0,28.093884200980874
2023-12-22,-0.005259207276508188,0.0,28.634973334849576
2023-12-23,-0.013027229060632094,0.0,25.484603513092743
2023-12-24,0.01572538534866318,0.0,33.71946896094665
2023-12-25,-0.014329902092049625,0.0,27.219979953103696
2023-12-26,0.03701482571645129,0.0,31.251950514382525
2023-12-27,-0.0007853238941785802,0.0,28.782907015889435
2023-12-28,-0.018600177980693598,0.0,26.829163752753225
2023-12-29,0.003445899001945687,0.0,24.366845926624297
2023-12-30,0.00332918267899256,0.0,26.21273363554242
2023-12-31,0.028199566911261412,0.0,27.698588144679302
2024-01-01,-0.013496122484834113,0.0,28.329970116085665
2024-01-02,-0.06012115748114301,0.0,32.16364009012233
2024-01-03,0.015234261621986621,0.0,34.98216555497524
2024-01-04,-0.01661052902942419,0.0,29.034647707433663
2024-01-05,-0.01469252396110482,0.0,28.14647723973803
2024-01-06,-0.019113347073637845,0.0,22.252227764615178
2024-01-07,0.02911003164935986,0.0,17.182703005138478
2024-01-08,-0.0023105594807767854,0.0,18.122054610502914
2024-01-09,0.03894149465428589,0.0,20.63627725815195
2024-01-10,0.015622383353244595,0.0,18.77879458737254
2024-01-11,-0.021039576392818463,0.0,19.548851598312325
2024-01-12,-0.0023979806823729278,0.0,19.10492955721965
2024-01-13,-0.01736413805894395,0.0,19.392893109870922
2024-01-14,0.006033666866082884,0.0,21.835861188916596
2024-01-15,0.008290265971234782,0.0,14.955532090569932
2024-01-16,-0.008600476619639393,0.0,15.009342217680302
2024-01-17,-0.021470012660158543,0.0,17.351517736862142
2024-01-18,0.0070580184872865315,0.0,15.664194047154304
2024-01-19,-0.0026242770955575015,0.0,20.37708053264938
2024-01-20,-0.004362578926744621,0.0,21.43905343240256
2024-01-21,-0.025741575960813577,0.0,14.72479956342786
2024-01-22,-0.0043458661599946255,0.0,11.799029376195804
2024-01-23,0.006722781708232093,0.0,14.134823638147946
2024-01-24,-0.0024476423811421325,0.0,13.484416615234135
2024-01-25,0.016339509807341817,0.0,14.625419004296358
2024-01-26,0.004863653762127411,0.0,16.34789078664644
2024-01-27,-0.003978402287362814,0.0,14.858862319446645
2024-01-28,0.013603202449589158,0.0,14.148725510972259
2024-01-29,-0.004459191789862139,0.0,13.80312081042521
2024-01-30,-0.013881356442323776,0.0,15.578573638004197
2024-01-31,0.010802989092593663,0.0,16.6856183726618
2024-02-01,0.0075270752964454735,0.0,15.570830715301962
2024-02-02,-0.001637265491882309,0.0,15.965203853203157
2024-02-03,-0.005887279398070314,0.0,14.287191053337342
2024-02-04,0.007097591482007429,0.0,13.708410773108438
2024-02-05,0.0016954709864928945,0.0,15.685358912351749
2024-02-06,0.012093836849644884,0.0,18.518194238254125
2024-02-07,0.002070632685705675,0.0,16.057538682370144
2024-02-08,0.0153984733021027,0.0,20.092083544293352
2024-02-09,0.005500985116384812,0.0,16.73475456696551
2024-02-10,0.007509879119695507,0.0,12.42663758321024
2024-02-11,0.01877629935925856,0.0,12.915896703202609
2024-02-12,-0.008816124867503383,0.0,10.944400493065814
2024-02-13,0.019832671255809405,0.0,14.304792970440875
2024-02-14,-0.0007401321799240162,0.0,15.766525552484616
2024-02-15,-0.0015430879886387978,0.0,10.43319262424468
2024-02-16,-0.0016261348730727352,0.0,10.817882910149928
2024-02-17,0.011936901769787137,0.0,8.60692020038191
2024-02-18,0.011590927323689878,0.0,11.90812208010773
2024-02-19,0.00043772570415153474,0.0,16.52141416042359
2024-02-20,-0.01598260916863689,0.0,16.102352787397542
2024-02-21,-0.0011268396808829704,0.0,18.51559273326714
2024-02-22,-0.002969695583130461,0.0,17.918530515564324
2024-02-23,0.01164649379548742,0.0,16.061270494312673
2024-02-24,0.008157478219473258,0.0,18.275303090338834
2024-02-25,0.014236386006488732,0.0,20.398072713033017
2024-02-26,0.005672030460895253,0.0,17.55894192666404
2024-02-27,0.010181025803015303,0.0,17.98752911972251
2024-02-28,0.0004151334213386474,0.0,25.59237325581918
2024-02-29,0.015179459442936027,0.0,20.87075682449543
2024-03-01,0.04972581120310262,0.0,22.587788424421998
2024-03-02,-0.0021276323951521766,0.0,28.599610002472684
2024-03-03,0.0066834461891903,0.0,27.546266513173357
2024-03-04,-0.04041784312587097,0.0,26.76375123380175
2024-03-05,0.03325720082363889,0.0,28.111309602973915
2024-03-06,0.009984618947696531,0.0,35.23615223551848
2024-03-07,0.008318956589345268,0.0,45.93596650670863
2024-03-08,0.0007657166353484675,0.0,39.8064334007925
2024-03-09,-0.0061452740114491325,0.0,40.17837100362658
2024-03-10,0.042101001086255564,0.0,38.08620701763153
2024-03-11,-0.019951735141341638,0.0,37.182038637151734
2024-03-12,0.0011942775582684272,0.0,36.13964565323562
2024-03-13,-0.021461979578852788,0.0,38.789592962245806
2024-03-14,-0.038990340383752396,0.0,42.60272185138212
2024-03-15,-0.051733910263848534,0.0,36.67050926503616
2024-03-16,0.021319259585907586,0.0,32.86418151902715
2024-03-17,-0.014542672162285353,0.0,30.307763631048438
2024-03-18,-0.0710498161386576,0.0,26.603076095931506
2024-03-19,0.06987925150853139,0.0,24.043510188784378
2024-03-20,0.007760108937767144,0.0,22.24484500778032
2024-03-21,-0.01707436957998224,0.0,21.96974817472411
2024-03-22,0.016907212660204576,0.0,23.322854979230343
2024-03-23,0.0276757963540796,0.0,24.40808840702628
2024-03-24,0.016330391351785063,0.0,21.642136374283567
2024-03-25,-0.0003637783122799874,0.0,25.257528748280055
2024-03-26,-0.006649117034498346,0.0,24.545224816600197
2024-03-27,0.006857904240334371,0.0,26.92672385690635
2024-03-28,0.017476734976482885,0.0,27.18021605468357
2024-03-29,-0.010138935841039979,0.0,27.194466717474405
2024-03-30,0.01895205770124917,0.0,20.418238586271762
2024-03-31,-0.022393566729598937,0.0,22.66737108393083
2024-04-01,-0.02463783492229662,0.0,17.535823452061607
2024-04-02,-0.008778385363678868,0.0,14.3523614499811
2024-04-03,0.016034195302768943,0.0,12.347831428332237
2024-04-04,-0.005976197766424786,0.0,16.146881698920033
2024-04-05,0.008188812734955572,0.0,12.658837633795557
2024-04-06,0.0071606957744283365,0.0,14.054858627790447
2024-04-07,0.011872484080475441,0.0,14.315648516959794
2024-04-08,-0.016087940226960674,0.0,14.525510895259162
2024-04-09,-0.0025363227898298007,0.0,13.045880224988078
2024-04-10,-0.003090557144260788,0.0,9.766391417263714
2024-04-11,-0.03987366300459424,0.0,14.156917036928807
2024-04-12,-0.031107667972665762,0.0,18.48570372409133
2024-04-13,0.01846034762417843,0.0,18.255907567938475
2024-04-14,-0.01110129344851317,0.0,14.147333663905396
2024-04-15,-0.0015722854107022806,0.0,16.193786122855048
2024-04-16,-0.009197552216437452,0.0,16.183564930533613
2024-04-17,0.011120853601056314,0.0,13.312376431211366
2024-04-18,0.001066873082576744,0.0,16.08702207809769
2024-04-19,0.017115574685910958,0.0,15.037421883982928
2024-04-20,-0.00343448614191058,0.0,15.234945666184261
2024-04-21,0.01648973517800614,0.0,16.661860847684228
2024-04-22,-0.006669261831629024,0.0,15.651843180550141
2024-04-23,-0.02161411820597654,0.0,13.569515126951526
2024-04-24,-0.0017389757691447113,0.0,16.114964656384647
2024-04-25,-0.000551315751282372,0.0,15.321954447817632
2024-04-26,0.003462395459589429,0.0,16.936478209579935
2024-04-27,-0.002177786420612635,0.0,11.528096868460292
2024-04-28,0.0004406298210505437,0.0,9.485356671357746
2024-04-29,-0.021772556713440232,0.0,10.663601417608369
2024-04-30,0.002467260334008918,0.0,7.050331088103814
2024-05-01,0.005845194915079729,0.0,11.062595533577646
2024-05-02,0.011640004272536334,0.0,11.814631627266769
2024-05-03,0.00036558671012711623,0.0,9.597600549285357
2024-05-04,0.001436209239917841,0.0,7.3023426305688695
2024-05-05,-0.004865076038730785,0.0,9.10341240927166
2024-05-06,-0.0033043514123889356,0.0,10.3634326262265
2024-05-07,-0.006465285335158056,0.0,9.832213489502404
2024-05-08,0.007773673309749831,0.0,10.995563833122908
2024-05-09,-0.012600269756178234,0.0,12.895830403050901
2024-05-10,0.001534465555468892,0.0,14.890654018830109
2024-05-11,0.00023793048176655278,0.0,12.718815662346461
2024-05-12,-0.0016055283812443522,0.0,8.524328017779327
2024-05-13,-0.010873936719793581,0.0,14.215810680403917
2024-05-14,0.02100748188196417,0.0,12.244669322839009
2024-05-15,0.0008789899201910977,0.0,10.962369549288454
2024-05-16,0.010951168666036702,0.0,12.553431020968242
2024-05-17,-5.052011743790529e-06,0.0,12.879816374230145
2024-05-18,-0.0060893102311958104,0.0,12.178763486904188
2024-05-19,0.03266244647054591,0.0,11.369523704256757
2024-05-20,-0.00023861479001875815,0.0,13.526795637121348
2024-05-21,-0.007161555239304098,0.0,12.424472552619015
2024-05-22,-0.000627561383788281,0.0,10.73543307334398
2024-05-23,0.004008772997101759,0.0,12.75987143883598
2024-05-24,0.00276729150014469,0.0,16.261558120179632
2024-05-25,-0.002644851787407824,0.0,16.838945653445716
2024-05-26,0.01013333755205488,0.0,19.738269738269754
2024-05-27,-0.013375263762977332,0.0,17.808852303519295
2024-05-28,-0.008416310415343655,0.0,16.963729959785546
2024-05-29,-0.00043797345643121956,0.0,16.961968680089477
2024-05-30,0.00033864799518035677,0.0,17.253592147917264
2024-05-31,0.0020286125851371357,0.0,17.853279018613932
2024-06-01,-0.006497467070499755,0.0,19.79404641929696
2024-06-02,-0.00032253789300992503,0.0,19.552965928340704
2024-06-03,0.009918343586986376,0.0,17.528255942839355
2024-06-04,0.00387672201608987,0.0,18.891298763168496
2024-06-05,-0.008979876461039246,0.0,16.82462124773516
2024-06-06,-0.021564377586759616,0.0,15.007280694379734
2024-06-07,-0.0093941904936476,0.0,18.19159714065446
2024-06-08,0.003845944692923612,0.0,14.375508930753178
2024-06-09,-0.008491794873860321,0.0,19.43895643961188
2024-06-10,-0.022272025856631412,0.0,18.16289851520535
2024-06-11,0.018297333911388172,0.0,15.800354100822343
2024-06-12,-0.019728206264134032,0.0,14.4289040306125
2024-06-13,-0.006348440199076093,0.0,13.721654350237234
2024-06-14,0.009498326384284255,0.0,15.202663546069452
2024-06-15,0.002902261202276827,0.0,16.63785032996258
2024-06-16,-0.019809770493354178,0.0,14.890266350757674
2024-06-17,-0.021059247927367807,0.0,14.126884367171233
2024-06-18,0.012649186048634315,0.0,15.21018639843188
2024-06-19,-5.7635796292360825e-05,0.0,15.426508241032852
2024-06-20,-0.0067128122672795955,0.0,17.549802080456598
2024-06-21,-0.004467930491444607,0.0,15.768178208431635
2024-06-22,-0.011700502397407487,0.0,12.346536988225175
2024-06-23,0.0016776866037732847,0.0,11.70076277188723
2024-06-24,0.007071563101241168,0.0,12.836606860336762
2024-06-25,-0.002573041246294993,0.0,12.793760311583465
2024-06-26,0.0052201376374980965,0.0,10.264659439120045
2024-06-27,-0.013254446291509016,0.0,13.370946788380067
2024-06-28,-0.00034241372442438643,0.0,13.882225309427056
2024-06-29,0.009304277768257325,0.0,13.35064765546418
2024-06-30,-0.0018839465820804165,0.0,12.089306461509267
2024-07-01,8.421939537809334e-05,0.0,12.936430837858325
2024-07-02,-0.014667228113277943,0.0,13.294539581176611
2024-07-03,-0.024778928126886167,0.0,15.282566924411892
2024-07-04,-0.00851599268668517,0.0,15.049816849816853
2024-07-05,0.01570414529609467,0.0,16.678945494510035
2024-07-06,-0.020847982294765137,0.0,17.563449836899636
2024-07-07,0.017744525499488677,0.0,16.611669578170876
2024-07-08,0.006447049543447538,0.0,15.667684981711762
2024-07-09,0.006434572971701524,0.0,16.29934109148963
2024-07-10,-0.00386733049341681,0.0,15.886485569955555
2024-07-11,0.017527178324037992,0.0,12.420045220598453
2024-07-12,0.013977608339879023,0.0,16.17950163984082
2024-07-13,0.011947518141645509,0.0,14.066913626312529
2024-07-14,0.02409784108802941,0.0,14.664305357294893
2024-07-15,-0.0011235633237826688,0.0,14.76268317006868
2024-07-16,-0.0003082347677525084,0.0,14.73317464381283
2024-07-17,-0.006276537604411114,0.0,13.142845707958406
2024-07-18,0.017258373565086846,0.0,13.282509493127293
2024-07-19,0.002447742268147846,0.0,11.148361400698137
2024-07-20,0.0066808508088826435,0.0,7.50582047895576
2024-07-21,-0.021995541172198863,0.0,13.879135119576901
2024-07-22,-0.004242170897007446,0.0,14.82688925044774
2024-07-23,-0.015207403900818347,0.0,11.92026337268539
2024-07-24,-0.012881373621039256,0.0,17.09752056925232
2024-07-25,0.02107109870784036,0.0,14.847264510778125
2024-07-26,2.3755295779026575e-05,0.0,14.828851029231183
2024-07-27,-0.0034116971775725938,0.0,11.612624576470676
2024-07-28,0.004476019891773466,0.0,12.404654420921545
2024-07-29,-0.005397733313639132,0.0,15.21377216788915
2024-07-30,-0.005813080441957008,0.0,16.53837210725344
2024-07-31,-0.0026961667867705886,0.0,18.92179227583265
2024-08-01,-0.020330714003983695,0.0,12.997160790254215
2024-08-02,-0.01132191227425175,0.0,14.939085232231042
2024-08-03,-0.018289963402453355,0.0,14.061613125645223
2024-08-04,-0.04287165121781962,0.0,13.880735522997568
2024-08-05,0.02418454366242918,0.0,13.768520733911771
2024-08-06,-0.0138403444584697,0.0,15.689480892135123
2024-08-07,0.05469633567864446,0.0,18.35841102282334
2024-08-08,-0.012312910046054082,0.0,16.63992949620281
2024-08-09,0.002253881510210645,0.0,16.41106938776985
2024-08-10,-0.026711722519686176,0.0,18.63492651644223
2024-08-11,0.02353906860780375,0.0,18.37811708813294
2024-08-12,0.0053345919231492876,0.0,19.312014677059707
2024-08-13,-0.012085567614352853,0.0,17.894884883512695
2024-08-14,-0.011234828315560056,0.0,13.48002732984852
2024-08-15,0.0025444716381004782,0.0,14.295896831609113
2024-08-16,0.007163630599220507,0.0,13.220428807547613
2024-08-17,-0.006759111808955681,0.0,12.860850509549284
2024-08-18,0.004505627443751363,0.0,11.346720444579773
2024-08-19,1.6910297379608215e-05,0.0,13.92559636763212
2024-08-20,0.009775896119886952,0.0,14.53769491028072
2024-08-21,0.0035376193622128596,0.0,13.718773253042238
2024-08-22,0.01943521506615384,0.0,13.423743860371872
2024-08-23,0.0021615237362204096,0.0,8.836846213895399
2024-08-24,-0.005000575147353491,0.0,8.611215024078867
2024-08-25,-0.011021416155785026,0.0,11.009054141882968
2024-08-26,-0.01800360165683421,0.0,8.742170571653165
2024-08-27,0.0018061829289621645,0.0,9.848416535210657
2024-08-28,0.0006508618782837148,0.0,12.19859813084113
2024-08-29,0.0014645873488923983,0.0,10.21785267899249
2024-08-30,-0.003487370365324695,0.0,12.02263985635269
2024-08-31,-0.012393009974715657,0.0,12.772773943671144
2024-09-01,0.01602602691085961,0.0,12.661992357583452
2024-09-02,-0.021020279679802106,0.0,8.408845723058732
2024-09-03,0.008605473565406106,0.0,7.951024981873311
2024-09-04,-0.013586723552353401,0.0,6.826989892043312
2024-09-05,-0.018632025472964317,0.0,6.312165251399904
2024-09-06,0.007113207975282369,0.0,8.379918752975179
2024-09-07,0.008242167897487999,0.0,8.003271387568322
2024-09-08,0.010928107731552512,0.0,10.357799124798706
2024-09-09,0.004195050339157681,0.0,9.177161614775564
2024-09-10,-0.0029001231722111847,0.0,10.331182078609979
2024-09-11,0.003875690003534293,0.0,9.117937051466662
2024-09-12,0.009075615801131386,0.0,5.5020581062173886
2024-09-13,-0.002986901027722565,0.0,12.387309878123698
2024-09-14,-0.010905142715501357,0.0,13.327383255065062
2024-09-15,-0.004778418634414038,0.0,9.126249317475033
2024-09-16,0.007804805589416221,0.0,10.371660948637196
2024-09-17,0.007026066559754238,0.0,8.868115056970339
2024-09-18,0.007988748655025236,0.0,8.040105556275435
2024-09-19,0.005868653380950078,0.0,10.745544140983874
2024-09-20,0.0066401677028551835,0.0,8.755573973293773
2024-09-21,-0.0035332060766565293,0.0,7.962037773422381
2024-09-22,0.005907788381898203,0.0,5.589463220675938
2024-09-23,0.00498616399521587,0.0,8.909904707344797
2024-09-24,-0.0034974195951462607,0.0,9.61511188486286
2024-09-25,0.009164159618048102,0.0,9.570987658186281
2024-09-26,0.00785573511998679,0.0,8.624002951450493
2024-09-27,-0.0025555918191822193,0.0,14.854233534558638
2024-09-28,-0.0013231266363397608,0.0,12.205786691949871
2024-09-29,-0.022139203458453844,0.0,13.759989144812423
2024-09-30,-0.033066181430497506,0.0,13.476228379227505
2024-10-01,-0.01192077091434118,0.0,9.645761493512728
2024-10-02,0.0006179623838188893,0.0,6.838686785389292
2024-10-03,0.011817304216082463,0.0,9.091180182948033
2024-10-04,-0.0008797513784341386,0.0,10.818748320486705
2024-10-05,0.005637307148842276,0.0,12.262018851322765
2024-10-06,-0.00396193185643325,0.0,9.834971856841591
2024-10-07,-0.0021565925039790166,0.0,12.612380032277294
2024-10-08,-0.007728018883111488,0.0,12.200570809027212
2024-10-09,0.0025875419969633683,0.0,10.808191347361817
2024-10-10,0.007344126213599725,0.0,11.23320769501901
2024-10-11,0.003494937785561164,0.0,10.029049980754579
2024-10-12,-0.0055350449123744636,0.0,9.884807777113481
2024-10-13,0.036326847002084765,0.0,11.517378407618306
2024-10-14,-0.003952762205130597,0.0,15.295023330592649
2024-10-15,-0.0017232367065382675,0.0,12.609016999260913
2024-10-16,-0.0035886215662870222,0.0,13.570816663880048
2024-10-17,0.01058529213147483,0.0,14.242011949877732
2024-10-18,0.002786908751865675,0.0,14.539767308722375
2024-10-19,0.014401840755833435,0.0,11.814713711356994
2024-10-20,-0.017608671001143373,0.0,11.928725021078245
2024-10-21,-0.004827785853880977,0.0,11.10748320761925
2024-10-22,-0.012832867667198775,0.0,12.036766751755135
2024-10-23,0.008869461227004346,0.0,11.733150095602273
2024-10-24,-0.026803188175912082,0.0,12.264271613011125
2024-10-25,0.0019644472322300397,0.0,10.958395580230652
2024-10-26,0.006490570165529862,0.0,9.393477662793892
2024-10-27,0.008588999480560983,0.0,11.383340888993843
2024-10-28,0.018895963625915273,0.0,10.339879152711138
2024-10-29,-0.0014239993214134232,0.0,10.260632841066553
2024-10-30,-0.028786518967119375,0.0,12.440542672711397
2024-10-31,-0.006990989245702292,0.0,10.968849541919917
2024-11-01,-0.006428981215148864,0.0,11.602068160937826
2024-11-02,-0.010339506646419479,0.0,10.911914905177216
2024-11-03,-0.01215791323475228,0.0,11.597642007508528
2024-11-04,0.014787519499928486,0.0,12.343299924565791
2024-11-05,0.05839331637329391,0.0,10.726758549359262
2024-11-06,0.007024272788362452,0.0,16.009534437743714
2024-11-07,0.007451660390777389,0.0,18.603760652543517
2024-11-08,0.017506645180447655,0.0,19.038157828742513
2024-11-09,0.019365798847654544,0.0,16.51269809403462
2024-11-10,0.027282583698294356,0.0,14.411712144051691
2024-11-11,-0.01643430280662228,0.0,17.42075574901311
2024-11-12,-0.013602106654398453,0.0,15.338914827166038
2024-11-13,-0.010543663861851627,0.0,15.720314221363504
2024-11-14,0.027291648011342755,0.0,18.16500277388681
2024-11-15,0.05291938225207329,0.0,16.05929764454909
2024-11-16,-0.028648440643200664,0.0,20.310019291004018
2024-11-17,0.044206924147905634,0.0,20.393497904438185
2024-11-18,-0.014991715677136886,0.0,25.800962820056036
2024-11-19,-0.01589112954668786,0.0,27.96687418313487
2024-11-20,0.04868129735319608,0.0,28.35498758910382
2024-11-21,0.04594477731782476,0.0,31.07074360886167
2024-11-22,0.06016513584299815,0.0,33.12055541264982
2024-11-23,0.017577610459624773,0.0,26.6093279224459
2024-11-24,-0.014866783654281027,0.0,35.216260397892235
2024-11-25,-0.015375465326682141,0.0,25.298886651669534
2024-11-26,0.0550893146881188,0.0,30.944068899950423
2024-11-27,-0.005443728821655473,0.0,39.068480299598995
2024-11-28,0.02418571591334608,0.0,36.84340372213913
2024-11-29,0.01721523821578469,0.0,35.17876800014409
2024-11-30,0.01655568641506519,0.0,41.04312750437981
2024-12-01,0.031158824721060383,0.0,41.52841495931233
2024-12-02,0.006283009152960182,0.0,46.794086183768755
2024-12-03,0.020651577235873426,0.0,49.177070222952835
2024-12-04,-0.015576668342254326,0.0,51.85732804986142
2024-12-05,0.03820544324764072,0.0,46.05417362197689
2024-12-06,-0.013876649774315464,0.0,50.639654900595175
2024-12-07,0.005505819550134556,0.0,50.7666578440969
2024-12-08,-0.1060355724870229,0.0,43.185978200365454
2024-12-09,-0.006216232893693937,0.0,38.7715661937643
2024-12-10,0.04162255404166337,0.0,26.68925879121692
2024-12-11,0.02778962585450309,0.0,32.435402121804415
2024-12-12,0.004729974980862936,0.0,44.946629057364184
2024-12-13,-0.018322329226197122,0.0,48.86096636391797
2024-12-14,0.021362582859977743,0.0,47.01144273838379
2024-12-15,-0.014492069694122743,0.0,44.76515655586896
2024-12-16,-0.011625775729365177,0.0,31.890976459068334
2024-12-17,-0.06834014970583094,0.0,40.08432722839352
2024-12-18,-0.06232603518142081,0.0,24.89942330214115
2024-12-19,0.018657299110501627,0.0,24.118239197816365
2024-12-20,-0.02539801656934244,0.0,25.637838261811417
2024-12-21,-0.006605622252476997,0.0,28.95159581994305
2024-12-22,0.03884090393270406,0.0,27.58885102501226
2024-12-23,0.02694072953491996,0.0,24.779669668963408
2024-12-24,-0.012240302424776228,0.0,26.998669340575383
2024-12-25,-0.044617547086058494,0.0,26.032452859241623
2024-12-26,0.0006499591959386133,0.0,25.80173756454311
2024-12-27,0.013626037020844521,0.0,22.959028917442616
2024-12-28,-0.02763768926273228,0.0,25.932733923318057
2024-12-29,0.0010674424538521935,0.0,20.969177094117583
2024-12-30,-0.0059208794256079954,0.0,21.500667850255425
2024-12-31,0.026183218103071997,0.0,14.947439401271694
2025-01-01,0.012356715450967457,0.0,10.59707585838083
2025-01-02,0.0257647701611158,0.0,13.342532910613372
2025-01-03,0.0018063085574514,0.0,14.838605808346664
2025-01-04,0.001735623314211432,0.0,17.19044230661703
2025-01-05,0.006609423970543241,0.0,14.971338394584919
2025-01-06,-0.04635741431124174,0.0,13.914103002129039
2025-01-07,-0.010995860364559521,0.0,14.431367454352468
2025-01-08,-0.017854070054219056,0.0,16.710745555546005
2025-01-09,0.016309237177807197,0.0,13.764980853534516
2025-01-10,0.003224400422784187,0.0,14.841732390626337
2025-01-11,-0.006567952095320716,0.0,13.664270713629435
2025-01-12,-0.012648590541966414,0.0,12.60239108409321
2025-01-13,0.014438868836317368,0.0,11.939691417000308
2025-01-14,0.039696184411915504,0.0,10.979575565861275
2025-01-15,-0.002934986483200012,0.0,11.918192921133631
2025-01-16,0.030480644029214334,0.0,11.772003928732008
2025-01-17,-0.025904621149428875,0.0,12.6114116834245
2025-01-18,-0.02914848922285123,0.0,15.476482016620153
2025-01-19,0.006449390691504746,0.0,10.23515341505129
2025-01-20,0.010639367945255792,0.0,14.641599323536337
2025-01-21,-0.009532242356526012,0.0,15.22935506273392
2025-01-22,0.004029548141375206,0.0,12.791476447422289
2025-01-23,-0.003448851128967676,0.0,11.75029079202784
2025-01-24,-3.070616076881902e-05,0.0,13.61358581402683
2025-01-25,-0.010337813720170405,0.0,16.06559281483323
2025-01-26,-0.008733041451851806,0.0,17.30244069633976
2025-01-27,-0.025984111890666774,0.0,16.795680198799534
2025-01-28,0.013975754410109674,0.0,22.59669065470731
2025-01-29,0.025281907367626453,0.0,21.49579221475551
2025-01-30,0.0038727386294856087,0.0,22.05443928384624
2025-01-31,-0.035414625671982544,0.0,24.004030259546937
2025-02-01,-0.05109176623215252,0.0,23.64473703965797
2025-02-02,0.011492985237096121,0.0,22.634513935991432
2025-02-03,-0.030799424931425214,0.0,21.85072156620823
2025-02-04,-0.007986823063652523,0.0,22.434642992751794
2025-02-05,-0.020675635933996402,0.0,23.15447334103912
2025-02-06,-0.002320000380708546,0.0,23.89266591799021
2025-02-07,0.0068608824841675095,0.0,21.038218005230238
2025-02-08,-0.0019365198528747622,0.0,21.55804680255222
2025-02-09,0.013433648622068042,0.0,15.370645141632387
2025-02-10,-0.005723802196781067,0.0,17.56083456002394
2025-02-11,0.01883295047784578,0.0,16.76977943447963
2025-02-12,-0.006466524945321327,0.0,19.569546545036964
2025-02-13,0.010886915448054063,0.0,18.04173407293306
2025-02-14,-0.005845067048622536,0.0,16.890319447504147
2025-02-15,-0.00989458864981074,0.0,17.336773071462098
2025-02-16,0.0047095632445046465,0.0,16.017370542363988
2025-02-17,-0.015535915264995797,0.0,17.893963901836678
2025-02-18,0.010560437122615679,0.0,14.035522818064361
2025-02-19,0.005136619712963544,0.0,14.318803509893787
2025-02-20,-0.020367246082818,0.0,13.265117747328151
2025-02-21,0.010176234833313393,0.0,13.79598756483026
2025-02-22,0.0018038590440849422,0.0,12.836844612702045
2025-02-23,-0.05970069662966875,-0.06804198579621107,14.229433656705972
2025-02-24,-0.0018818625259421156,0.01111402325928248,14.415656488553406
2025-02-25,-0.005517357006035972,0.004155306096402252,11.958375981058925
2025-02-26,0.0001273744878927653,0.0012329042113687072,11.559749880811655
2025-02-27,-0.0010906861406187376,0.009035849467443308,13.178699897408116
2025-02-28,-0.0002426974863986057,-0.011448286636784806,12.8146823001983
2025-03-01,0.05498841324688849,0.0507049111926116,13.801314168775992
2025-03-02,-0.07078006924983454,-0.08172655181433426,14.286801835361452
2025-03-03,0.0037765124989091337,-0.009879091662060859,13.813629229639048
2025-03-04,0.03208203256601237,0.01480178320974866,16.91124209906254
2025-03-05,-0.001208129900147425,-0.017705292301236016,16.48893692602128
2025-03-06,-0.013665511301799545,-0.014799548308962202,14.363165482851205
2025-03-07,-0.00529290047547213,-0.010007973951476247,16.631457622421784
2025-03-08,-0.04228180159116036,-0.05978318238375587,14.103857625090109
2025-03-09,-0.02881331766724566,-0.02975522643561812,18.019100698870517
2025-03-10,0.023190406683955094,0.025242459753548725,18.699397039989552
2025-03-11,0.010362704108479616,0.014098665984908198,17.495783387973272
2025-03-12,-0.015567527125103425,-0.010102012045002216,16.66712759021346
2025-03-13,0.015623291375312957,0.024480925613256932,17.057010514444997
2025-03-14,0.005341282173554919,0.014574445773401593,18.83173068783475
2025-03-15,-0.018122797777976245,-0.028750206231596395,16.119776294703684
2025-03-16,0.019189578827377762,0.02545163711664839,14.584442089402035
2025-03-17,-0.008938238210068195,-0.01069357701711714,13.82118766413247
2025-03-18,0.024690988767938182,0.023202621446575603,17.470631164702684
2025-03-19,-0.012452290941809852,-0.021583298895059604,16.995224876807214
2025-03-20,-0.009712570623956893,-0.006862586397774597,15.291496548293436
2025-03-21,0.001543740546683216,0.010139591240450468,14.475545183571946
2025-03-22,0.008932686242997454,0.005524650669641407,12.07021883371186
2025-03-23,0.023644816269329755,0.025415109912590092,16.678401601999358
2025-03-24,0.006698783916633632,0.014219153648404122,15.828402720339884
2025-03-25,-0.007903928636542275,-0.003339978122987545,13.87912677318662
2025-03-26,0.0035415624644585517,-0.0009598658678554035,17.95703698382348
2025-03-27,-0.025708585124773357,-0.04365120347640537,18.027301702068925
2025-03-28,-0.018135566844037884,-0.031657254685609974,17.53406275462895
2025-03-29,-0.004765387071889261,0.003703676276828477,18.213427626692578
2025-03-30,-0.0007254277537396656,-0.0021139123797536746,18.126724073295176
2025-03-31,0.017362731570154274,0.006179178421444691,17.127715156806083
2025-04-01,-0.03160061176568284,-0.04761186404497896,14.970894672750248
2025-04-02,0.0021215650503577407,0.0007393031509054197,16.80787920288039
2025-04-03,0.0038532551587533953,0.0008909511733241431,15.654156115500417
2025-04-04,-0.006472228235565295,-0.008503120835730951,13.290012853752277
2025-04-05,-0.06052727411967807,-0.06703677863193169,12.680187819595513
2025-04-06,0.004886600172414365,0.02434050178591325,12.258048730462662
2025-04-07,-0.013439411442035035,-0.026700723740815554,10.505231253583954
2025-04-08,0.03307288372054841,0.09043587809826391,12.188474934725498
2025-04-09,-0.014574743736828714,-0.017480329889638185,16.397284306239857
2025-04-10,0.01111387219889864,0.03488497932166562,15.27972987428054
2025-04-11,0.014883513725193044,0.043086053300261565,17.336785866699557
2025-04-12,-0.009027458447957144,-0.045116256252252664,20.669357171093484
2025-04-13,-0.0015381666906997661,-0.0003162762616850892,19.07733533439962
2025-04-14,-0.012370449729165055,-0.019530809977507037,19.136031179409756
2025-04-15,0.0007832121098575931,-0.0044480880448193585,19.432802938527683
2025-04-16,0.008633811116419593,0.00933832140383273,20.311858337767646
2025-04-17,0.00263129838387245,0.005865318183301609,22.646905161824833
2025-04-18,0.007937951578230197,0.02805008881737681,20.602711355801514
2025-04-19,0.0007682535650642393,0.006883067886071744,17.291377823666274
2025-04-20,0.0038347638914362978,0.010155871786909668,19.156875627238527
2025-04-21,0.04155368612665274,0.04583880294626634,22.686215417541653
2025-04-22,0.00634045826605538,0.017578859898007917,25.436667249961474
2025-04-23,0.0025559961007688547,0.008321035545497308,19.673814496217087
2025-04-24,0.007122589313323797,0.015230712932086735,20.736635297672322
2025-04-25,0.002159075210280358,0.012333695786254706,21.80948130807817
2025-04-26,-0.012199019865779334,-0.02470961203736242,22.01870584578329
2025-04-27,0.010220957590617176,0.007849899743210353,26.300855731253
2025-04-28,-0.006818573692527496,-0.0071313599620097725,26.810718042387382
2025-04-29,-0.007259587432415,0.00444180657090016,24.186555835739387
2025-04-30,0.015523035842186712,0.006977351354798526,22.650132402970847
2025-05-01,0.0067332471066672,0.0025020426209674683,14.710761653778025
2025-05-02,-0.016862443219937007,-0.020117921761906188,22.88383473629887
2025-05-03,-0.014874806094587106,-0.006012075408139994,19.179562311143663
2025-05-04,-0.0023366924682602544,0.003904284693426142,17.82082384003826
2025-05-05,0.012679491083976825,-0.004634133353190134,19.5947017623997
2025-05-06,4.699918938310844e-05,0.01277037762309159,24.546503229427017
2025-05-07,0.06779695368775135,0.068948873992081,22.14111854995833
2025-05-08,0.01544196879263728,0.037709102012565505,35.36827541086778
2025-05-09,0.03301441853163615,0.03995822459413942,35.90044952712175
2025-05-10,-0.017099828173771422,-0.011398789505414973,61.85186910084451
2025-05-11,0.003155291210371896,0.0012752209690939167,45.35008239416834
2025-05-12,0.021530240811517734,0.0144306482886579,41.43890438428475
2025-05-13,-0.017940504287137192,-0.01332914517929984,49.41167285471391
2025-05-14,-0.020328306824027635,-0.011397107507599783,48.74619864990297
2025-05-15,-0.0037134605755111847,-0.00802930597421516,53.44878075142858
2025-05-16,-0.017257846428954247,-0.010195294576285294,53.48271612945068
2025-05-17,0.02854343444670768,0.01901775668463272,48.49171935848582
2025-05-18,-0.007537396242016609,-0.00868716814323912,52.01065417226785
2025-05-19,0.0007647122622504995,0.0030152735764006028,42.298346992987604
2025-05-20,0.011996303669410062,0.007359437339722015,46.05766731149954
2025-05-21,0.033862914747779096,0.015769438069578468,48.9318185516225
2025-05-22,-0.03934455475201024,-0.024014170948624517,37.57029952976984
2025-05-23,0.0008492270196597987,0.00012876266695536917,31.886000495954008
2025-05-24,0.004596007811091408,0.0007988028977523251,27.737204138404852
2025-05-25,-0.0006082302201866013,-0.0014951482779177168,21.857983525770866
2025-05-26,0.00589560454442695,0.008364281507194815,24.25775287414439
2025-05-27,-0.0018795980514416026,-0.008528876561323883,19.891159248438186
2025-05-28,-0.015748123279651947,-0.011665935702501089,21.053677596894463
2025-05-29,-0.022462937763222276,-0.055902564556319805,19.68462290570294
2025-05-30,0.005314645960201957,0.009288044041634913,24.388520550510663
2025-05-31,0.002144220727976679,0.010736689675274252,25.334702600731987
2025-06-01,0.007682963840225097,0.0067379209787426595,22.548946695272466
2025-06-02,0.0003672739127191472,0.006380897900056249,25.38694668510061
2025-06-03,-0.007461013629464877,-0.015509693580264794,26.266099097612226
2025-06-04,-0.028774342226752462,-0.035894006141153074,28.52471412235213
2025-06-05,0.014271410825975174,0.011804009860659152,21.150034635412673
2025-06-06,0.009841280100764271,0.01773475296296298,18.493733837082203
2025-06-07,-0.000786994197272977,-0.004697699204595985,17.16631708637632
2025-06-08,0.02641100802122333,0.03550409003398315,18.722737904920216
2025-06-09,0.018216290166484954,0.021709823246547414,16.50896829340311
2025-06-10,-0.01197617081576066,-0.022150806859756723,17.59313664650091
2025-06-11,-0.021876744548685167,-0.03552548544356765,18.636591401792803
2025-06-12,-0.0057801873406670146,-0.011569051367843777,15.491901107732053
2025-06-13,-0.011628558743465245,-0.014303079385084776,15.878838252547586
2025-06-14,0.0060488003461090165,0.005776653227593744,12.916468426092884
2025-06-15,0.00043854789369377666,0.0037208415662000663,11.936800248577086
2025-06-16,-0.008247029376556542,-0.03225252906176237,12.776425275982401
2025-06-17,0.001679493324746044,0.007152405340197658,13.247277841170526
2025-06-18,0.001479161268382149,-0.011082834271651295,12.86020883985941
2025-06-19,-0.010638666163706354,-0.03251458026851637,12.219623024108307
2025-06-20,-0.010352836768702602,-0.035389127359706035,13.675858365652001
2025-06-21,-0.0087769153310635,-0.020469729133661484,16.986291231395363
2025-06-22,0.03652241969006045,0.05589653910579696,15.774068956924005
2025-06-23,0.004682166398978691,0.0034137781435668226,13.55250300158227
2025-06-24,-0.0059166377116775535,-0.017458021235822064,11.228316399840484
2025-06-25,-0.0061983332869429576,-0.011021607064587411,12.661769854946643
2025-06-26,0.005238886949000424,0.0057813655166492756,13.617473359149201
2025-06-27,0.004126057514807566,0.018555071310655154,14.391058059102004
2025-06-28,0.01563538789156197,0.022232244419795853,12.792637961681313
2025-06-29,-0.005280520865702593,-0.02644508424678109,7.383382081149792
2025-06-30,-0.010402505715721558,-0.03758850580661841,12.21884703413609
2025-07-01,0.015200077218781886,0.053217345142338245,12.823870503373886
2025-07-02,0.0016904230477192321,0.004957147226551601,13.555699313029859
2025-07-03,-0.009432784421069361,-0.0341537595770314,12.703631303713333
2025-07-04,0.0020373105751271,-0.002330452009431332,14.048002279471717
2025-07-05,0.006146514464966645,0.01613458828804392,12.762400208130106
2025-07-06,-0.002231546961268987,-0.01543871426992452,12.40085579821074
2025-07-07,0.012526596074745239,0.013976067709444023,14.154085301514572
2025-07-08,0.012227292932040317,0.03600794742490502,13.378215567162162
2025-07-09,0.0140914553080999,0.05938633230020528,15.134428632230003
2025-07-10,0.0067452322785804715,-0.0020034202956827384,13.291030721341333
2025-07-11,-0.0006585319226418958,-0.00999809319100573,9.121481994711367
2025-07-12,0.010424875773717325,0.02606243552698354,8.863604970617391
2025-07-13,0.0011856882776146672,0.001561275124904276,12.024012191914005
2025-07-14,0.0041145118244362185,0.021607102061237577,14.045318650192694
2025-07-15,0.006627194237794922,0.02542043418112199,12.053661651661397
2025-07-16,0.010058367203604916,0.011292153289124996,20.350753619202855
2025-07-17,0.0020541258283855264,-0.004828816891826569,21.352747151375542
2025-07-18,0.007187645741404336,0.014290434905021906,19.931626448925307
2025-07-19,0.007594954293326839,0.02293635548307357,23.04614881134415
2025-07-20,-0.0026324853478358686,0.003755209616680611,30.34030402953013
2025-07-21,0.004879371565388815,0.0026620675932225936,33.40064970715958
2025-07-22,-0.04132913650657648,-0.025607535869686282,34.993007179223795
2025-07-23,-0.0009275259575425203,-0.007846548565598336,23.4435044584796
2025-07-24,0.016274976745925585,0.0070377706562457076,22.534036654662234
2025-07-25,0.006530365456821451,-0.000652751179732434,21.05477474643904
2025-07-26,0.01961838836954264,0.011434914814514727,22.226373591561142
2025-07-27,-0.0327811367494326,-0.020687901600879938,25.114006419442003
2025-07-28,-0.0033877192654816236,-0.004128313073475677,20.893039579423636
2025-07-29,-0.0014743651231141118,-0.003923544669858167,20.835773004093323
2025-07-30,-0.027478520616409013,-0.017372915765110568,21.85445576279767
2025-07-31,-0.02678232025470057,-0.01237505399902315,26.532550304747776
2025-08-01,-0.0188587346938417,-0.008164262007963184,19.368168417232354
2025-08-02,0.029181090508633364,0.011154951066035505,16.303513955041815
2025-08-03,0.02416075347573017,0.020250997080846062,22.37212030925786
2025-08-04,-0.015953914884302978,-0.02228432672644874,26.524953603835353
2025-08-05,0.009321173426554735,0.012557152783385336,20.522149821584154
2025-08-06,0.02779752717535386,0.03713646811039205,22.83820627834443
2025-08-07,0.014277428675652825,0.013201902224197665,25.224149872530877
2025-08-08,0.012918801428815766,0.02341405304634583,27.27417384175699
2025-08-09,0.0026302817050146807,-0.0007904236588743291,27.31329606991908
2025-08-10,-0.012990223204706648,-0.0273574266788575,24.000056570583794
2025-08-11,0.031453636396817815,0.030214508279909555,23.789702361130935
2025-08-12,0.008580797387322333,0.01157956134137488,21.54957310993999
2025-08-13,-0.03330968179573926,-0.05277967729207086,23.188093904332298
2025-08-14,-0.007089879776954875,-0.0067533551291837045,20.641265283857344
2025-08-15,0.002198055761186534,0.00765052418707205,18.211721557352114
2025-08-16,0.00705822261214614,0.00897246739389191,16.38507658678371
2025-08-17,-0.012605993104477698,-0.021285154600000095,16.047725469708407
2025-08-18,-0.026960010463094843,-0.023407860991967098,16.778061645724204
2025-08-19,0.024900906885435163,0.03039627721788414,18.04433823895468
2025-08-20,-0.011219798102111647,-0.008031386261347829,16.751592973415363
2025-08-21,0.04760636019032914,0.05259565906311805,20.999735235359708
2025-08-22,-0.0026581582232630225,-0.004946647427945326,17.682492929388772
2025-08-23,-0.010515883242115932,-0.01278586096414054,19.517961158636723
2025-08-24,-0.0356464308399573,-0.0489067733500753,17.668318775702364
2025-08-25,0.027230319916030272,0.017652964601923102,19.53842139162517
2025-08-26,0.00433729612455106,-0.006643492200962544,17.833985426686084
2025-08-27,0.017780587709454013,0.01069734642950351,18.462050677320764
2025-08-28,-0.02510738509365952,-0.026341445481762583,16.648027391132292
2025-08-29,0.007155119818647499,0.006711781514252108,19.107608830602317
2025-08-30,-0.007922772303517085,-0.013053205348266731,23.280144972011165
2025-08-31,-0.008292015424893887,-0.018165354223078117,21.060483508568897
2025-09-01,0.012851004417333351,0.017914070073756828,20.872326422923557
2025-09-02,0.008652343869617225,0.006600854355259704,18.78463375032586
2025-09-03,-0.01856176570906833,-0.020173869033164118,19.907215848558693
2025-09-04,0.004071881331688822,0.016416390144151142,20.12359513693619
2025-09-05,-0.0035584733847051544,-0.0030557149223712633,19.482735531185874
2025-09-06,0.005412381391691675,0.00736245216440412,18.278991050820494
2025-09-07,0.0026973482516575403,0.017383365141800933,18.745202804448887
2025-09-08,-0.0019176759307983032,-0.004354368084748476,14.79108540753036
2025-09-09,0.009448700623224393,0.007514957863223806,18.198950967979304
2025-09-10,0.009540519811136402,0.01335353691233898,15.429740953819916
2025-09-11,0.01284109157715669,0.01285395731088506,11.644810835018188
2025-09-12,-0.001053150031857505,0.00828322713517012,12.33836972325943
2025-09-13,-0.013922779735624119,-0.020408235116865726,13.100366985326666
2025-09-14,-0.007216598169732809,-0.026940531129447536,13.672974766848327
2025-09-15,0.0023003549992527995,0.011600894964036833,12.578774852684683
2025-09-16,0.006197094114822955,0.03216142363877494,12.733432631395523
2025-09-17,0.0020200861079102627,0.013073409368688258,13.104809841332582
2025-09-18,-0.009875350445332751,-0.04371741901415657,12.55799246637519
2025-09-19,-0.0014331423870497376,0.005670915992911225,12.614559533881998
2025-09-20,-0.00458755448502573,-0.020621320514520397,11.581185140690579
2025-09-21,-0.015733559179454317,-0.05622324182760062,12.729832232323497
2025-09-22,-0.002281329749577899,-0.00738744584719895,11.09445956944693
2025-09-23,0.0005491423046311845,0.022648299469582106,12.753141167948915
2025-09-24,-0.01666549446596776,-0.052761100918130466,15.29515853304756
2025-09-25,0.008992679790462966,0.03557227525923935,10.74250017848392
2025-09-26,-0.002719883823698211,-0.006456872332182598,13.965571620711263
2025-09-27,0.00785573656481515,0.019882979983692484,10.580718271843443
2025-09-28,0.00134902636197462,0.005738876465259529,12.107353705028467
2025-09-29,-0.0013523783561185873,-0.014998141469174966,11.980293597655319
2025-09-30,0.01645294545018438,0.06772930176052054,11.191316972998882
2025-10-01,0.008050844613507462,0.034329646127999124,13.694539764182192
2025-10-02,-4.181892419175389e-06,0.003241663072925542,13.88276903719989
2025-10-03,-0.0062051687082431955,-0.005770107260534881,13.64965047825454
2025-10-04,0.0009869774162315204,-0.0025128025359885424,14.61678717112791
2025-10-05,0.012722959515586912,0.018584377089949103,14.934427867018593
2025-10-06,-0.026588492282051672,-0.03216562704344413,13.528834066963105
2025-10-07,0.009917431589748497,0.013602061444333517,13.800991283205889
2025-10-08,-0.008576250682883143,-0.014550075766033435,14.252348815345444
2025-10-09,-0.09710148509312211,-0.13129775535064592,18.27784983402998
2025-10-10,-0.0037023453593306513,-0.010834146877766524,23.9853348662517
2025-10-11,0.040239395358795504,0.07418455486966026,18.267736754024533
2025-10-12,0.0120121605583771,0.027777405910943572,21.62388778023643
2025-10-13,-0.01617335591392628,-0.027258846463636036,21.015390904179853
2025-10-14,-0.01860208574432376,-0.02687406295838012,19.41306638558651
2025-10-15,-0.020654211763935997,-0.025266974270049123,18.457530512295442
2025-10-16,-0.01763451346840305,-0.01573512963401365,19.083015684986904
2025-10-17,0.006829685647711515,0.0052326373316068705,16.34577609482585
2025-10-18,0.010474974088587734,0.012811700735056927,16.273084886676514
2025-10-19,0.011166018770935275,0.012059726885881663,19.059739521833613
2025-10-20,-0.014580463168159793,-0.025233713683793114,17.80282287381604
2025-10-21,-0.008882757417173828,-0.02391010473571521,18.569162921377348
2025-10-22,0.01085213273795558,0.015476697912772836,18.785599486509845
2025-10-23,0.007089844324476418,0.006825351382350168,17.77368317303314
