date,symbol,old_weight,new_weight,weight_change,divergence_score,pvc,vmi,price_momentum,position_type
2024-07-31,AERO/USD,0.0,0.5,0.5,-0.3181573928442401,0.06969754454443604,-0.29939661588291755,0.24485010115872716,long
2024-07-31,ONDO/USD,0.0,-0.5,-0.5,0.3121569898654334,-0.08354320343738915,-0.41828213131752945,-0.22009512985646346,short
2024-08-07,ONDO/USD,-0.5,0.5,1.0,-0.4212411496988224,-0.023399290999693415,0.42381255024760023,-0.2958543592171377,long
2024-08-07,XLM/USD,0.0,-0.5,-0.5,0.2111785393036177,0.2975028032177266,0.1245059977687904,0.18779672115811882,short
2024-08-07,AERO/USD,0.5,0.0,-0.5,,,,,exit
2024-08-14,BONK/USD,0.0,-0.5,-0.5,0.2866054701141431,-0.15402984756711394,-0.023645775454530022,-0.2799850074962518,short
2024-08-14,XLM/USD,-0.5,0.0,0.5,,,,,exit
2024-08-21,XLM/USD,0.0,0.5,0.5,0.06355238018403703,0.19852544157800023,-0.31396988400866976,-0.04836669466894547,long
2024-08-21,ONDO/USD,0.5,0.0,-0.5,,,,,exit
2024-08-28,GRT/USD,0.0,0.5,0.5,-0.23812566351508566,-0.33876757818925074,0.002634372695097381,-0.23750000000000002,long
2024-08-28,XLM/USD,0.5,0.0,-0.5,,,,,exit
2024-09-04,ALGO/USD,0.0,0.5,0.5,-0.1176839750452297,-0.17258815419962065,-0.06301426639215811,0.11070780399274036,long
2024-09-04,ONDO/USD,0.0,-0.5,-0.5,0.1733438318340799,-0.25843442157138785,-0.2898935961599754,-0.1343861480901417,short
2024-09-04,GRT/USD,0.5,0.0,-0.5,,,,,exit
2024-09-04,BONK/USD,-0.5,0.0,0.5,,,,,exit
2024-09-11,AERO/USD,0.0,0.5,0.5,-0.2012149313699279,0.07726117408255695,0.0576272564596841,-0.19025127249790963,long
2024-09-11,ALGO/USD,0.5,0.0,-0.5,,,,,exit
2024-09-18,ALGO/USD,0.0,0.5,0.5,-0.0334451993796417,0.0026327004395355746,-0.034292790815418785,0.032336297493936975,long
2024-09-18,AERO/USD,0.5,-0.5,-1.0,0.3652266083722964,0.33273380339961744,0.3801870729555755,0.2646210905237569,short
2024-09-18,ONDO/USD,-0.5,0.0,0.5,,,,,exit
2024-09-25,BONK/USD,0.0,0.5,0.5,-0.06643021184200225,0.19950787112328494,0.137400757538281,-0.05840528186896907,long
2024-09-25,ALGO/USD,0.5,0.0,-0.5,,,,,exit
2024-10-02,ALGO/USD,0.0,0.5,0.5,-0.04335834835482707,-0.03876064218432287,0.21017967852584257,-0.03582802547770693,long
2024-10-02,BONK/USD,0.5,0.0,-0.5,,,,,exit
2024-10-16,AERO/USD,-0.5,0.5,1.0,-1.182929666823492,0.385686412954025,-0.1520624214719407,1.0267930320234848,long
2024-10-16,GRT/USD,0.0,-0.5,-0.5,0.21806428110466772,0.2741586169710094,0.025792179482162097,0.21258134490238598,short
2024-10-16,ALGO/USD,0.5,0.0,-0.5,,,,,exit
2024-10-23,ALGO/USD,0.0,-0.5,-0.5,0.10979707358391501,0.01679912459127139,-0.10952832253219441,-0.09895833333333329,short
2024-10-23,GRT/USD,-0.5,0.0,0.5,,,,,exit
2024-10-30,CVC/USD,0.0,0.5,0.5,-0.11366583747357849,0.6518840756299935,-0.5067038233997693,0.07544006705783733,long
2024-10-30,BONK/USD,0.0,-0.5,-0.5,0.1492383378339653,0.12237870331314854,-0.29793780678225995,-0.1149811162400336,short
2024-10-30,AERO/USD,0.5,0.0,-0.5,,,,,exit
2024-10-30,ALGO/USD,-0.5,0.0,0.5,,,,,exit
2024-11-06,BONK/USD,-0.5,0.5,1.0,-0.0774379906342799,0.2648852778540648,-0.12285086419705894,0.0689655172413793,long
2024-11-06,CRO/USD,0.0,-0.5,-0.5,0.14944515406683653,0.3607229439410626,0.5582148064035506,0.0959079283887467,short
2024-11-06,CVC/USD,0.5,0.0,-0.5,,,,,exit
2024-11-13,GRT/USD,0.0,0.5,0.5,0.028136401553992867,0.0997610763773788,0.7866614986785492,0.015748031496062975,long
2024-11-13,BONK/USD,0.5,0.0,-0.5,,,,,exit
2024-11-20,XLM/USD,0.0,-0.5,-0.5,3.54787221157775,0.5408286441211054,1.2202303661071496,1.5979748163693601,short
2024-11-20,CRO/USD,-0.5,0.0,0.5,,,,,exit
2024-11-27,CRO/USD,0.0,0.5,0.5,-1.582735206351031,0.6219347241965099,-0.11134564442178875,1.4241610738255035,long
2024-11-27,GRT/USD,0.5,0.0,-0.5,,,,,exit
2024-12-04,ALGO/USD,0.0,-0.5,-0.5,5.871406202616175,0.8144076197455205,0.7328582630423954,3.3882783882783882,short
2024-12-04,XLM/USD,-0.5,0.0,0.5,,,,,exit
2024-12-11,XLM/USD,0.0,0.25,0.25,-3.648791457476289,0.5846532265451408,-0.30725605860152516,2.791183436074252,long
2024-12-11,BONK/USD,0.0,0.25,0.25,-0.7473623258699938,0.27313962308430695,-0.5792090885774653,0.4732510288065843,long
2024-12-11,ALGO/USD,-0.5,-0.25,0.25,2.3088139487815464,0.6139259211667467,0.25727492260381213,1.8363636363636366,short
2024-12-11,EOS/USD,0.0,-0.25,-0.25,1.5736374806871458,0.38882662479899593,0.8076068185994729,0.870564032230413,short
2024-12-11,CRO/USD,0.5,0.0,-0.5,,,,,exit
2024-12-18,ALGO/USD,-0.25,0.25,0.5,-0.9037375329832409,0.43374642808493236,-0.2916513285560733,0.6996760758907915,long
2024-12-18,BONK/USD,0.25,-0.25,-0.5,0.47771292513249763,-0.1013293268026656,-0.3442295437071393,-0.3553804685880157,short
2024-12-18,CVC/USD,0.0,-0.25,-0.25,0.37934802228740394,0.23837372127080247,0.7920042938357834,0.21168923734853887,short
2024-12-18,EOS/USD,-0.25,0.0,0.25,,,,,exit
2024-12-25,OXT/USD,0.0,0.25,0.25,-0.2620912035406337,-0.1142045278967026,-0.594758340187923,0.16434540389972152,long
2024-12-25,XLM/USD,0.25,-0.25,-0.5,0.2857001150419246,-0.0038354841463281684,-0.39118898223891113,-0.20536398626600166,short
2024-12-25,BONK/USD,-0.25,0.0,0.25,,,,,exit
2025-01-01,CVC/USD,-0.25,0.5,0.75,-0.14527348963587974,0.12412452936116006,-0.2129978568119034,0.11976401179940993,long
2025-01-01,BONK/USD,0.0,-0.5,-0.5,0.4330354931684475,-0.22135035567477954,-0.4058058997325946,-0.3080336291452592,short
2025-01-01,ALGO/USD,0.25,0.0,-0.25,,,,,exit
2025-01-01,OXT/USD,0.25,0.0,-0.25,,,,,exit
2025-01-01,XLM/USD,-0.25,0.0,0.25,,,,,exit
2025-01-15,ALGO/USD,0.0,0.5,0.5,0.07587756272824576,0.07962810978885693,0.018188203752726874,0.0745221388821679,long
2025-01-15,CVC/USD,0.5,-0.5,-1.0,0.2685221330121947,-0.033947922400591496,-0.7579944177465038,-0.15274345032130504,short
2025-01-15,BONK/USD,-0.5,0.0,0.5,,,,,exit
2025-01-22,CRO/USD,0.0,0.5,0.5,-0.2171117087449042,-0.11770137416374667,0.5620514974301527,-0.13899138991389903,long
2025-01-22,XLM/USD,0.0,-0.5,-0.5,0.20502266013223558,0.4453500993767728,0.31639605765729617,0.15574542246586562,short
2025-01-22,ALGO/USD,0.5,0.0,-0.5,,,,,exit
2025-01-22,CVC/USD,-0.5,0.0,0.5,,,,,exit
2025-01-29,TURBO/USD,0.0,0.25,0.25,-0.6023325906663559,0.05236751857109955,0.45233119276650346,-0.4147350092501904,long
2025-01-29,MOG/USD,0.0,0.25,0.25,-0.5169862652263761,0.3495729429158619,0.12552218158658984,-0.4593301435406698,long
2025-01-29,ALGO/USD,0.0,-0.25,-0.25,0.13408562681097755,0.26878098577150195,0.05055126269366365,0.12763358778625955,short
2025-01-29,CRO/USD,0.5,-0.25,-0.75,-0.09488385052283076,-0.11006549380173009,0.012332209713509623,-0.09372797744890772,short
2025-01-29,XLM/USD,-0.5,0.0,0.5,,,,,exit
2025-02-05,WIF/USD,0.0,0.25,0.25,-1.1010082996553296,0.031038179224734945,0.7781582531226665,-0.6191846522781774,long
2025-02-05,BONK/USD,0.0,-0.25,-0.25,0.5117571563491908,0.12315558001355449,-0.02119604698445544,-0.5011350737797957,short
2025-02-05,TURBO/USD,0.25,0.0,-0.25,,,,,exit
2025-02-05,ALGO/USD,-0.25,0.0,0.25,,,,,exit
2025-02-12,TURBO/USD,0.0,-0.25,-0.25,0.6586479300070377,0.0035371053897184828,-0.25013897492495824,-0.5268597677682788,short
2025-02-12,GIGA/USD,0.0,-0.25,-0.25,0.5385981985991779,0.19527866608589017,-0.07935211658930066,-0.4990013827008757,short
2025-02-12,BONK/USD,-0.25,0.0,0.25,,,,,exit
2025-02-12,CRO/USD,-0.25,0.0,0.25,,,,,exit
2025-02-19,LDO/USD,0.0,0.25,0.25,0.07713410589965995,0.46954619235733547,-0.3763144386017742,-0.056043956043956095,long
2025-02-19,MOG/USD,0.25,0.0,-0.25,,,,,exit
2025-02-26,GIGA/USD,-0.25,0.25,0.5,-0.7327830863181511,-0.18077422780713126,0.0691740805864264,-0.6853730366492146,long
2025-02-26,CRO/USD,0.0,0.25,0.25,-0.4702850968119917,-0.3468249033727137,0.053184837379974495,-0.4465361445783133,long
2025-02-26,WIF/USD,0.25,-0.25,-0.5,0.7233782154422699,0.16849398893049744,-0.4132777696739885,-0.511844331641286,short
2025-02-26,BONK/USD,0.0,-0.25,-0.25,0.6557226404571211,-0.1620249727123282,-0.3459299095725054,-0.487189292543021,short
2025-02-26,LDO/USD,0.25,0.0,-0.25,,,,,exit
2025-02-26,TURBO/USD,-0.25,0.0,0.25,,,,,exit
2025-03-05,BONK/USD,-0.25,0.25,0.5,-0.5081130816520427,-0.06385936218318826,0.3200395623204173,-0.3849226160758861,long
2025-03-05,MOG/USD,0.0,-0.25,-0.25,0.5187624163284809,0.1427069615331476,-0.07902582596324031,-0.4807692307692307,short
2025-03-05,FLOKI/USD,0.0,-0.25,-0.25,0.40963039644937077,0.1062255955912463,-0.4065302609475156,-0.291234684260132,short
2025-03-05,CRO/USD,0.25,0.0,-0.25,,,,,exit
2025-03-05,WIF/USD,-0.25,0.0,0.25,,,,,exit
2025-03-12,MOG/USD,-0.25,0.25,0.5,-0.5176850644168889,-0.06865983561582481,0.10008076188588866,-0.4705882352941177,long
2025-03-12,XLM/USD,0.0,-0.25,-0.25,0.17320838520088386,-0.05142654193521877,-0.007714879057995731,-0.17188233378353782,short
2025-03-12,BONK/USD,0.25,0.0,-0.25,,,,,exit
2025-03-19,PEPE/USD,0.0,0.25,0.25,-0.38393964681271336,-0.10108417906802761,0.4607027164453607,-0.2628458498023715,long
2025-03-19,MOG/USD,0.25,-0.25,-0.5,0.4747922580786552,-0.2575668257248892,-0.13950141938877256,-0.4166666666666667,short
2025-03-19,TURBO/USD,0.0,-0.25,-0.25,0.37598073821403016,-0.13585174434137484,-0.14920590677758824,-0.327165685449958,short
2025-03-19,FLOKI/USD,-0.25,0.0,0.25,,,,,exit
2025-03-19,XLM/USD,-0.25,0.0,0.25,,,,,exit
2025-03-26,PNUT/USD,0.0,0.25,0.25,-0.6221639154886603,0.6173353550878812,-0.5931650348752355,0.3905206942590122,long
2025-03-26,POPCAT/USD,0.0,0.25,0.25,-0.30161898537532167,0.14853090684221873,-0.44677286365609353,0.20847708230655498,long
2025-03-26,CRO/USD,0.0,-0.25,-0.25,0.3829324394003884,0.5609661624763965,0.3016343883127238,0.29419354838709677,short
2025-03-26,GIGA/USD,0.25,0.0,-0.25,,,,,exit
2025-03-26,PEPE/USD,0.25,0.0,-0.25,,,,,exit
2025-03-26,MOG/USD,-0.25,0.0,0.25,,,,,exit
2025-04-02,MOG/USD,0.0,0.25,0.25,-0.3571819499086868,-0.056667772444118476,0.01796855723975729,-0.3508771929824562,long
2025-04-02,FLOKI/USD,0.0,0.25,0.25,-0.35126071348511384,-0.06045429207474279,0.3715894526561584,-0.2560975609756098,long
2025-04-02,PENGU/USD,0.0,-0.25,-0.25,0.4774435472185985,0.06986422687867551,-0.44248901500087173,-0.3309859154929578,short
2025-04-02,PNUT/USD,0.25,0.0,-0.25,,,,,exit
2025-04-02,POPCAT/USD,0.25,0.0,-0.25,,,,,exit
2025-04-02,CRO/USD,-0.25,0.0,0.25,,,,,exit
2025-04-09,GIGA/USD,0.0,0.16666666666666666,0.16666666666666666,-0.8419283857588571,0.3282578751601193,-0.19827946996376875,0.7026143790849674,long
2025-04-09,CRO/USD,0.0,0.16666666666666666,0.16666666666666666,-0.21568725311100514,0.4509993864846905,-0.3756859253046454,0.15678524374176558,long
2025-04-09,WIF/USD,0.0,0.16666666666666666,0.16666666666666666,-0.1456745122458105,0.17592563941076922,0.09639238163952117,-0.13286713286713286,long
2025-04-09,EOS/USD,0.0,-0.16666666666666666,-0.16666666666666666,0.9813175103381298,0.49272885350767265,0.839168601891887,0.5335658238884046,short
2025-04-09,PENGU/USD,-0.25,-0.16666666666666666,0.08333333333333334,0.24683142785035586,0.0010701911833218948,-0.18734428224567767,-0.20788530465949814,short
2025-04-09,PEPE/USD,0.0,-0.16666666666666666,-0.16666666666666666,0.22715148409253566,0.28151594276603786,0.009759331630099512,0.2249560632688929,short
2025-04-09,MOG/USD,0.25,0.0,-0.25,,,,,exit
2025-04-09,FLOKI/USD,0.25,0.0,-0.25,,,,,exit
2025-04-09,TURBO/USD,-0.25,0.0,0.25,,,,,exit
2025-04-16,PENGU/USD,-0.16666666666666666,0.16666666666666666,0.3333333333333333,-0.34603170430843333,0.17477565151223481,0.003919142129405419,-0.3446808510638298,long
2025-04-16,TURBO/USD,0.0,0.16666666666666666,0.16666666666666666,-0.3042166119812023,0.2799520845942303,0.19993702432383184,-0.2535271483539974,long
2025-04-16,PNUT/USD,0.0,-0.16666666666666666,-0.16666666666666666,0.41504926900438366,0.42982080436680753,-0.30413227851810687,-0.3182570325427468,short
2025-04-16,POPCAT/USD,0.0,-0.16666666666666666,-0.16666666666666666,0.32888063024124337,0.287250023546802,0.42467067772625927,0.23084677419354843,short
2025-04-16,GIGA/USD,0.16666666666666666,0.0,-0.16666666666666666,,,,,exit
2025-04-16,CRO/USD,0.16666666666666666,0.0,-0.16666666666666666,,,,,exit
2025-04-16,PEPE/USD,-0.16666666666666666,0.0,0.16666666666666666,,,,,exit
2025-04-23,GIGA/USD,0.0,0.16666666666666666,0.16666666666666666,-0.29191278564644935,0.285196233250452,-0.35879403510498054,0.2148322542672158,long
2025-04-23,EOS/USD,-0.16666666666666666,0.16666666666666666,0.3333333333333333,-0.278474256737777,0.5232303854349832,-0.45804437165812234,0.19099162011173193,long
2025-04-23,PNUT/USD,-0.16666666666666666,0.16666666666666666,0.3333333333333333,-0.22988672755649586,0.4277287667781734,0.08627794339882691,-0.2116279069767441,long
2025-04-23,TURBO/USD,0.16666666666666666,-0.16666666666666666,-0.3333333333333333,1.7747880002431566,0.5917969946754787,0.972256432554753,0.8998768978251948,short
2025-04-23,MAGIC/USD,0.0,-0.16666666666666666,-0.16666666666666666,0.9849920473451855,0.33457479750373986,1.7304281465679758,0.36074637180373187,short
2025-04-23,PENGU/USD,0.16666666666666666,0.0,-0.16666666666666666,,,,,exit
2025-04-23,WIF/USD,0.16666666666666666,0.0,-0.16666666666666666,,,,,exit
2025-04-30,WIF/USD,0.0,0.16666666666666666,0.16666666666666666,-0.5715000006036337,0.31897722205618106,-0.11896495445290883,0.5107398568019094,long
2025-04-30,MOG/USD,0.0,0.16666666666666666,0.16666666666666666,-0.5152578393469163,0.03301088167729945,-0.030515678693832468,0.5,long
2025-04-30,ALGO/USD,0.0,0.16666666666666666,0.16666666666666666,-0.2393893794574111,0.0681227370121489,-0.07396881207950765,0.22290161200667036,long
2025-04-30,PENGU/USD,0.0,-0.16666666666666666,-0.16666666666666666,2.2261447687954847,0.3948022473504853,1.105497062794331,1.0573012939001847,short
2025-04-30,GIGA/USD,0.16666666666666666,0.0,-0.16666666666666666,,,,,exit
2025-04-30,EOS/USD,0.16666666666666666,0.0,-0.16666666666666666,,,,,exit
2025-04-30,PNUT/USD,0.16666666666666666,0.0,-0.16666666666666666,,,,,exit
2025-04-30,POPCAT/USD,-0.16666666666666666,0.0,0.16666666666666666,,,,,exit
2025-05-07,POPCAT/USD,0.0,0.16666666666666666,0.16666666666666666,-2.5423449434405168,0.5452839080872891,-0.10239761996108664,2.3061959654178668,long
2025-05-07,MAGIC/USD,-0.16666666666666666,0.16666666666666666,0.3333333333333333,-1.9649256116633405,0.5732192511495371,-0.6272394338803673,1.2075208913649025,long
2025-05-07,MOG/USD,0.16666666666666666,-0.16666666666666666,-0.3333333333333333,1.4271198159471548,0.4608988601064862,0.05482769004789705,1.3529411764705883,short
2025-05-07,ALGO/USD,0.16666666666666666,0.0,-0.16666666666666666,,,,,exit
2025-05-14,TURBO/USD,-0.16666666666666666,0.16666666666666666,0.3333333333333333,-2.103689989786047,0.79559191995803,-0.08647130071518991,1.936259143155695,long
2025-05-14,CRO/USD,0.0,0.16666666666666666,0.16666666666666666,0.27759874578164934,0.5644624227729015,0.4404666625620939,0.19271445358401895,long
2025-05-14,PNUT/USD,0.0,-0.16666666666666666,-0.16666666666666666,4.228770318266725,0.7274539033150851,1.0519619788107273,2.060842433697348,short
2025-05-14,WIF/USD,0.16666666666666666,-0.16666666666666666,-0.3333333333333333,2.8383419858275745,0.5878059253325945,0.7410656974405947,1.6302325581395352,short
2025-05-14,POPCAT/USD,0.16666666666666666,0.0,-0.16666666666666666,,,,,exit
2025-05-14,MOG/USD,-0.16666666666666666,0.0,0.16666666666666666,,,,,exit
2025-05-21,PENGU/USD,-0.16666666666666666,0.16666666666666666,0.3333333333333333,-2.137322811831466,0.6026115269918516,-0.20826131930112177,1.7689243027888444,long
2025-05-21,BONK/USD,0.0,0.16666666666666666,0.16666666666666666,-0.8149401956301052,0.528311935087819,-0.2164906310071667,0.6699107866991079,long
2025-05-21,ATH/USD,0.0,-0.16666666666666666,-0.16666666666666666,1.7815124857617324,0.4971191692123244,1.1487710146584775,0.8290843806104129,short
2025-05-21,MAGIC/USD,0.16666666666666666,0.0,-0.16666666666666666,,,,,exit
2025-05-21,CRO/USD,0.16666666666666666,0.0,-0.16666666666666666,,,,,exit
2025-05-28,PNUT/USD,-0.16666666666666666,0.16666666666666666,0.3333333333333333,-1.0963456974620835,0.7403688693458488,-0.31347214178030747,0.8346927678085915,long
2025-05-28,ATH/USD,-0.16666666666666666,0.16666666666666666,0.3333333333333333,-0.9167406730442094,0.5103233336242753,-0.22078531837545448,0.7509433962264153,long
2025-05-28,WIF/USD,-0.16666666666666666,0.16666666666666666,0.3333333333333333,-0.8478555965281335,0.5720331884592537,-0.03925270148695947,0.8158319870759291,long
2025-05-28,RSR/USD,0.0,-0.16666666666666666,-0.16666666666666666,0.12100574963189072,0.3783550485355429,-0.19438583872326923,-0.10131211013121103,short
2025-05-28,ALGO/USD,0.0,-0.16666666666666666,-0.16666666666666666,0.07761258247674052,0.08912603902032916,-0.366218436575295,-0.05680832610581093,short
2025-05-28,BONK/USD,0.16666666666666666,-0.16666666666666666,-0.3333333333333333,0.048101317898227,0.17196340675196578,-0.22013099058916932,-0.03942307692307703,short
2025-05-28,TURBO/USD,0.16666666666666666,0.0,-0.16666666666666666,,,,,exit
2025-05-28,PENGU/USD,0.16666666666666666,0.0,-0.16666666666666666,,,,,exit
2025-06-04,TURBO/USD,0.0,-0.16666666666666666,-0.16666666666666666,0.3631019788791129,-0.2673319713327199,-0.45779119170442983,-0.2490768094534711,short
2025-06-04,PYTH/USD,0.0,-0.16666666666666666,-0.16666666666666666,0.22790279974714814,0.1333379417364737,-0.4295721075048382,-0.15942028985507248,short
2025-06-04,ALGO/USD,-0.16666666666666666,0.0,0.16666666666666666,,,,,exit
2025-06-04,BONK/USD,-0.16666666666666666,0.0,0.16666666666666666,,,,,exit
2025-06-11,MOG/USD,0.0,0.16666666666666666,0.16666666666666666,-0.010318254432387595,0.29104260743395943,-0.11437147869787087,0.00925925925925917,long
2025-06-11,CRO/USD,0.0,0.16666666666666666,0.16666666666666666,0.03709661608857481,0.3271388527150218,-0.4496216133073897,-0.025590551181102275,long
2025-06-11,PNUT/USD,0.16666666666666666,-0.16666666666666666,-0.3333333333333333,0.525794764172795,0.1634249092233958,-0.5563065140712243,-0.3378478207338095,short
2025-06-11,POPCAT/USD,0.0,-0.16666666666666666,-0.16666666666666666,0.38322620043072264,-0.16216252805931722,-0.15800960564935765,-0.33093525179856115,short
2025-06-11,WIF/USD,0.16666666666666666,0.0,-0.16666666666666666,,,,,exit
2025-06-11,TURBO/USD,-0.16666666666666666,0.0,0.16666666666666666,,,,,exit
2025-06-11,RSR/USD,-0.16666666666666666,0.0,0.16666666666666666,,,,,exit
2025-06-18,PENGU/USD,0.0,0.16666666666666666,0.16666666666666666,-0.2736672700897172,0.15930284508686765,0.03642502579166978,-0.2640492686682062,long
2025-06-18,ALGO/USD,0.0,0.16666666666666666,0.16666666666666666,-0.27338204943724514,-0.35109072852724243,0.1777680153081317,-0.23211875843454793,long
2025-06-18,TURBO/USD,0.0,-0.16666666666666666,-0.16666666666666666,0.39417476049959127,-0.2513421952009913,-0.13834779280294573,-0.346269183277474,short
2025-06-18,ATH/USD,0.16666666666666666,0.0,-0.16666666666666666,,,,,exit
2025-06-18,CRO/USD,0.16666666666666666,0.0,-0.16666666666666666,,,,,exit
2025-06-18,POPCAT/USD,-0.16666666666666666,0.0,0.16666666666666666,,,,,exit
2025-06-25,ATH/USD,0.0,0.16666666666666666,0.16666666666666666,-0.6073163579644288,0.11265608948528602,0.3464041163400359,-0.4510654346596266,long
2025-06-25,BONK/USD,0.0,0.16666666666666666,0.16666666666666666,-0.32322531320418235,-0.12553904171802657,0.014345276375236748,-0.3186541316180109,long
2025-06-25,WIF/USD,0.0,0.16666666666666666,0.16666666666666666,-0.2957512835355812,0.23029093051870872,0.006090469066660231,-0.2939609236234457,long
2025-06-25,POPCAT/USD,0.0,-0.16666666666666666,-0.16666666666666666,0.4359661049159349,-0.34644403988533107,-0.020429105548022488,-0.4272380144251166,short
2025-06-25,FLOKI/USD,0.0,-0.16666666666666666,-0.16666666666666666,0.365058772401526,0.146546090048174,-0.3349164065428936,-0.27346938775510204,short
2025-06-25,PENGU/USD,0.16666666666666666,0.0,-0.16666666666666666,,,,,exit
2025-06-25,ALGO/USD,0.16666666666666666,0.0,-0.16666666666666666,,,,,exit
2025-06-25,MOG/USD,0.16666666666666666,0.0,-0.16666666666666666,,,,,exit
2025-06-25,PYTH/USD,-0.16666666666666666,0.0,0.16666666666666666,,,,,exit
2025-06-25,TURBO/USD,-0.16666666666666666,0.0,0.16666666666666666,,,,,exit
2025-07-02,PYTH/USD,0.0,0.16666666666666666,0.16666666666666666,-0.20237485619447346,0.03998229980585318,0.4626733618367027,-0.13835956917978465,long
2025-07-02,FLOKI/USD,-0.16666666666666666,0.16666666666666666,0.3333333333333333,-0.13416886444223614,0.03969557816129469,0.15885068209421563,-0.11577752553916008,long
2025-07-02,PENGU/USD,0.0,-0.16666666666666666,-0.16666666666666666,0.801459466763418,0.559113681682306,0.8932524063023043,0.42332415059687784,short
2025-07-02,GIGA/USD,0.0,-0.16666666666666666,-0.16666666666666666,0.348890348816529,0.06864051342118561,-0.29278318741411336,-0.26987537602062733,short
2025-07-02,CRO/USD,0.0,-0.16666666666666666,-0.16666666666666666,0.2508499012483334,-0.22434390621757788,-0.25182583569820505,-0.20038722168441428,short
2025-07-02,BONK/USD,0.16666666666666666,0.0,-0.16666666666666666,,,,,exit
2025-07-02,WIF/USD,0.16666666666666666,0.0,-0.16666666666666666,,,,,exit
2025-07-02,POPCAT/USD,-0.16666666666666666,0.0,0.16666666666666666,,,,,exit
2025-07-02,PNUT/USD,-0.16666666666666666,0.0,0.16666666666666666,,,,,exit
2025-07-09,PNUT/USD,0.0,0.16666666666666666,0.16666666666666666,-0.22305666824131368,0.3268232958444436,0.16243031015988366,-0.1918882072256305,long
2025-07-09,TURBO/USD,0.0,0.16666666666666666,0.16666666666666666,-0.10630110503479555,0.3105024779388514,0.16878064985757668,-0.09095043201455211,long
2025-07-09,MAGIC/USD,0.0,-0.16666666666666666,-0.16666666666666666,0.7378912924739643,0.7924416481953751,0.6250324418399117,0.4540778839088905,short
2025-07-09,ATH/USD,0.16666666666666666,-0.16666666666666666,-0.3333333333333333,0.5859803988316465,0.13141497818858414,-0.29994850932981393,-0.45077200721876876,short
2025-07-09,FLOKI/USD,0.16666666666666666,0.0,-0.16666666666666666,,,,,exit
2025-07-09,GIGA/USD,-0.16666666666666666,0.0,0.16666666666666666,,,,,exit
2025-07-09,CRO/USD,-0.16666666666666666,0.0,0.16666666666666666,,,,,exit
2025-07-16,LA/USD,0.0,0.125,0.125,-0.8697605597320641,0.057352746920325555,0.5557553374853403,-0.5590599876314162,long
2025-07-16,FARTCOIN/USD,0.0,0.125,0.125,-0.23854583986834146,0.24263328635243223,-0.10122450607971059,0.21661871721103404,long
2025-07-16,PYTH/USD,0.16666666666666666,0.125,-0.04166666666666666,-0.19014746248418687,0.27623655706313294,-0.08052050110061731,0.17597765363128492,long
2025-07-16,GIGA/USD,0.0,0.125,0.125,-0.15996886691215853,0.10865255110864365,0.4860973308520274,-0.10764360018091361,long
2025-07-16,PENGU/USD,-0.16666666666666666,-0.125,0.04166666666666666,3.473437176871101,0.6134166752751122,0.6848512702838144,2.061569016881827,short
2025-07-16,BONK/USD,0.0,-0.125,-0.125,3.212901717143609,0.2915569803411544,0.9746936649834625,1.6270380434782608,short
2025-07-16,XLM/USD,0.0,-0.125,-0.125,1.6067586570755543,0.19913718956645868,1.190915830936776,0.7333730645364629,short
2025-07-16,MOG/USD,0.0,-0.125,-0.125,1.3869934820493017,0.43517879877960647,0.7859916070223885,0.7765957446808511,short
2025-07-16,PNUT/USD,0.16666666666666666,0.0,-0.16666666666666666,,,,,exit
2025-07-16,TURBO/USD,0.16666666666666666,0.0,-0.16666666666666666,,,,,exit
2025-07-16,MAGIC/USD,-0.16666666666666666,0.0,0.16666666666666666,,,,,exit
2025-07-16,ATH/USD,-0.16666666666666666,0.0,0.16666666666666666,,,,,exit
2025-07-23,MAGIC/USD,0.0,0.125,0.125,-0.1436335187035853,0.7097191255579475,-0.5223056142890917,0.09435261707988993,long
2025-07-23,ATH/USD,0.0,0.125,0.125,0.06033940476242573,0.3059481702745451,0.4688729907433273,0.041078708058952605,long
2025-07-23,FLOKI/USD,0.0,-0.125,-0.125,1.4073660878594019,0.37645196890480503,0.6935305257241476,0.831024930747922,short
2025-07-23,ENA/USD,0.0,-0.125,-0.125,1.3634119750188594,0.4279244863908616,0.9298294499347829,0.7064935064935063,short
2025-07-23,FARTCOIN/USD,0.125,0.0,-0.125,,,,,exit
2025-07-23,PYTH/USD,0.125,0.0,-0.125,,,,,exit
2025-07-23,XLM/USD,-0.125,0.0,0.125,,,,,exit
2025-07-23,MOG/USD,-0.125,0.0,0.125,,,,,exit
2025-07-30,BONK/USD,-0.125,0.125,0.25,-1.0932344160425567,0.5075047057130952,-0.1435703891553075,0.9559834938101788,long
2025-07-30,XLM/USD,0.0,0.125,0.125,-0.9547671223553524,0.3136552578734526,-0.340813135122733,0.7120806750360158,long
2025-07-30,FLOKI/USD,-0.125,0.125,0.25,-0.601634371527568,0.5607277118803872,-0.203268743055136,0.5,long
2025-07-30,MOG/USD,0.0,0.125,0.125,-0.5349440295464826,0.37678867229249224,-0.28641302343320807,0.4158415841584158,long
2025-07-30,CRO/USD,0.0,-0.125,-0.125,0.8013181903915177,0.6520069505805322,0.005648174423763152,0.7968176254589966,short
2025-07-30,GRT/USD,0.0,-0.125,-0.125,0.2314955118605823,0.20609904399282278,0.2078026705769517,0.19166666666666654,short
2025-07-30,MAGIC/USD,0.125,0.0,-0.125,,,,,exit
2025-07-30,ATH/USD,0.125,0.0,-0.125,,,,,exit
2025-07-30,GIGA/USD,0.125,0.0,-0.125,,,,,exit
2025-07-30,LA/USD,0.125,0.0,-0.125,,,,,exit
2025-08-06,PENGU/USD,-0.125,0.125,0.25,-1.8393796074855864,0.7241844859967325,-0.2683873596642314,1.4501718213058419,long
2025-08-06,CRO/USD,-0.125,0.125,0.25,-0.9876586182957204,0.5971953488480012,-0.26313867664761675,0.7819083023543992,long
2025-08-06,ALGO/USD,0.0,0.125,0.125,-0.5900713287319602,0.6330065593917952,-0.5546789499524699,0.3795454545454546,long
2025-08-06,MAGIC/USD,0.0,-0.125,-0.125,1.2940807012379674,0.6851251006416679,0.5194685337432098,0.8516666666666668,short
2025-08-06,LA/USD,0.0,-0.125,-0.125,0.5430764372984841,0.2508235847587163,-0.36993990290651557,-0.3964235483222825,short
2025-08-06,ATH/USD,0.0,-0.125,-0.125,0.36527807711722066,0.23125721182238979,0.056312341040618406,0.34580498866213155,short
2025-08-06,BONK/USD,0.125,0.0,-0.125,,,,,exit
2025-08-06,FLOKI/USD,0.125,0.0,-0.125,,,,,exit
2025-08-06,MOG/USD,0.125,0.0,-0.125,,,,,exit
2025-08-06,GRT/USD,-0.125,0.0,0.125,,,,,exit
2025-08-13,FLOKI/USD,0.0,0.125,0.125,-0.3821088118208456,0.47477234084078485,-0.6139069551906768,0.2367601246105919,long
2025-08-13,RSR/USD,0.0,0.125,0.125,-0.2544546577225269,0.46351499970068194,-0.16779132996301585,0.21789394320180944,long
2025-08-13,TURBO/USD,0.0,-0.125,-0.125,0.2736871830894563,0.012805481519059664,-0.556386662065629,-0.17584780810587258,short
2025-08-13,GIGA/USD,0.0,-0.125,-0.125,0.17783335990597904,-0.10049771013062324,-0.19384633223594386,-0.14895833333333325,short
2025-08-13,XLM/USD,0.125,0.0,-0.125,,,,,exit
2025-08-13,ALGO/USD,0.125,0.0,-0.125,,,,,exit
2025-08-13,LA/USD,-0.125,0.0,0.125,,,,,exit
2025-08-13,ATH/USD,-0.125,0.0,0.125,,,,,exit
2025-08-20,FARTCOIN/USD,0.0,0.125,0.125,-0.6301074278462753,-0.07182428603594837,0.47832540921997,-0.4262305334917756,long
2025-08-20,MAGIC/USD,-0.125,0.125,0.25,-0.36686464138689867,0.467482091941686,-0.20118584196032974,0.3054187192118226,long
2025-08-20,BONK/USD,0.0,-0.125,-0.125,0.4386396403971984,-0.08167582987346184,-0.23032203589951028,-0.35652424942263283,short
2025-08-20,FLOKI/USD,0.125,-0.125,-0.25,0.40344335890151606,-0.25354959566701374,-0.360233343085387,-0.29659863945578224,short
2025-08-20,POPCAT/USD,0.0,-0.125,-0.125,0.395525532918203,-0.03341462484889952,-0.1365825880105047,-0.3479954180985108,short
2025-08-20,PENGU/USD,0.125,0.0,-0.125,,,,,exit
2025-08-20,ENA/USD,-0.125,0.0,0.125,,,,,exit
2025-08-20,TURBO/USD,-0.125,0.0,0.125,,,,,exit
2025-08-27,GIGA/USD,-0.125,0.125,0.25,-0.39311804920317606,-0.19325887076753764,0.06925885235885082,-0.3676547061882475,long
2025-08-27,WIF/USD,0.0,0.125,0.125,-0.2074634199327173,0.13937052415916362,0.015582836623015739,-0.20428015564202343,long
2025-08-27,PEPE/USD,0.0,0.125,0.125,-0.15918145145196577,0.16269965826006505,0.003095813117943422,-0.15869017632241805,long
2025-08-27,CRO/USD,0.125,-0.125,-0.25,1.8512639269053393,0.5703333792304254,1.107874768258555,0.8782608695652171,short
2025-08-27,MOG/USD,0.0,-0.125,-0.125,0.4234381148979113,0.24254781192298516,-0.22049809588221483,-0.3469387755102041,short
2025-08-27,FARTCOIN/USD,0.125,-0.125,-0.25,0.30846666218851776,0.05146552504313814,-0.02286166757212308,-0.3015722183828611,short
2025-08-27,RSR/USD,0.125,0.0,-0.125,,,,,exit
2025-08-27,FLOKI/USD,-0.125,0.0,0.125,,,,,exit
2025-08-27,POPCAT/USD,-0.125,0.0,0.125,,,,,exit
2025-09-03,BIO/USD,0.0,0.125,0.125,-1.9387781512777345,0.6704873759768779,-0.3909119859319051,1.3938898872733212,long
2025-09-03,ENA/USD,0.0,0.125,0.125,-0.24362811036870377,0.3121959279380761,-0.15977731657788755,0.2100645588478729,long
2025-09-03,PNUT/USD,0.0,0.125,0.125,-0.08504112578559989,-0.09520627700480307,0.04186748221823216,-0.08162374508948055,long
2025-09-03,W/USD,0.0,0.125,0.125,-0.0034562336324934495,0.16604616389501825,0.7246605826143016,-0.0020040080160319824,long
2025-09-03,PYTH/USD,0.0,-0.125,-0.125,1.0376223566323728,0.750162463521343,1.7708967221130862,0.3744716821639898,short
2025-09-03,MAGIC/USD,0.125,-0.125,-0.25,0.4056737137358694,0.39499126803996826,-0.5311640170253562,-0.26494464944649454,short
2025-09-03,GIGA/USD,0.125,-0.125,-0.25,0.36503698459880995,-0.21461554570166666,-0.06098933089742272,-0.34405339805825247,short
2025-09-03,WIF/USD,0.125,0.0,-0.125,,,,,exit
2025-09-03,PEPE/USD,0.125,0.0,-0.125,,,,,exit
2025-09-03,BONK/USD,-0.125,0.0,0.125,,,,,exit
2025-09-03,MOG/USD,-0.125,0.0,0.125,,,,,exit
2025-09-03,FARTCOIN/USD,-0.125,0.0,0.125,,,,,exit
2025-09-10,CRO/USD,-0.125,0.125,0.25,-0.8274097960589256,0.5979348577802163,-0.4436031673855094,0.5731559854897219,long
2025-09-10,PYTH/USD,-0.125,0.125,0.25,-0.4856037912332582,0.7713617963703243,-0.11194879643239378,0.43671416596814744,long
2025-09-10,MOG/USD,0.0,0.125,0.125,-0.34650201532404906,0.13976430751013036,0.05525613757778555,-0.32835820895522394,long
2025-09-10,ATH/USD,0.0,-0.125,-0.125,0.6980377654258332,0.7958364351200216,1.1294491334260541,0.32780203784570594,short
2025-09-10,RSR/USD,0.0,-0.125,-0.125,0.1713880914199673,0.06960733257210924,-0.23633569998105133,-0.1386258533362695,short
2025-09-10,FLOKI/USD,0.0,-0.125,-0.125,0.13812730398947873,-0.051113635779550005,-0.3287113224474632,-0.10395584176632938,short
2025-09-10,ENA/USD,0.125,0.0,-0.125,,,,,exit
2025-09-10,PNUT/USD,0.125,0.0,-0.125,,,,,exit
2025-09-10,W/USD,0.125,0.0,-0.125,,,,,exit
2025-09-10,GIGA/USD,-0.125,0.0,0.125,,,,,exit
2025-09-17,WIF/USD,0.0,0.125,0.125,-0.1259288637973228,-0.04769139308654243,-0.13860681016746068,0.11059907834101379,long
2025-09-17,WLD/USD,0.0,-0.125,-0.125,1.7104547146303248,0.45937578825095904,1.5077897585272302,0.6820566631689402,short
2025-09-17,W/USD,0.0,-0.125,-0.125,0.35545914304871895,0.3139139371415843,0.41472027303474024,0.25125754527162997,short
2025-09-17,PNUT/USD,0.0,-0.125,-0.125,0.19343743719770276,0.1374352264136982,0.12762348560655612,0.17154434939216567,short
2025-09-17,MOG/USD,0.125,0.0,-0.125,,,,,exit
2025-09-17,MAGIC/USD,-0.125,0.0,0.125,,,,,exit
2025-09-17,RSR/USD,-0.125,0.0,0.125,,,,,exit
2025-09-17,FLOKI/USD,-0.125,0.0,0.125,,,,,exit
2025-09-24,WLD/USD,-0.125,0.125,0.25,-0.7771602898981296,0.43803235776942473,-0.45388249148315335,0.5345413363533409,long
2025-09-24,MOG/USD,0.0,0.125,0.125,-0.3255678462144555,-0.030606065615899927,0.16963263269637693,-0.2783505154639176,long
2025-09-24,BIO/USD,0.125,-0.125,-0.25,0.452780375443084,0.4393818813121572,-0.4321296400984963,-0.3161587909122135,short
2025-09-24,ALGO/USD,0.0,-0.125,-0.125,0.15935864312808135,-0.17814088825638655,-0.18483873334806042,-0.13449817147501023,short
2025-09-24,WIF/USD,0.125,0.0,-0.125,,,,,exit
2025-09-24,PNUT/USD,-0.125,0.0,0.125,,,,,exit
2025-10-01,ATH/USD,-0.125,0.125,0.25,-0.8574571952821718,0.7466317364200955,-0.19869823975734854,0.7153236459709378,long
2025-10-01,FARTCOIN/USD,0.0,0.125,0.125,-0.1547951085455631,0.022055486018509103,0.2763931912448159,-0.12127541074909491,long
2025-10-01,BIO/USD,-0.125,0.125,0.25,-0.14198786232189248,0.5687100647198522,-0.5447753539650307,0.09191489361702147,long
2025-10-01,CRO/USD,0.125,-0.125,-0.25,0.2629052426083272,0.11413774591580282,-0.08791157140685127,-0.2416604892512972,short
2025-10-01,GIGA/USD,0.0,-0.125,-0.125,0.20677452232527377,0.4073930452543811,0.2394587746279339,0.16682646212847557,short
2025-10-01,ENA/USD,0.0,-0.125,-0.125,0.10146285372470368,-0.01430049816870077,-0.33794832270101993,-0.07583465818759931,short
2025-10-01,PYTH/USD,0.125,0.0,-0.125,,,,,exit
2025-10-01,MOG/USD,0.125,0.0,-0.125,,,,,exit
2025-10-01,ALGO/USD,-0.125,0.0,0.125,,,,,exit
2025-10-08,W/USD,-0.125,0.16666666666666666,0.29166666666666663,-0.5691411818590995,0.5486951651186949,-0.30116575318121486,0.4374086702386752,long
2025-10-08,ENA/USD,-0.125,0.16666666666666666,0.29166666666666663,-0.2839886522910941,-0.13644859940142312,0.08267213785245059,-0.26230346414419026,long
2025-10-08,RSR/USD,0.0,0.16666666666666666,0.16666666666666666,-0.230508114406339,0.18839219111272162,0.13502611131054335,-0.2030861775859815,long
2025-10-08,BIO/USD,0.125,-0.16666666666666666,-0.29166666666666663,0.268209237366836,0.5078481593516213,-0.38446887870956475,-0.19372716966872408,short
2025-10-08,CRO/USD,-0.125,-0.16666666666666666,-0.04166666666666666,0.25174505653209434,0.15668392666578343,-0.205397608471421,-0.20884814667198087,short
2025-10-08,MOG/USD,0.0,-0.16666666666666666,-0.16666666666666666,0.16310019395726558,-0.01973166651852502,-0.07180127457631719,-0.1521739130434782,short
2025-10-08,ATH/USD,0.125,0.0,-0.125,,,,,exit
2025-10-08,WLD/USD,0.125,0.0,-0.125,,,,,exit
2025-10-08,FARTCOIN/USD,0.125,0.0,-0.125,,,,,exit
2025-10-08,GIGA/USD,-0.125,0.0,0.125,,,,,exit
2025-10-15,FARTCOIN/USD,0.0,0.125,0.125,-0.7862131370410986,-0.3376120186583591,0.5089749355640381,-0.5210246495891735,long
2025-10-15,WIF/USD,0.0,0.125,0.125,-0.6462778182666767,-0.43823100228511835,0.6907089352869313,-0.3822525597269624,long
2025-10-15,ENA/USD,0.16666666666666666,0.125,-0.04166666666666666,-0.6122199302884196,-0.0472819554934229,0.5250078987695563,-0.40145361265498075,long
2025-10-15,MAGIC/USD,0.0,0.125,0.125,-0.6041876696356098,0.07575603769957874,0.9359059462487077,-0.31209556993529125,long
2025-10-15,BIO/USD,-0.16666666666666666,-0.125,0.04166666666666666,0.44731312943617213,0.0048858063088161605,-0.008513879020365177,-0.44353690984468785,short
2025-10-15,W/USD,0.16666666666666666,-0.125,-0.29166666666666663,0.09400659516976312,0.17506087812501056,-0.18372672423535158,-0.0794157918758557,short
2025-10-15,RSR/USD,0.16666666666666666,-0.125,-0.29166666666666663,-0.1551903933462798,-0.20386283198049088,0.502275550793739,-0.10330354725155697,short
2025-10-15,XLM/USD,0.0,-0.125,-0.125,-0.1866339596402241,-0.18707403892478164,0.26838723333311726,-0.14714272955095908,short
2025-10-15,CRO/USD,-0.16666666666666666,0.0,0.16666666666666666,,,,,exit
2025-10-15,MOG/USD,-0.16666666666666666,0.0,0.16666666666666666,,,,,exit
2025-10-22,ATH/USD,0.0,0.125,0.125,-0.6543180396568017,0.14900194763974275,0.21712724927019317,-0.5375921375921376,long
2025-10-22,BIO/USD,-0.125,0.125,0.25,-0.6097177199497789,0.19822067350356756,0.3860797514359929,-0.43988646347232546,long
2025-10-22,SNX/USD,0.0,-0.125,-0.125,1.537383475965363,0.5183715591088456,0.46227466492583386,1.0513643659711076,short
2025-10-22,GIGA/USD,0.0,-0.125,-0.125,0.47590558730629445,-0.15164105947234813,-0.1038074524967578,-0.4311490978157645,short
2025-10-22,CRO/USD,0.0,-0.125,-0.125,0.4345756417297091,-0.08950373705943918,-0.2632737761767262,-0.34400749063670416,short
2025-10-22,WIF/USD,0.125,0.0,-0.125,,,,,exit
2025-10-22,ENA/USD,0.125,0.0,-0.125,,,,,exit
2025-10-22,RSR/USD,-0.125,0.0,0.125,,,,,exit
2025-10-22,XLM/USD,-0.125,0.0,0.125,,,,,exit
