date,forward_return,strategy_return,direction_class
2021-01-01,0.2193560996388834,-0.2193560996388834,Down
2021-01-02,0.4664855072463767,-0.4664855072463767,Down
2021-01-03,0.24306513107807665,0.24306513107807665,Up
2021-01-04,0.17824950508380907,0.17824950508380907,Up
2021-01-05,0.3149550589667137,0.3149550589667137,Up
2021-01-06,0.0254233195625317,0.0254233195625317,Up
2021-01-07,0.014795114308316065,0.014795114308316065,Up
2021-01-08,0.06204380590502234,0.06204380590502234,Up
2021-01-09,-0.036448167536086803,-0.036448167536086803,Up
2021-01-10,-0.11201569890594747,-0.11201569890594747,Up
2021-01-11,-0.0332569300160851,-0.08076107146260116,Up
2021-01-12,0.0330765416351105,-0.0330765416351105,Down
2021-01-13,-0.04536677916804074,-0.0011257417919920039,Up
2021-01-14,-0.008598739936592098,-0.010861331534942967,Up
2021-01-15,0.012460399213678267,-0.012460399213678267,Down
2021-01-16,-0.13876658118567844,0.002318690132150858,Down
2021-01-17,-0.1077407704361798,-0.0001514847218941351,Up
2021-01-18,-0.0823181594146477,-0.004226326099934251,Up
2021-01-19,-0.09333331541082923,0.09333331541082923,Down
2021-01-20,-0.0890510406733343,-0.01159022209175805,Up
2021-01-21,0.06713345322209588,-0.06713345322209588,Down
2021-01-22,-0.0346467992191153,0.0370333102437587,Down
2021-01-23,0.04743446469037443,-0.04743446469037443,Down
2021-01-24,0.026265934437337133,-0.026265934437337133,Down
2021-01-25,0.12726593954108747,-0.12726593954108747,Down
2021-01-26,0.09391537782892377,0.09955371854579849,Up
2021-01-27,0.22359826290169113,-0.22359826290169113,Down
2021-01-28,0.08372728512362355,0.08372728512362355,Up
2021-01-29,0.11543243926360035,0.06621543702646406,Down
2021-01-30,0.0002896592234061003,0.0002896592234061003,Up
2021-01-31,0.15049759376463995,-0.00439003147229465,Down
2021-02-01,0.1686358284414727,0.1686358284414727,Up
2021-02-02,0.09988663393046143,0.09988663393046143,Up
2021-02-03,0.15987338646347451,0.15987338646347451,Up
2021-02-04,0.24393616934155415,0.016053384066646248,Up
2021-02-05,0.1898512976399975,0.1898512976399975,Up
2021-02-06,0.2979048822752958,0.2979048822752958,Up
2021-02-07,0.35467027228884385,0.35467027228884385,Up
2021-02-08,0.4795295931436642,0.4795295931436642,Up
2021-02-09,0.3050825722443709,0.3050825722443709,Up
2021-02-10,0.2032529739560446,0.2032529739560446,Up
2021-02-11,0.0821130010177297,0.0821130010177297,Up
2021-02-12,0.10773386073420994,0.10773386073420994,Up
2021-02-13,-0.024096613306371698,-0.024096613306371698,Up
2021-02-14,0.025374909068910184,0.025374909068910184,Up
2021-02-15,0.03135062163686646,0.03135062163686646,Up
2021-02-16,0.07625434525916708,0.07625434525916708,Up
2021-02-17,-0.07318602563939473,0.004361835956855467,Down
2021-02-18,-0.1962443861482762,0.06893943662521924,Up
2021-02-19,-0.16116749433633135,0.04960367095675355,Up
2021-02-20,-0.23072741309476266,-0.03826937359697815,Down
2021-02-21,-0.2516585732940265,-0.2516585732940265,Up
2021-02-22,-0.15394627247168344,0.0804233061606056,Up
2021-02-23,-0.040122549984039364,0.040122549984039364,Down
2021-02-24,-0.024268863041168636,0.024268863041168636,Down
2021-02-25,0.031780051834265875,-0.031780051834265875,Down
2021-02-26,0.09074474889207299,-0.09074474889207299,Down
2021-02-27,0.009538595794286852,-0.009538595794286852,Down
2021-02-28,0.05278841894246063,-0.04654608145691937,Up
2021-03-01,-0.019029421727584716,-0.001796834028902821,Up
2021-03-02,0.028156642406990007,-0.006408487913598277,Up
2021-03-03,0.00964787957140659,0.00964787957140659,Up
2021-03-04,0.11741675146715974,0.07344104052548418,Down
2021-03-05,0.10207873318450068,0.10049871297149252,Up
2021-03-06,0.10645265743631774,-0.05499074858151157,Down
2021-03-07,0.047010907439654796,0.04201930392706471,Up
2021-03-08,0.07177619339670878,0.06951778966007433,Up
2021-03-09,-0.04389192115580263,-0.04389192115580263,Up
2021-03-10,-0.035540554365140566,-0.035540554365140566,Up
2021-03-11,-0.015684644226110354,-0.015684644226110354,Up
2021-03-12,0.04845817604608954,-0.024767496604039322,Down
2021-03-13,-0.03406222325891912,-0.034822401922013364,Down
2021-03-14,0.014363766585756733,-0.003553487590746283,Down
2021-03-15,0.06263976751689694,-0.01574091935555125,Down
2021-03-16,0.03324291391041475,0.01855025106159097,Down
2021-03-17,-0.05410009684454032,-0.03722110977766424,Up
2021-03-18,-0.046205780245740895,0.03693726762108566,Down
2021-03-19,-0.13360211155526,0.016745673719969278,Down
2021-03-20,-0.15796079473391725,-0.13407989945014429,Up
2021-03-21,-0.05398244880928,0.004420297153170001,Down
2021-03-22,-0.00829921975211107,0.00829921975211107,Down
2021-03-23,0.037745957071947896,-0.04204275486992677,Down
2021-03-24,0.15520733067470027,-0.15520733067470027,Down
2021-03-25,0.17922226803761712,-0.17922226803761712,Down
2021-03-26,0.10763173223187798,-0.07800918087019619,Down
2021-03-27,0.15407426337048644,0.00034863383509353696,Up
2021-03-28,0.19203420009399,0.058732164433005565,Up
2021-03-29,0.04106117366500798,0.04106117366500798,Up
2021-03-30,0.12937109857651147,0.12937109857651147,Up
2021-03-31,0.18479711727573067,0.15104943903598217,Up
2021-04-01,0.1530501155530147,0.1530501155530147,Up
2021-04-02,0.011281037303190928,0.011281037303190928,Up
2021-04-03,0.1595457835395648,0.12538117102211185,Up
2021-04-04,0.05545552835471157,0.019163808583439555,Up
2021-04-05,0.04418030654624399,0.01694707991387859,Up
2021-04-06,0.06079850809073101,0.03742154765929591,Up
2021-04-07,0.11773993015921329,0.056169541403872626,Down
2021-04-08,0.12718405226765117,0.10179243358758545,Down
2021-04-09,0.15746853494159088,0.059260956381152245,Down
2021-04-10,0.14217003917528304,0.05010705082454359,Down
2021-04-11,0.20846740889655518,0.15930216129695313,Down
2021-04-12,0.20481626390614296,0.19475474372246623,Up
2021-04-13,0.0429248527771277,0.054849439662626,Up
2021-04-14,-0.06233242443559017,-0.03219163925425027,Up
2021-04-15,-0.10862884519939248,-0.0780531083177468,Up
2021-04-16,-0.1995647164900474,-0.1515109068957277,Up
2021-04-17,-0.21584910373449717,-0.15273528702538108,Up
2021-04-18,-0.1578701514101429,0.07291319504335363,Down
2021-04-19,-0.14039156237280756,0.10712641327697427,Down
2021-04-20,-0.1644460200772186,0.12631708008855294,Down
2021-04-21,-0.013158598493733261,0.013158598493733261,Down
2021-04-22,0.08989519165844567,-0.07676425459326672,Down
2021-04-23,0.11013548843120374,-0.09224838337716129,Down
2021-04-24,0.18142729139592798,-0.15568038415887217,Down
2021-04-25,0.24953126942015444,-0.24953126942015444,Down
2021-04-26,0.15447185874004726,-0.017980664613244362,Up
2021-04-27,0.06948328381860933,0.06948328381860933,Up
2021-04-28,0.1358256335025041,0.1358256335025041,Up
2021-04-29,0.10103039234190357,0.10103039234190357,Up
2021-04-30,0.24309910689410366,0.24309910689410366,Up
2021-05-01,0.27580515695342983,0.27580515695342983,Up
2021-05-02,0.25243036424738163,0.25243036424738163,Up
2021-05-03,0.1863864609025297,0.1863864609025297,Up
2021-05-04,0.23311782484736987,0.1701531896861489,Up
2021-05-05,-0.03241303154623521,0.0028429154467415913,Up
2021-05-06,0.003445882755044199,0.01908509091838452,Down
2021-05-07,-0.10311195449143334,-0.08060642657177648,Down
2021-05-08,-0.09923342762156405,-0.06746649691330656,Down
2021-05-09,-0.037063862705427046,-0.037063862705427046,Up
2021-05-10,-0.045534495012396516,0.02392057916545877,Down
2021-05-11,-0.13328888798181293,0.007835071585221353,Up
2021-05-12,-0.059398607456437186,0.05682197063913716,Up
2021-05-13,-0.014257034945327814,0.052691892879038166,Up
2021-05-14,-0.39630143917869937,0.12020847545968008,Up
2021-05-15,-0.22846694013489222,0.12666432161836658,Up
2021-05-16,-0.3268438929083409,0.2504048920597384,Up
2021-05-17,-0.33535845659297975,0.19191360540557045,Up
2021-05-18,-0.4569533417414055,0.22070143081989962,Up
2021-05-19,0.02528144998933789,-0.02528144998933789,Down
2021-05-20,-0.11594951226188603,0.11594951226188603,Down
2021-05-21,0.11781258214410592,-0.11781258214410592,Down
2021-05-22,0.13858337161735704,-0.13858337161735704,Down
2021-05-23,0.20694408441194806,-0.20694408441194806,Down
2021-05-24,-0.11317064133262557,-0.0026987875554607453,Down
2021-05-25,-0.07214091279357876,0.05155719936084466,Down
2021-05-26,-0.05967556351431917,-0.0418071356025554,Up
2021-05-27,-0.02577613889967766,-0.016924781954446314,Up
2021-05-28,0.08577839574126829,0.06378729964056211,Up
2021-05-29,0.22423141122897913,-0.21486925424698472,Down
2021-05-30,0.088424881967375,0.001076771201758944,Down
2021-05-31,-0.03994214586685185,0.056786736260667436,Down
2021-06-01,0.009980927717717657,0.013306591569957478,Up
2021-06-02,-0.10672532987718908,-0.08338935764650886,Up
2021-06-03,-0.17989371952916486,-0.17989371952916486,Up
2021-06-04,-0.06247564408400941,-0.04266045888611928,Up
2021-06-05,-0.08230287126054384,0.06710146388989112,Down
2021-06-06,-0.13762104625773225,0.0751988279470253,Down
2021-06-07,-0.07952056141670975,0.07952056141670975,Down
2021-06-08,-0.00499706305237326,0.00499706305237326,Down
2021-06-09,-0.025928083718208067,0.03628969825817822,Down
2021-06-10,0.01938385507709644,-0.006781194246071627,Down
2021-06-11,0.009445935994374571,-0.005571874073966857,Down
2021-06-12,0.0290043348178946,-0.020082686313915275,Down
2021-06-13,-0.10006325717432903,0.003617316064022359,Down
2021-06-14,-0.14690544766905925,0.07514822427114125,Down
2021-06-15,-0.10767989340853848,-0.02711573687045293,Up
2021-06-16,-0.25377384963599037,0.030012193309203777,Up
2021-06-17,-0.2715402824427504,-0.18125964226960037,Up
2021-06-18,-0.156229688739372,0.156229688739372,Down
2021-06-19,-0.10590186210901378,0.10590186210901378,Down
2021-06-20,-0.20176013456750708,0.20176013456750708,Down
2021-06-21,0.026476772184900202,-0.026476772184900202,Down
2021-06-22,0.09093381827737701,-0.09093381827737701,Down
2021-06-23,0.04526935395807373,-0.04526935395807373,Down
2021-06-24,0.09612961641644069,-0.09612961641644069,Down
2021-06-25,0.21588281895842742,-0.21588281895842742,Down
2021-06-26,0.142620455162819,0.05699626442736767,Down
2021-06-27,0.09200402514654621,0.09200402514654621,Up
2021-06-28,0.07738319656372716,0.07738319656372716,Up
2021-06-29,0.00040873893129189984,0.00040873893129189984,Up
2021-06-30,-0.07834742194326326,-0.07834742194326326,Up
2021-07-01,0.01739739911860548,0.01739739911860548,Up
2021-07-02,0.032955224007142285,0.032955224007142285,Up
2021-07-03,-0.07742057378131206,-0.07742057378131206,Up
2021-07-04,-0.05256052718813462,0.009167135056833581,Up
2021-07-05,-0.02346811036456616,0.02346811036456616,Down
2021-07-06,-0.015990550131048043,-0.04866856793116698,Up
2021-07-07,-0.028420992360403578,-0.016761719416512798,Up
2021-07-08,-0.030569267520776634,0.014114914781846094,Up
2021-07-09,-0.0717597550737825,0.019940880654769958,Down
2021-07-10,-0.08100078407430437,0.056284516735086214,Down
2021-07-11,-0.1315304828049114,0.06364433042089768,Down
2021-07-12,-0.10362736032158755,0.07551139522782346,Down
2021-07-13,-0.08366498584367342,0.04924255598671669,Down
2021-07-14,-0.11640923708606933,0.11640923708606933,Down
2021-07-15,-0.11440458309470654,0.11440458309470654,Down
2021-07-16,0.027863875719263242,-0.027863875719263242,Down
2021-07-17,0.058758926558756364,-0.058758926558756364,Down
2021-07-18,0.09203727706731045,-0.09203727706731045,Down
2021-07-19,0.1342927977451279,-0.12952453197674602,Down
2021-07-20,0.19720695372922814,-0.1735055356410093,Down
2021-07-21,0.09325341157640693,0.04004371544140001,Up
2021-07-22,0.07324179026719543,0.06236430218196974,Up
2021-07-23,0.05494824391888211,0.05494824391888211,Up
2021-07-24,0.09254555520377429,0.09254555520377429,Up
2021-07-25,0.12855373686093147,0.12855373686093147,Up
2021-07-26,0.1251276141519306,0.1251276141519306,Up
2021-07-27,0.06492750864851467,0.06097331937786971,Up
2021-07-28,0.07177428191174084,0.06153214802594518,Up
2021-07-29,0.005736507444475455,0.005709489545117144,Up
2021-07-30,0.028813668618836566,0.028813668618836566,Up
2021-07-31,0.055758345549479914,0.055758345549479914,Up
2021-08-01,0.11001960036879382,0.11001960036879382,Up
2021-08-02,0.14801093468410512,0.1129674642416305,Up
2021-08-03,0.11383090153009832,-0.025259393625429956,Down
2021-08-04,0.1590158093289402,-0.0382196453895132,Up
2021-08-05,0.11939659659547287,0.0406340046397409,Up
2021-08-06,0.11423593930297113,0.11423593930297113,Up
2021-08-07,0.010774452306974401,0.010774452306974401,Up
2021-08-08,0.19593148172272165,0.19593148172272165,Up
2021-08-09,0.1345846863861337,0.1345846863861337,Up
2021-08-10,0.12009548114397878,0.12009548114397878,Up
2021-08-11,0.06309211849033505,0.06309211849033505,Up
2021-08-12,0.023699164398560187,0.0017962767716917624,Up
2021-08-13,-0.0734912489883435,-0.0734912489883435,Up
2021-08-14,-0.012498191668775761,-0.012498191668775761,Up
2021-08-15,0.003102620605699985,0.003102620605699985,Up
2021-08-16,0.037542511653006434,0.034713002553237365,Up
2021-08-17,0.12890968445155762,0.08175232415298066,Down
2021-08-18,0.16248603112465662,-0.14076964633294928,Down
2021-08-19,0.004504943040171321,-0.009102145042768722,Down
2021-08-20,0.022536103918850425,-0.03240692251931378,Down
2021-08-21,-0.05666642762187923,-0.01672249292668744,Down
2021-08-22,-0.01770413088401305,-0.01770413088401305,Up
2021-08-23,-0.05277179881389417,-0.05277179881389417,Up
2021-08-24,0.03636683799009698,0.02837183023648657,Down
2021-08-25,-0.04806934522026279,0.009479575477031944,Down
2021-08-26,0.06052237267193439,-0.03465702749443147,Down
2021-08-27,0.04921777575922584,-0.029037494507917625,Down
2021-08-28,0.05338418649534149,-0.06061689763958749,Down
2021-08-29,0.08039627173408506,0.030740269287112827,Down
2021-08-30,0.14257852706804777,-0.10243624862782058,Down
2021-08-31,0.20621874037724872,0.10977081705480644,Up
2021-09-01,0.1436167974661817,0.04311366241690886,Up
2021-09-02,-0.040253249911157404,-0.10545415565773689,Up
2021-09-03,-0.07962989868901374,-0.1040617345745057,Up
2021-09-04,-0.09100560150479907,-0.09100560150479907,Up
2021-09-05,-0.18169920008432533,-0.18169920008432533,Up
2021-09-06,-0.1536539175377412,-0.10944509124375053,Down
2021-09-07,0.0005126594961335905,-0.009302886392187171,Down
2021-09-08,0.014558262047567822,0.03125326468224438,Down
2021-09-09,0.044298573502209566,0.0058751358987853995,Down
2021-09-10,0.11270650665438081,-0.1251598067789138,Down
2021-09-11,0.06395573383549208,-0.0720501034941424,Down
2021-09-12,0.002470612959587509,0.0019762408686552165,Down
2021-09-13,0.031067471873541027,-0.01545886483753713,Up
2021-09-14,-0.04695579529207986,-0.016657855178717467,Up
2021-09-15,-0.19964753211103492,-0.14765270640297395,Up
2021-09-16,-0.24961923732942717,0.054337214887746656,Up
2021-09-17,-0.10943847796796877,-0.007086478774269944,Up
2021-09-18,-0.07348824542103914,-0.013059111582820934,Up
2021-09-19,-0.11980240416519172,0.0671246018732181,Down
2021-09-20,-0.0005628908290068546,0.0005628908290068546,Down
2021-09-21,0.06323931743537115,-0.06323931743537115,Down
2021-09-22,-0.08694927028057509,0.08694927028057509,Down
2021-09-23,-0.15592079413394297,0.15592079413394297,Down
2021-09-24,-0.0722455203706196,0.05608456107494158,Down
2021-09-25,-0.014679671954159607,-0.015622744282059984,Down
2021-09-26,0.06916715788842977,0.035086982718707145,Up
2021-09-27,0.13243394611962475,-0.11287050609806326,Down
2021-09-28,0.21951468741446245,-0.21951468741446245,Down
2021-09-29,0.17839936917929744,-0.17839936917929744,Down
2021-09-30,0.15991618283691422,-0.06256262068768409,Up
2021-10-01,0.06436127684289948,0.05503359623062143,Up
2021-10-02,0.05626051444460587,0.05626051444460587,Up
2021-10-03,0.029345972828245196,0.029345972828245196,Up
2021-10-04,0.06820200125504224,0.06820200125504224,Up
2021-10-05,-0.022463331843243943,-0.022463331843243943,Up
2021-10-06,-0.02234362099320436,-0.01982461999847977,Up
2021-10-07,-0.047316398601945496,-0.01711923866451617,Down
2021-10-08,-0.007456327613325045,0.012574732357291153,Down
2021-10-09,-0.016283992247347584,-0.007171507821015224,Up
2021-10-10,0.05444066740443522,-0.005679482273750989,Down
2021-10-11,0.05546063954824048,-0.018907624754591956,Down
2021-10-12,0.06120766081408335,-0.031672946693165865,Down
2021-10-13,0.004504164417505057,0.023477765752512314,Down
2021-10-14,-0.0012473333510620496,0.03369795184842345,Down
2021-10-15,0.04589887529960495,0.042635671248181496,Up
2021-10-16,-0.0022045440583863245,0.00859141801044435,Up
2021-10-17,0.005232894551442042,-0.004137096432328757,Up
2021-10-18,0.03253970839748178,0.026646154609747345,Up
2021-10-19,0.0328700917235785,0.026556960410447233,Up
2021-10-20,-0.010352350864756875,0.0015747349509811497,Up
2021-10-21,0.01610735636336938,-0.0014497363986652571,Down
2021-10-22,-0.08116388308687157,-0.07265457494572122,Up
2021-10-23,-0.0137164315712648,-0.0137164315712648,Up
2021-10-24,-0.029671043074770375,0.020280559250812374,Down
2021-10-25,-0.048551224384648685,0.048551224384648685,Down
2021-10-26,-0.006444924768719626,-0.007629766386355225,Down
2021-10-27,0.1035401702207047,-0.1035401702207047,Down
2021-10-28,0.06246042537711297,-0.06246042537711297,Down
2021-10-29,0.045234696958256146,-0.045234696958256146,Down
2021-10-30,0.036254813935444226,-0.014404824115713276,Up
2021-10-31,0.01566035368122845,-0.02282696399320595,Down
2021-11-01,-0.007377756008950259,-0.007377756008950259,Up
2021-11-02,0.0030547348390004,0.0030547348390004,Up
2021-11-03,0.04792017532369605,0.04792017532369605,Up
2021-11-04,0.2037139550098134,0.2037139550098134,Up
2021-11-05,0.12075631893195705,0.0868382653516075,Up
2021-11-06,0.14833243754449013,-0.04827802317909773,Up
2021-11-07,0.1163411017506456,-0.041475622192205464,Up
2021-11-08,0.0626035357493519,0.0626035357493519,Up
2021-11-09,-0.057734682519290606,-0.057734682519290606,Up
2021-11-10,-0.01865096224116235,-0.01865096224116235,Up
2021-11-11,-0.1051249571791623,-0.1051249571791623,Up
2021-11-12,-0.1008679162696232,-0.1008679162696232,Up
2021-11-13,-0.1671956276084032,-0.0200534180960159,Up
2021-11-14,-0.1473285386843749,0.1473285386843749,Down
2021-11-15,-0.11429016246305734,-0.007277463565903856,Up
2021-11-16,-0.046344794807997594,0.046344794807997594,Down
2021-11-17,-0.07396627869297467,0.07396627869297467,Down
2021-11-18,0.03778324319377128,-0.03778324319377128,Down
2021-11-19,0.009412078138022747,-0.009412078138022747,Down
2021-11-20,0.0367140758734627,-0.0367140758734627,Down
2021-11-21,-0.050692012982190594,0.050692012982190594,Down
2021-11-22,0.034848618977613835,-0.034848618977613835,Down
2021-11-23,-0.007860651088341998,-0.0386014440877937,Up
2021-11-24,-0.002866506705415335,-0.009478342604415135,Up
2021-11-25,-0.054455885773201575,0.0017431927436013257,Up
2021-11-26,0.03583590067290107,-0.03583590067290107,Down
2021-11-27,-0.00986181622288975,-0.03916814370755652,Up
2021-11-28,-0.07592700810570072,-0.017552752352249776,Down
2021-11-29,-0.19369324848269287,-0.01419168977224079,Down
2021-11-30,-0.22307422582200095,0.22307422582200095,Down
2021-12-01,-0.20286036116881134,-0.11618123560924769,Up
2021-12-02,-0.20480744844531062,0.20480744844531062,Down
2021-12-03,-0.10905911973297704,0.08488621967166501,Down
2021-12-04,-0.07008984016325101,0.07008984016325101,Down
2021-12-05,-0.05594091052619647,0.05594091052619647,Down
2021-12-06,-0.029771354329153822,0.029771354329153822,Down
2021-12-07,-0.0001684514549970595,0.0001684514549970595,Down
2021-12-08,-0.14124576710480866,0.14124576710480866,Down
2021-12-09,-0.019754397142604158,0.0312537337193401,Down
2021-12-10,0.022010458042159568,-0.0007976969518712017,Down
2021-12-11,-0.06445663458991364,0.03783282977619789,Down
2021-12-12,-0.11076496909836445,0.0014878563533402445,Down
2021-12-13,0.018272246283291278,-0.018272246283291278,Down
2021-12-14,0.014577515169201067,-0.014577515169201067,Down
2021-12-15,-0.03985793727745458,-0.004693102112619419,Up
2021-12-16,0.015988407384018667,-0.015988407384018667,Down
2021-12-17,0.05590337264421702,-0.05590337264421702,Down
2021-12-18,0.06252964268460452,0.031990223597467636,Up
2021-12-19,0.03742142709698983,-0.0054901111461344325,Down
2021-12-20,0.0803345631981197,-0.0803345631981197,Down
2021-12-21,0.0692580179772359,0.05659106211066363,Down
2021-12-22,0.06497420710879327,0.03992509119523728,Up
2021-12-23,-0.07846975427282427,-0.07846975427282427,Up
2021-12-24,-0.0871049664294235,-0.0871049664294235,Up
2021-12-25,-0.0744852830368463,-0.0744852830368463,Up
2021-12-26,-0.09833792626002809,-0.09833792626002809,Up
2021-12-27,-0.06236871708898456,-0.06236871708898456,Up
2021-12-28,0.040626727828948835,-0.040626727828948835,Down
2021-12-29,0.02604754968868675,-0.02604754968868675,Down
2021-12-30,-0.0410656270305392,0.0410656270305392,Down
2021-12-31,-0.0673221357367199,0.0673221357367199,Down
2022-01-01,-0.0873902633679171,0.0873902633679171,Down
2022-01-02,-0.0879393701816281,-0.0879393701816281,Up
2022-01-03,-0.0456326801727001,-0.0456326801727001,Up
2022-01-04,-0.0223607534896328,0.0223607534896328,Down
2022-01-05,0.0339677891654466,-0.0339677891654466,Down
2022-01-06,0.0308992858183938,-0.0308992858183938,Down
2022-01-07,0.0350286532951289,-0.0350286532951289,Down
2022-01-08,0.01900901230075715,-0.01900901230075715,Down
2022-01-09,-0.0119905738841141,0.0119905738841141,Down
2022-01-10,0.0220900594732371,0.0220900594732371,Up
2022-01-11,0.0004241481690938,0.0004241481690938,Up
2022-01-12,-0.03701039211672215,-0.03701039211672215,Up
2022-01-13,0.004195909974008599,-0.011129925688439702,Down
2022-01-14,-0.0883719961490061,-0.010364279558336098,Up
2022-01-15,-0.15291123216835573,-0.15291123216835573,Up
2022-01-16,-0.2643595784428289,-0.2643595784428289,Up
2022-01-17,-0.2860855765153912,0.2860855765153912,Down
2022-01-18,-0.22915154275815722,-0.06133541047243313,Up
2022-01-19,-0.2175267394391911,0.2175267394391911,Down
2022-01-20,-0.22669781916333842,0.22669781916333842,Down
2022-01-21,-0.08901491346273334,0.08901491346273334,Down
2022-01-22,0.01715799823485317,-0.01715799823485317,Down
2022-01-23,-0.015337103282169463,0.015337103282169463,Down
2022-01-24,0.05425137522627207,-0.05425137522627207,Down
2022-01-25,0.06563765129643681,-0.06563765129643681,Down
2022-01-26,0.048791289844413714,-0.048791289844413714,Down
2022-01-27,0.09003525568668942,-0.03245110428317518,Down
2022-01-28,0.0015772262149252592,-0.02179086631352838,Down
2022-01-29,0.007195634715024225,0.007195634715024225,Up
2022-01-30,0.13534934089669834,0.13534934089669834,Up
2022-01-31,0.115631060602093,0.115631060602093,Up
2022-02-01,0.11432490562447258,0.11432490562447258,Up
2022-02-02,0.2275746666357767,-0.028111218233110274,Down
2022-02-03,0.20698025775066378,0.11019923276125257,Up
2022-02-04,0.1339472877113325,0.10676282169191506,Down
2022-02-05,0.06470251323813254,0.06470251323813254,Up
2022-02-06,-0.073382590325418,-0.073382590325418,Up
2022-02-07,-0.11802093189118218,-0.11802093189118218,Up
2022-02-08,-0.12974185544203845,-0.12974185544203845,Up
2022-02-09,-0.1266351373536542,-0.1266351373536542,Up
2022-02-10,-0.019408084548149084,-0.007169939044779218,Up
2022-02-11,0.061443750443736865,-0.061443750443736865,Down
2022-02-12,-0.027657695014345444,0.027657695014345444,Down
2022-02-13,-0.027919156628986096,0.027919156628986096,Down
2022-02-14,-0.03802186874560093,0.03802186874560093,Down
2022-02-15,-0.14967358444085413,0.11795524331009528,Down
2022-02-16,-0.2173414971381412,-0.17987379687974325,Up
2022-02-17,-0.09806896748171516,0.0432904607114309,Down
2022-02-18,-0.11351735828259346,0.06627794924521359,Down
2022-02-19,-0.11418092805558451,0.04891052288877782,Down
2022-02-20,-0.021705151176348563,0.021705151176348563,Down
2022-02-21,0.0649498576330121,-0.0649498576330121,Down
2022-02-22,-0.020234739705243424,0.020234739705243424,Down
2022-02-23,0.13524575395540653,-0.13524575395540653,Down
2022-02-24,0.12275654423601662,-0.12275654423601662,Down
2022-02-25,0.05513618591394229,-0.037551820903926884,Up
2022-02-26,0.02827394038531524,0.022572563448998575,Up
2022-02-27,-0.006138936780329306,-0.006308869347061152,Down
2022-02-28,-0.09206589558118321,-0.09206589558118321,Up
2022-03-01,-0.133623402179915,-0.133623402179915,Up
2022-03-02,-0.137970119005543,-0.09080623339899314,Down
2022-03-03,-0.06516736506562118,-0.014884552865203213,Down
2022-03-04,0.0558810784230179,-0.023856063436198467,Down
2022-03-05,0.0021655476310494534,-0.0021655476310494534,Down
2022-03-06,0.04418675898741081,-0.04418675898741081,Down
2022-03-07,0.057908212481073626,-0.04167649467206875,Down
2022-03-08,-0.021386108682066685,0.03998234966012308,Down
2022-03-09,-0.05307893706048745,-0.032425055438573186,Up
2022-03-10,-0.02544358291794951,-0.009247485210871775,Down
2022-03-11,0.057548349977564695,-0.024096781387788785,Down
2022-03-12,0.04781805219837951,0.02815947752275905,Up
2022-03-13,0.13322045601271412,-0.10193238915245408,Down
2022-03-14,0.15408067789633775,-0.11184869408010639,Down
2022-03-15,0.15120415403424084,-0.07330047412702807,Up
2022-03-16,0.11375935897950246,0.09062635589510205,Up
2022-03-17,0.18429285270129603,0.04658592893975483,Up
2022-03-18,0.14046493300591575,0.1099238995712653,Up
2022-03-19,0.10915781030544051,0.10915781030544051,Up
2022-03-20,0.09939005105055246,0.09939005105055246,Up
2022-03-21,0.0843566369655327,0.0734020203771133,Up
2022-03-22,0.09376711560377804,0.08483133978870878,Down
2022-03-23,0.07269400459849795,0.06617519057691901,Down
2022-03-24,0.09579687682282727,0.09022725656966271,Up
2022-03-25,0.14303866969288326,0.11706806788680589,Up
2022-03-26,0.06860455250740234,0.06419371444817108,Up
2022-03-27,0.061974797690107525,0.06695991573536605,Up
2022-03-28,0.06593026165902816,0.03962333562258646,Up
2022-03-29,0.051451170409712955,0.051451170409712955,Up
2022-03-30,0.0010562558102202924,0.008131504591630203,Up
2022-03-31,-0.004382837996373889,-0.004326384229310381,Up
2022-04-01,-0.14083250599536717,-0.06145511566833998,Up
2022-04-02,-0.10363925450345912,-0.040099063165249534,Up
2022-04-03,-0.16089538457098534,-0.09527362373638257,Up
2022-04-04,-0.12237336417697975,-0.021313387930970023,Up
2022-04-05,-0.11518944841006698,0.029688067397812615,Up
2022-04-06,-0.10931787433225565,0.10931787433225565,Down
2022-04-07,-0.11040895976389277,0.11040895976389277,Down
2022-04-08,-0.04113513808346518,0.04113513808346518,Down
2022-04-09,-0.08969068963039596,0.08969068963039596,Down
2022-04-10,-0.040923147391841226,0.040923147391841226,Down
2022-04-11,0.06774296988418037,-0.06774296988418037,Down
2022-04-12,-0.0120518109154957,0.0120518109154957,Down
2022-04-13,-0.016631112482372333,0.016282830686867825,Down
2022-04-14,0.047634977905085675,-0.046999492264302625,Down
2022-04-15,0.04105685710403488,-0.016547863283100907,Down
2022-04-16,-0.013493895178231961,-0.013065461897534712,Up
2022-04-17,0.01733878092786882,-0.013463633679494592,Up
2022-04-18,-0.017438202847411908,-0.006316520492581386,Down
2022-04-19,-0.060265103142376104,-0.06553820663260748,Up
2022-04-20,-0.0631752336286175,-0.018394554723476123,Up
2022-04-21,-0.09526062420150828,0.037884378801061644,Up
2022-04-22,-0.043637260446211114,0.02408514174670912,Up
2022-04-23,-0.037248662655589286,0.007534817270336142,Up
2022-04-24,-0.08887856780882351,0.06574385379713996,Down
2022-04-25,-0.15292155123369192,0.15231193504155555,Down
2022-04-26,-0.04902666838650142,0.04902666838650142,Down
2022-04-27,-0.10142400665791902,0.09124202509378092,Down
2022-04-28,-0.1120413434894102,0.11288070716917416,Down
2022-04-29,0.011381753658204303,-0.011381753658204303,Down
2022-04-30,0.002559161585207386,-0.0077984211031955075,Down
2022-05-01,-0.03433673885425327,0.03186152695021091,Down
2022-05-02,-0.050770593219442973,0.044431795405235314,Down
2022-05-03,-0.08617649879114962,0.06874806734997935,Down
2022-05-04,-0.30797131343730694,-0.08141512392238039,Up
2022-05-05,-0.21867019974345236,0.040272248621751335,Down
2022-05-06,-0.39666982803731465,0.3487270731178156,Down
2022-05-07,-0.45555230496445304,0.38809198750413554,Down
2022-05-08,-0.3616139457909252,0.27344430293378236,Down
2022-05-09,-0.16182786900561968,0.16182786900561968,Down
2022-05-10,-0.0844056899602963,0.0844056899602963,Down
2022-05-11,0.11635264214760895,-0.11635264214760895,Down
2022-05-12,0.2751393735966156,-0.2751393735966156,Down
2022-05-13,0.04166703126736463,-0.04166703126736463,Down
2022-05-14,0.02732412279374459,-0.02732412279374459,Down
2022-05-15,-0.07950567855468503,0.06903476551574766,Down
2022-05-16,0.012910667211563247,0.022294667814595125,Up
2022-05-17,-0.006783701214138905,-0.006783701214138905,Up
2022-05-18,0.06819247704046305,-0.03415724336938661,Down
2022-05-19,-0.009197689855961443,-0.00047634054178773144,Down
2022-05-20,0.0033209786157217098,-0.014986366182874411,Down
2022-05-21,-0.07990345311467338,-0.012264645667570582,Up
2022-05-22,-0.14254232018930038,0.026187453307098752,Up
2022-05-23,-0.061384751955538754,-0.026656189154174992,Up
2022-05-24,-0.05794722580008452,0.008197284181738812,Up
2022-05-25,0.059553435486991234,0.02871101443501418,Up
2022-05-26,0.1444785486264648,-0.1192205634936465,Up
2022-05-27,0.08553091262255384,-0.08720992496823285,Down
2022-05-28,0.09958409207773976,-0.0882317077777906,Down
2022-05-29,0.022343729026251664,-0.02831793201252084,Down
2022-05-30,-0.06123421461384281,-0.05639210935068492,Up
2022-05-31,-0.060468448940794235,-0.060468448940794235,Up
2022-06-01,0.05233258408870692,0.05075610993378802,Up
2022-06-02,-0.008920797960797729,-0.006211548263596221,Up
2022-06-03,0.01114735121334821,0.003144811828418769,Up
2022-06-04,-0.0022423310423829654,-0.004152566069029707,Down
2022-06-05,-0.07416161557565239,0.05144498457192999,Down
2022-06-06,-0.1779249395722028,-0.12227805102257393,Down
2022-06-07,-0.2310439806161809,0.07471364286326333,Down
2022-06-08,-0.30773137633952585,0.025577646711037343,Down
2022-06-09,-0.2966835032901542,0.043478714931668015,Down
2022-06-10,-0.18981426114729774,0.1689918541182978,Down
2022-06-11,-0.21808985231782627,0.21808985231782627,Down
2022-06-12,-0.11506732636796428,0.11506732636796428,Down
2022-06-13,-0.05787097329252165,0.05787097329252165,Down
2022-06-14,0.015343366816872088,-0.015343366816872088,Down
2022-06-15,-0.016886972243537926,0.016886972243537926,Down
2022-06-16,0.12301328948567163,-0.12301328948567163,Down
2022-06-17,0.041653203153551095,-0.038622808053153254,Down
2022-06-18,0.17891080320088737,-0.10832719654850793,Down
2022-06-19,0.13305416194017394,0.04660470829683151,Down
2022-06-20,0.08897288148408229,-0.05172738725417418,Down
2022-06-21,0.015716579721968573,0.01135928124702304,Up
2022-06-22,0.08838414094760678,0.022027578476264027,Up
2022-06-23,-0.02554523517881839,-0.02554523517881839,Up
2022-06-24,-0.07576463056106075,-0.06146440478691387,Up
2022-06-25,-0.09613084669249018,-0.0684234450590478,Up
2022-06-26,-0.07193804248786999,-0.015781710016062014,Down
2022-06-27,-0.07656262793368548,-0.07204001486835886,Up
2022-06-28,-0.038414749406685295,-0.0033914996615977615,Down
2022-06-29,0.01568414588984046,-0.03713076563334032,Down
2022-06-30,0.015818613386029256,-0.03556995465444095,Down
2022-07-01,0.058192715808473586,-0.06236531910584788,Down
2022-07-02,0.08881241304826014,-0.07637838476734383,Down
2022-07-03,0.06781436477589155,-0.04679089009328707,Down
2022-07-04,0.0521003737090815,0.027354172595898802,Up
2022-07-05,0.036654843609131516,0.010444821869677491,Up
2022-07-06,-0.054299650220570345,-0.05603240707354028,Up
2022-07-07,-0.11773954605953373,-0.11773954605953373,Up
2022-07-08,-0.05207021564548299,-0.05242179375175546,Up
2022-07-09,-0.057597433585755774,-0.057597433585755774,Up
2022-07-10,-0.011639150703620968,-0.01339651977222213,Up
2022-07-11,0.11022421602840572,-0.08457745909626124,Up
2022-07-12,0.11914489298299237,-0.11914489298299237,Down
2022-07-13,0.1631875048062484,-0.1452577632343169,Up
2022-07-14,0.1754666010866561,-0.1636703498031443,Up
2022-07-15,0.09584304777755336,-0.04010454254243964,Up
2022-07-16,0.09282439975967426,0.09282439975967426,Up
2022-07-17,0.08687028671758032,0.08687028671758032,Up
2022-07-18,-0.014749277718971611,-0.014749277718971611,Up
2022-07-19,-0.02443510753997172,-0.02443510753997172,Up
2022-07-20,-0.06021150279514697,-0.06021150279514697,Up
2022-07-21,-0.07881731061315823,-0.07881731061315823,Up
2022-07-22,0.040448840492589774,0.040448840492589774,Up
2022-07-23,0.10907101373280292,0.005114353498539321,Down
2022-07-24,0.10870236824598035,-0.011823240086593145,Down
2022-07-25,0.21715936125848187,-0.15892583572517566,Down
2022-07-26,0.2076780820031206,-0.1804656274485215,Down
2022-07-27,0.08738772201691372,-0.02381611831384412,Up
2022-07-28,-0.006319174750214579,-0.009897124250346088,Up
2022-07-29,-0.021634267068578864,-0.02215250090481751,Up
2022-07-30,-0.0011880109157850359,-0.0011880109157850359,Up
2022-07-31,0.05181402005908462,0.05181402005908462,Up
2022-08-01,0.04229575254041284,0.0143597711942478,Up
2022-08-02,0.0800208572050154,-0.03178565526476462,Down
2022-08-03,0.11430979959319995,-0.050388625216842835,Down
2022-08-04,0.04042975122916322,-0.025526642158452482,Up
2022-08-05,0.032084178249163334,0.009132615730071144,Up
2022-08-06,0.044713108446479195,0.011065270041388112,Up
2022-08-07,0.07489112700080625,0.07489112700080625,Up
2022-08-08,0.036619508453054464,0.013971806046052294,Up
2022-08-09,0.06322253771866368,0.020373814130389398,Up
2022-08-10,-0.00372718609195552,-0.016465462428078247,Up
2022-08-11,-0.04904614118954636,-0.029514891189546363,Up
2022-08-12,-0.08509357041162505,-0.06506067567478295,Up
2022-08-13,-0.11691615632754966,-0.024652469460032113,Up
2022-08-14,-0.19386729441031997,-0.1177303383491075,Up
2022-08-15,-0.1833495683640293,-0.01313118841238496,Down
2022-08-16,-0.15837959360489956,0.12493112204731059,Up
2022-08-17,-0.13020453810630772,0.13020453810630772,Down
2022-08-18,-0.07295255026691752,0.07295255026691752,Down
2022-08-19,0.03098634964245607,-0.03098634964245607,Down
2022-08-20,0.052591345123832386,-0.052591345123832386,Down
2022-08-21,-0.06988629164703616,0.06988629164703616,Down
2022-08-22,-0.06680049732007327,0.06680049732007327,Down
2022-08-23,-0.11075427589545696,0.09341424641240971,Down
2022-08-24,-0.033945311849523284,-0.014045844176464704,Up
2022-08-25,-0.08537734017676782,-0.08537734017676782,Up
2022-08-26,0.015863398976538916,-0.020684335615657384,Down
2022-08-27,0.018481390675763265,-0.018481390675763265,Down
2022-08-28,0.04460362200132169,-0.04460362200132169,Down
2022-08-29,-0.018692301854924702,0.009797128134357696,Down
2022-08-30,0.02291330467228843,-0.02291330467228843,Down
2022-08-31,0.027974949749311105,-0.009810102153182438,Up
2022-09-01,-0.05420391817496203,-0.03552641358791706,Up
2022-09-02,-0.003168559049695021,-0.012113584386708405,Up
2022-09-03,0.02402823227197354,-0.018200805362584383,Up
2022-09-04,0.06267611767920832,0.039186528198653446,Up
2022-09-05,0.06267425743875238,0.0022453929711968874,Up
2022-09-06,0.15673335261393156,-0.1467643243522204,Down
2022-09-07,0.11251766002407905,-0.0545975598351766,Down
2022-09-08,-0.029827437395983553,-0.010585217513847734,Up
2022-09-09,-0.05937132886759286,-0.04799192281707942,Up
2022-09-10,-0.11049233421864074,-0.11049233421864074,Up
2022-09-11,-0.08507869803513786,-0.08507869803513786,Up
2022-09-12,-0.043049864539399,-0.043049864539399,Up
2022-09-13,-0.023510604028523265,0.023510604028523265,Down
2022-09-14,-0.061733462752043854,0.007055830602226583,Down
2022-09-15,-0.044672186497993344,0.044672186497993344,Down
2022-09-16,-0.07905152276666544,0.07905152276666544,Down
2022-09-17,-0.0458724241457186,0.030900236259439252,Down
2022-09-18,0.0487334711083462,-0.027462262516188017,Down
2022-09-19,-0.010758182996159537,0.010758182996159537,Down
2022-09-20,0.015128686983553298,-0.015063681058423074,Down
2022-09-21,0.07650988666548411,-0.07650988666548411,Down
2022-09-22,0.00046459370711686085,-0.01938183218682025,Up
2022-09-23,-0.0178575924136019,-0.01506102333003397,Up
2022-09-24,0.021378545972763008,-0.005936120636356557,Down
2022-09-25,0.019075359698554662,0.020246800043291813,Up
2022-09-26,-0.026501660674749322,-0.026501660674749322,Up
2022-09-27,-0.04874185848014297,-0.014788932422304934,Down
2022-09-28,-0.0115388504781149,0.004747171033416967,Up
2022-09-29,0.0091333015951793,0.0024029922951546204,Up
2022-09-30,0.009432962540616244,0.023994489224793473,Up
2022-10-01,0.0322871600292449,0.026764276176499856,Up
2022-10-02,0.058176418910112035,-0.058176418910112035,Down
2022-10-03,0.008365958975406979,-0.008365958975406979,Down
2022-10-04,-0.015369350262231926,-0.006658406372161576,Up
2022-10-05,-0.06369509179971557,-0.023819407378330364,Up
2022-10-06,-0.05484880958213152,-0.009907237332176683,Up
2022-10-07,-0.04535884855911593,-0.005373480343275232,Down
2022-10-08,-0.05323394715805716,0.026892243563768698,Down
2022-10-09,-0.05792274698476337,0.05792274698476337,Down
2022-10-10,-0.017121128605634115,0.017121128605634115,Down
2022-10-11,0.02589459028398827,-0.02589459028398827,Down
2022-10-12,0.028345747369902703,-0.028345747369902703,Down
2022-10-13,0.021864286444467217,-0.02886377177642806,Up
2022-10-14,-0.019018831527927684,0.0009047296149430825,Down
2022-10-15,-0.050420807429224834,-0.016966778385542367,Down
2022-10-16,-0.026269136950301378,0.01192385615329498,Up
2022-10-17,-0.04550415287301902,-0.0071269692007098935,Up
2022-10-18,-0.008380461854138675,0.012922287066799308,Down
2022-10-19,0.005111573406074357,-0.0007241020560617344,Down
2022-10-20,0.057661520231273806,-0.012793974471799264,Down
2022-10-21,0.10210408395991334,-0.024375307631455956,Down
2022-10-22,0.055759992669034704,-0.047285898373408276,Down
2022-10-23,0.06664255914206473,-0.008747441261513864,Down
2022-10-24,0.10521809999715333,0.04450999985256667,Up
2022-10-25,0.07020662135835133,0.04789783948866296,Up
2022-10-26,0.019460917981207783,0.019460917981207783,Up
2022-10-27,0.039679758161797515,0.039679758161797515,Up
2022-10-28,0.00563107727005656,0.00563107727005656,Up
2022-10-29,-0.008570743855122132,-0.008570743855122132,Up
2022-10-30,0.08464919517610607,0.071485222889732,Up
2022-10-31,0.10015922374361902,0.06642516623392987,Up
2022-11-01,0.0450036093820314,0.036697018141130924,Up
2022-11-02,0.11731530751863653,0.0278321910564145,Up
2022-11-03,-0.07527649164181192,0.010325248613347,Up
2022-11-04,-0.35309886458728246,-0.35309886458728246,Up
2022-11-05,-0.23370414644926973,-0.23370414644926973,Up
2022-11-06,-0.20727728013854088,-0.11703855639241445,Up
2022-11-07,-0.2911932831176661,-0.2911932831176661,Up
2022-11-08,-0.1725358997647914,0.1725358997647914,Down
2022-11-09,0.058411883253923956,-0.058411883253923956,Down
2022-11-10,-0.09082599347850541,0.09082599347850541,Down
2022-11-11,-0.058209346331356285,0.058209346331356285,Down
2022-11-12,-0.0025980863256744,0.0025980863256744,Down
2022-11-13,0.05211049427740781,-0.05211049427740781,Down
2022-11-14,0.019106361421222098,-0.07456387849710357,Down
2022-11-15,-0.0939188665293441,0.041273966504034164,Down
2022-11-16,-0.09459618145396045,0.07005144669544895,Down
2022-11-17,-0.08040239829662393,0.08040239829662393,Down
2022-11-18,-0.05396718088862326,-0.0587499059461106,Up
2022-11-19,-0.051704414704667835,-0.0733934928705811,Up
2022-11-20,0.07586290208692927,-0.07586290208692927,Down
2022-11-21,0.08310005796828226,-0.08310005796828226,Down
2022-11-22,0.062121509680545195,-0.062121509680545195,Down
2022-11-23,-0.0068819548300423,0.0068819548300423,Down
2022-11-24,0.0022362011094928997,-0.0011678250411169,Down
2022-11-25,0.0582260062222645,0.05149365811060602,Down
2022-11-26,0.040767075808644,0.040767075808644,Down
2022-11-27,0.05977168571936834,0.05293835238603502,Down
2022-11-28,0.03903137741634505,-0.034208226290943194,Down
2022-11-29,0.054911580565864516,-0.015878301547615083,Down
2022-11-30,-0.008848797879450126,-0.008848797879450126,Up
2022-12-01,0.0023590805500540244,0.0023590805500540244,Up
2022-12-02,-0.0505513104650305,-0.0505513104650305,Up
2022-12-03,0.011140282013358274,0.011140282013358274,Up
2022-12-04,-0.0020269964868273246,0.026377347706990524,Down
2022-12-05,0.016275108081806985,-0.012652439340404754,Down
2022-12-06,0.009583623542966798,0.0077419423979922,Down
2022-12-07,0.05112730158218962,-0.05112730158218962,Down
2022-12-08,0.00586813572004588,0.01256427005682366,Up
2022-12-09,0.037214709539584716,0.026788201355430485,Down
2022-12-10,-0.006676446368829997,0.03284673594101965,Down
2022-12-11,-0.11441194514927576,0.031800112537443186,Down
2022-12-12,-0.07631650956284533,-0.0046028572999200984,Down
2022-12-13,-0.11352754485196029,-0.009833293118069849,Down
2022-12-14,-0.140892618853212,4.5965725028529934e-05,Down
2022-12-15,-0.08415273902342862,0.0831329255036151,Down
2022-12-16,-0.04143621437136795,0.04143621437136795,Down
2022-12-17,-0.010670555440465399,0.010670555440465399,Down
2022-12-18,-0.0135572782873089,0.0135572782873089,Down
2022-12-19,0.020752358614934484,-0.020752358614934484,Down
2022-12-20,-0.02013087983416082,0.02013087983416082,Down
2022-12-21,0.0018726161153186907,0.0075978957030027995,Up
2022-12-22,-0.011365630095976888,0.009176921304639778,Up
2022-12-23,-0.05336812194644673,0.0036194984801346994,Down
2022-12-24,-0.05633376615317341,-0.03479928745230261,Up
2022-12-25,-0.06809031280598213,0.04248657665613494,Down
2022-12-26,-0.06601712724093975,-9.504192580892277e-05,Down
2022-12-27,-0.04620972984094979,-0.013225625883079437,Up
2022-12-28,0.024596942424783063,-0.011646872710112008,Down
2022-12-29,0.024794230492573,-0.024794230492573,Down
2022-12-30,0.0694758574442017,-0.0694758574442017,Down
2022-12-31,0.053064307153473565,-0.040741612118012575,Down
2023-01-01,0.0418886676095553,-0.0231920229266615,Down
2023-01-02,0.03319744290184504,0.0208129989106183,Down
2023-01-03,0.06761813974205397,0.038489180466035874,Down
2023-01-04,0.07519994680655315,0.07519994680655315,Up
2023-01-05,0.1042452144480139,0.1042452144480139,Up
2023-01-06,0.10278914010566519,0.07724509681717646,Up
2023-01-07,0.12016889329579462,0.09450617473967503,Down
2023-01-08,0.10424755147252589,0.10424755147252589,Up
2023-01-09,0.1658344255003024,0.1658344255003024,Up
2023-01-10,0.1714477065027292,0.1714477065027292,Up
2023-01-11,0.1373060781747683,0.1373060781747683,Up
2023-01-12,0.12057510224416734,0.12057510224416734,Up
2023-01-13,0.0024271929703458617,0.0024271929703458617,Up
2023-01-14,-0.01525488185169269,-0.01525488185169269,Up
2023-01-15,0.04435051160870078,0.04435051160870078,Up
2023-01-16,0.04135072621618433,0.030988031915666195,Up
2023-01-17,0.048587029391432314,0.04369016840488524,Up
2023-01-18,0.1560488216850064,-0.008778125879981679,Up
2023-01-19,0.06780253013079106,-0.04901389974964366,Up
2023-01-20,0.04302854577400584,0.02266980934181215,Up
2023-01-21,0.052076509844010334,0.02530870476803337,Up
2023-01-22,0.06716222718492033,0.03480231869991291,Down
2023-01-23,0.01406446755424534,0.01406446755424534,Up
2023-01-24,0.09172480022914314,0.06942392335788974,Down
2023-01-25,-0.017969000100470894,-0.012563156512142208,Down
2023-01-26,-0.0025791685717511006,0.0012198660214119827,Up
2023-01-27,0.01416737433371207,0.00669931257953987,Up
2023-01-28,0.025998250029760903,-0.019974347868800375,Down
2023-01-29,0.03676556759622121,0.03676556759622121,Up
2023-01-30,0.1106444490112005,-0.08173024857301953,Down
2023-01-31,0.07310932394508378,-0.053532904891777006,Down
2023-02-01,0.017983307766319886,-0.04297412327666204,Up
2023-02-02,0.11848116317444429,0.058746628530915564,Up
2023-02-03,0.06972557472134153,0.010052501703582057,Up
2023-02-04,-0.06427922924860888,-0.039750037740205475,Up
2023-02-05,-0.03773065664322273,-0.0181933093968509,Up
2023-02-06,-0.006009855347029509,0.03824748179178422,Down
2023-02-07,-0.12743441672847614,-0.10239865584221708,Down
2023-02-08,-0.09625666646547336,-0.04053787197956009,Down
2023-02-09,0.039655217511890224,-0.017156389325858237,Down
2023-02-10,0.08826188462603934,-0.0701546417288805,Down
2023-02-11,0.04160030212899789,-0.03830405775616664,Down
2023-02-12,0.1159859288961071,-0.1159859288961071,Down
2023-02-13,0.17706662398681777,-0.17706662398681777,Down
2023-02-14,0.08666741311699297,0.00030767351630999753,Up
2023-02-15,0.08474804677029216,0.08474804677029216,Up
2023-02-16,0.0688361170636141,0.0688361170636141,Up
2023-02-17,0.03372139726114356,0.03372139726114356,Up
2023-02-18,0.01059739748504134,0.01059739748504134,Up
2023-02-19,-0.021763355437702313,-0.0033326024097928893,Up
2023-02-20,-0.08406906548281955,-0.051778007621919496,Up
2023-02-21,-0.03309818099132708,-0.03309818099132708,Up
2023-02-22,-0.0364867132442704,0.02021877066053836,Down
2023-02-23,-0.05695060364827294,-0.022736583389176498,Down
2023-02-24,0.0195544108836999,-0.0065066382356577515,Down
2023-02-25,0.015458952782182267,-0.015458952782182267,Down
2023-02-26,-0.04763507134827715,0.04763507134827715,Down
2023-02-27,-0.041687184214562883,0.041687184214562883,Down
2023-02-28,-0.05512738050264928,0.05512738050264928,Down
2023-03-01,-0.08889646555558435,-0.002996255691269084,Up
2023-03-02,-0.08707311913210333,-0.021027156861130956,Down
2023-03-03,-0.09316811319847026,0.09316811319847026,Down
2023-03-04,-0.14234481339295046,0.14234481339295046,Down
2023-03-05,-0.13099661415866773,0.13099661415866773,Down
2023-03-06,-0.13240457082316692,0.13240457082316692,Down
2023-03-07,-0.07113931692670977,0.04132246710985994,Down
2023-03-08,0.06911835538106588,-0.06911835538106588,Down
2023-03-09,0.18482494901038618,-0.18482494901038618,Down
2023-03-10,0.11483167392227725,-0.11483167392227725,Down
2023-03-11,0.17199859235556084,-0.17199859235556084,Down
2023-03-12,0.17914215008655143,-0.13388726013073257,Down
2023-03-13,0.07276600839442585,0.07212454575645619,Up
2023-03-14,0.03435279505776394,0.03435279505776394,Up
2023-03-15,0.04953448390362203,0.050600546468168764,Up
2023-03-16,0.049422336857254834,0.049422336857254834,Up
2023-03-17,-0.07547330102551433,-0.07547330102551433,Up
2023-03-18,-0.009808664157272757,-0.008867044571585384,Up
2023-03-19,-0.07376891294016993,-0.06430891035579799,Up
2023-03-20,-0.042996835052637565,-0.042996835052637565,Up
2023-03-21,-0.05022219403361237,-0.04237781581293476,Up
2023-03-22,-0.043118413944982885,0.04550569266683195,Down
2023-03-23,-0.050538963239586364,0.025424967205129736,Down
2023-03-24,0.030622018923017785,-0.010060502304266401,Down
2023-03-25,0.04189744372376499,-0.013300870587449465,Down
2023-03-26,0.05099531782487003,-0.052215493905664455,Down
2023-03-27,0.08044717296154087,-0.028476977442547253,Down
2023-03-28,0.04696201159923703,-0.028806789978278947,Down
2023-03-29,-0.0018279718127708008,-0.012371760188224716,Down
2023-03-30,0.02316477999395794,-0.012328837108086924,Down
2023-03-31,0.024306682717194186,0.006892064574486517,Up
2023-04-01,0.017224838046568065,0.017224838046568065,Up
2023-04-02,0.017709084937917372,0.004335665904120999,Up
2023-04-03,0.017546490380020947,0.007868143476959145,Up
2023-04-04,0.008735842889491858,0.003634847569690807,Up
2023-04-05,0.012128782416859869,0.006644449901849208,Up
2023-04-06,0.013658021603267052,-0.009393552991455919,Up
2023-04-07,0.0065369749447599535,0.009890276370906354,Up
2023-04-08,0.04033228955223767,0.01550794498065265,Up
2023-04-09,0.07245987368448033,-0.03223417448762542,Down
2023-04-10,0.04503355842096392,0.004313155336023005,Up
2023-04-11,0.06655058194573853,0.018215564766310786,Up
2023-04-12,0.043840131229713836,0.0046459323744984715,Up
2023-04-13,0.05782425043884213,0.05463714882654365,Up
2023-04-14,-0.06155449188772152,-0.0459116215685922,Up
2023-04-15,-0.08871735419647256,-0.07155013135627974,Down
2023-04-16,-0.10389506133332302,-0.10389506133332302,Up
2023-04-17,-0.07511694330039703,-0.01593967182546442,Up
2023-04-18,-0.13864502959831487,-0.1181696778589387,Up
2023-04-19,-0.0603797830784635,0.05125566568438982,Down
2023-04-20,-0.02280912347748476,0.018452487205954878,Down
2023-04-21,-0.0013333357847703324,-0.024153525230748533,Down
2023-04-22,0.012189221847481724,-0.012189221847481724,Down
2023-04-23,0.014110758080134289,-0.014110758080134289,Down
2023-04-24,0.029455868219484982,-0.029455868219484982,Down
2023-04-25,-0.012327994540174088,0.02065460925264656,Down
2023-04-26,-0.025213050026806984,-0.013882840232595473,Down
2023-04-27,-0.025296936884870055,-0.003362515091005567,Down
2023-04-28,0.001540119308734766,-0.014402121275815631,Down
2023-04-29,-0.03738398358856728,-0.03795567436403572,Up
2023-04-30,-0.006444987847106101,-0.00981804667694376,Down
2023-05-01,-0.026442397118749014,0.01970869815470271,Down
2023-05-02,-0.051697343246914475,0.03042632979096297,Up
2023-05-03,-0.1316634581509282,0.0742667794307239,Down
2023-05-04,-0.09826569106163148,0.06983452632991982,Down
2023-05-05,-0.09458359049438646,0.029085116347614397,Down
2023-05-06,-0.10984050963493916,0.06710041035291785,Down
2023-05-07,-0.059930403542133484,0.05677986027724473,Down
2023-05-08,-0.00017931425628610518,0.00017931425628610518,Down
2023-05-09,-0.008350617227371444,0.03280351711946343,Down
2023-05-10,-0.011059164258441204,0.02150765078996022,Down
2023-05-11,0.04228095207942882,-0.03637617994995327,Down
2023-05-12,0.04973734459205602,-0.029896117194479817,Down
2023-05-13,0.029107288576149356,-0.015582821544140863,Down
2023-05-14,0.019091561226556027,-0.0070739537805942715,Down
2023-05-15,0.011817817385466674,-0.013561592164456274,Down
2023-05-16,-0.015496039029375217,-0.012868260600539782,Up
2023-05-17,-0.03545691987438964,-0.0349113564796013,Up
2023-05-18,0.014378943218649671,0.01802698851974951,Up
2023-05-19,-0.031449412108655775,-0.01601749380368865,Up
2023-05-20,-0.03809454559170857,-0.008248293211113816,Down
2023-05-21,-0.00979099732121401,0.011405385937669085,Down
2023-05-22,-0.0018567173953449952,0.007024270652031216,Down
2023-05-23,0.0065133190491923,0.004320212544265167,Up
2023-05-24,0.043380056739409506,-0.046871115180412336,Down
2023-05-25,0.06136194644524363,-0.06301749997100174,Down
2023-05-26,0.014989823985069543,-0.011018074365350648,Up
2023-05-27,-0.0012514639643949712,-0.004802447852978818,Up
2023-05-28,-0.0105783074087263,0.005511004780015587,Up
2023-05-29,-0.008129890231140706,0.0055459675576703445,Up
2023-05-30,-0.016570990752922683,-0.009353064910801564,Up
2023-05-31,-0.05760767347735364,-0.02361785991395819,Down
2023-06-01,-0.007451416609988274,-0.008923241304597958,Down
2023-06-02,-0.08586216692543534,-0.021524868375184945,Down
2023-06-03,-0.06955968763704008,-0.009348981137193462,Up
2023-06-04,-0.07744344062082616,0.029552720970939576,Down
2023-06-05,-0.13088260286729073,0.08859013973239177,Down
2023-06-06,-0.14963509883650417,-0.06217729150186946,Down
2023-06-07,-0.10903068145832018,0.10903068145832018,Down
2023-06-08,-0.12056627177607039,0.12056627177607039,Down
2023-06-09,-0.14286941973065825,0.14286941973065825,Down
2023-06-10,-0.011452451614939279,0.011452451614939279,Down
2023-06-11,-0.01526142620638542,0.01526142620638542,Down
2023-06-12,-0.01096285659257565,0.01096285659257565,Down
2023-06-13,-0.011004335285676339,0.011004335285676339,Down
2023-06-14,0.05495495848261397,-0.05495495848261397,Down
2023-06-15,0.08434657333739705,-0.035565102368823584,Down
2023-06-16,0.1232887909262801,-0.04904822368555604,Down
2023-06-17,0.09022122495776982,0.013594091842351731,Down
2023-06-18,0.14414840080839084,-0.0584376343242404,Down
2023-06-19,0.10359264680400088,0.09183020728764338,Down
2023-06-20,0.12307316745177221,0.12307316745177221,Up
2023-06-21,0.040641637707029415,0.040641637707029415,Up
2023-06-22,0.06858454255769895,0.06858454255769895,Up
2023-06-23,-0.04052233097537682,-0.04052233097537682,Up
2023-06-24,-0.021249492418426833,-0.015442838306687974,Up
2023-06-25,0.012270506491818503,0.014724367786685177,Up
2023-06-26,0.040815440089601446,0.032928840398956376,Up
2023-06-27,0.026063717226324133,0.035464723008982825,Up
2023-06-28,0.12435246664481364,-0.08073636861022855,Up
2023-06-29,0.08776698454050656,-0.04831084484164613,Up
2023-06-30,-0.00047018436821331055,-0.037214746324295785,Up
2023-07-01,-0.043973440717446764,-0.030502530713576323,Up
2023-07-02,-0.03875473069706576,-0.017837835857245743,Up
2023-07-03,-0.06360976494210667,-0.061710368563837055,Up
2023-07-04,-0.0511615697614289,-0.043914521525726675,Up
2023-07-05,-0.030065683539374156,0.0014428075527857082,Up
2023-07-06,0.01377270359406065,-0.008964839637742009,Up
2023-07-07,0.001365990221070575,-0.0010795258026990919,Up
2023-07-08,0.09214712966317527,-0.08521872319666259,Up
2023-07-09,0.08162722252981419,-0.08037929111178431,Down
2023-07-10,0.08316711975366282,-0.07691587381680412,Down
2023-07-11,0.04445626355828602,0.0071710429721795615,Up
2023-07-12,0.05993376684516949,-0.03287070460919318,Down
2023-07-13,-0.05753468838896225,-0.05753468838896225,Up
2023-07-14,-0.03165416810899636,-0.028399775529465016,Up
2023-07-15,-0.02817577821698853,-0.022835627666946575,Up
2023-07-16,-0.0024561569229640443,0.02197799764405073,Up
2023-07-17,-0.01396981303064074,0.004738746472242999,Up
2023-07-18,0.03069900540011015,-0.017012175384796227,Down
2023-07-19,-0.02161866070614909,0.012188794734056626,Down
2023-07-20,-0.03399918311221749,0.01163959273335382,Down
2023-07-21,-0.03122539300607168,0.002482196854648559,Down
2023-07-22,-0.014842661754298693,0.008269884682455219,Down
2023-07-23,-0.02296665818406419,-0.016834643781446505,Down
2023-07-24,0.026953312157674755,-0.022191015992053392,Down
2023-07-25,0.015159793745771566,-0.01836543567556801,Down
2023-07-26,-0.006278649433496693,-0.006193056058635471,Down
2023-07-27,0.0027089343730814525,-0.0016228367462965594,Down
2023-07-28,-0.017522087751255605,0.011673037430487395,Down
2023-07-29,-0.05304821820462664,-0.04103753656816401,Up
2023-07-30,-0.015428218692329968,-0.046234485824359746,Up
2023-07-31,0.0013624446352224853,-0.022799921868726876,Down
2023-08-01,-0.011954550167976212,-0.03575106358631558,Up
2023-08-02,0.026860254641874234,-0.03725227461367685,Down
2023-08-03,0.05290537405884842,-0.05290537405884842,Down
2023-08-04,0.05558684592252571,0.03568156945656161,Down
2023-08-05,0.06299337979285116,0.05255773575826438,Down
2023-08-06,0.0037078715054339874,-0.0037078715054339874,Down
2023-08-07,0.0036627821134192383,-0.004421379829918662,Up
2023-08-08,-0.007356622652346981,-0.006554937355141074,Up
2023-08-09,-0.006829622972014801,-0.018488333413741984,Up
2023-08-10,-0.06385294280746083,-0.017248430238047428,Up
2023-08-11,-0.10963743344443833,-0.0421493799182121,Up
2023-08-12,-0.19418640227161071,-0.09480052473571327,Up
2023-08-13,-0.14435142008980476,0.08535261712447047,Up
2023-08-14,-0.1309798093658863,0.0041392279581001275,Up
2023-08-15,-0.07790861914128776,0.07790861914128776,Down
2023-08-16,-0.029297950348446303,0.029297950348446303,Down
2023-08-17,0.016457994253393074,-0.016457994253393074,Down
2023-08-18,0.02609405174143035,-0.02609405174143035,Down
2023-08-19,-0.012483911804329494,0.012483911804329494,Down
2023-08-20,-0.031252483753634666,0.031252483753634666,Down
2023-08-21,-0.03624153300837575,0.005277273690457936,Down
2023-08-22,-0.00915896083353966,-0.00868881613966381,Up
2023-08-23,-0.027639473951470806,-0.010524132902124806,Up
2023-08-24,0.025031848128383882,-0.009591329529461142,Up
2023-08-25,0.017578971609034606,-0.00559782536877906,Down
2023-08-26,-0.020296496047024836,0.027152395929653572,Down
2023-08-27,-0.044903268030111736,0.016600829783200554,Up
2023-08-28,-0.03394345837352776,0.029406596369747053,Down
2023-08-29,-0.06227980181717843,-0.05612169876779045,Up
2023-08-30,-0.0389137998455865,-0.037578581678006,Up
2023-08-31,0.012221538443392289,-0.016877424384335635,Down
2023-09-01,0.031256872417864234,-0.027071731610577132,Down
2023-09-02,0.026395809595478492,-0.019788953960323274,Down
2023-09-03,0.011171743179736307,-0.015222669105662206,Down
2023-09-04,0.010392244245640878,-0.010977552996006688,Down
2023-09-05,-0.02866084217250951,-0.00475612286205507,Down
2023-09-06,-0.0694626504772674,-0.043017422139847786,Down
2023-09-07,-0.05200553637234745,-0.03800258426115664,Down
2023-09-08,-0.02781868155322248,-0.02565777501553245,Up
2023-09-09,-0.006280068767439674,-0.009622323504686477,Up
2023-09-10,0.05081265600515517,-0.03951291811162528,Down
2023-09-11,0.10371146105860932,-0.10371146105860932,Down
2023-09-12,0.0379637196767443,-0.02816671759299087,Down
2023-09-13,0.03757558593080791,-0.012667269792963023,Down
2023-09-14,0.029391084459796712,-0.01104140044664635,Down
2023-09-15,0.009078793126934645,0.009309052024282354,Up
2023-09-16,-0.02176185107945366,-0.02176185107945366,Up
2023-09-17,0.016042195776141025,-0.021969500130291673,Up
2023-09-18,0.016013402126366733,0.016013402126366733,Up
2023-09-19,-0.024603221271755172,-0.024603221271755172,Up
2023-09-20,-0.01096880599043164,-0.0013267458828163626,Down
2023-09-21,-0.00391681686550625,0.00405508233242055,Down
2023-09-22,0.011621780616232777,-0.039899058733078925,Down
2023-09-23,0.018093039688622088,-0.020096754828119248,Up
2023-09-24,0.03985659417438263,-0.013953390357068374,Down
2023-09-25,0.04797784120988755,-0.047466593766124825,Down
2023-09-26,0.08447237451266748,-0.05627130165558552,Down
2023-09-27,0.054677941835115006,-0.054677941835115006,Down
2023-09-28,-0.008293457864921763,-0.013491654312516387,Up
2023-09-29,-0.014232244732240813,-0.014232244732240813,Up
2023-09-30,-0.04988045948143867,-0.04988045948143867,Up
2023-10-01,-0.053234322997451185,-0.053234322997451185,Up
2023-10-02,-0.013059046658350532,-0.013059046658350532,Up
2023-10-03,0.0103163284443234,-0.012892847709469902,Down
2023-10-04,-0.03320564040572617,0.021972868710977565,Up
2023-10-05,-0.018412191670675322,0.018412191670675322,Down
2023-10-06,-0.0573617881356295,0.0573617881356295,Down
2023-10-07,-0.058267356818445776,0.01598235703781825,Down
2023-10-08,-0.0544171735141893,0.009558833191928013,Up
2023-10-09,-0.015447076810659087,0.027436760860345973,Down
2023-10-10,-0.023677103469028585,0.024365334714727117,Up
2023-10-11,0.063489585096023,-0.020806211185268274,Down
2023-10-12,0.021057913453189137,-0.021057913453189137,Down
2023-10-13,-0.0027590700938575,0.0005509287728129719,Down
2023-10-14,-0.004710908326774165,0.02511139367245972,Up
2023-10-15,0.0033627391650890995,-0.0014859817940993886,Down
2023-10-16,0.01837986035652501,0.02131364074210757,Up
2023-10-17,0.05069295524035364,-0.010639833942524072,Down
2023-10-18,0.17380276152750104,-0.03545705894166209,Down
2023-10-19,0.1423519670292799,-0.07649364688133395,Down
2023-10-20,0.13777699974276805,-0.019723997531180194,Up
2023-10-21,0.08715493205873041,0.03512327967552238,Up
2023-10-22,0.05967130957285647,0.05967130957285647,Up
2023-10-23,0.03652391548829664,0.03652391548829664,Up
2023-10-24,0.028668457085646352,0.028668457085646352,Up
2023-10-25,0.014874201395970506,0.014874201395970506,Up
2023-10-26,0.012436037887157225,0.012436037887157225,Up
2023-10-27,0.06613177984254898,0.05075916408703597,Down
2023-10-28,0.023222225886836062,-0.016433893368007883,Down
2023-10-29,0.02069452336258876,0.029030002094417393,Up
2023-10-30,0.03126073080076719,0.03148692743173212,Down
2023-10-31,0.10660194901595176,0.08492437626899844,Up
2023-11-01,0.10453976057085515,0.10157741376634284,Up
2023-11-02,0.08888415493243437,0.07227073145966108,Up
2023-11-03,0.10425978726857438,0.07961762789433699,Up
2023-11-04,0.09618635111800554,0.06615232383544792,Up
2023-11-05,0.09246743543683444,0.08251968204080519,Up
2023-11-06,0.06813332811248407,0.05476508561807545,Up
2023-11-07,0.09915301296103757,0.09213829354981402,Up
2023-11-08,0.02549773302344543,0.02549773302344543,Up
2023-11-09,-0.006613859069763676,-0.002791003322109372,Up
2023-11-10,0.018296358447423212,0.020457897874130482,Up
2023-11-11,-0.02184512782287151,-0.005957688072273657,Down
2023-11-12,-0.006342299590334268,0.0029969821333360896,Up
2023-11-13,0.007577667424553871,0.0076727256104823305,Down
2023-11-14,0.1241097956435954,-0.03025846742371164,Down
2023-11-15,0.010682448573429523,-0.0009071762636235711,Down
2023-11-16,-0.03296764246820804,0.012338309946303102,Down
2023-11-17,0.04446998855452788,-0.03327852018112,Down
2023-11-18,0.03028069268930884,0.015539755531697846,Down
2023-11-19,0.0006807327689056294,0.0037218961476085796,Up
2023-11-20,0.039023943096923266,0.009195030233863385,Down
2023-11-21,0.10465968613545587,-0.09021741669264785,Down
2023-11-22,0.00446661059786276,0.0042972631345329,Up
2023-11-23,0.017841496400579686,0.012489138500708685,Up
2023-11-24,-0.003539698817901186,0.005926644883741004,Up
2023-11-25,-0.022481620368112718,-0.006599737171831675,Up
2023-11-26,0.019513223332874783,0.019513223332874783,Up
2023-11-27,0.07758964018922324,0.008945397416528257,Up
2023-11-28,0.06502580858802487,0.027932746641304525,Up
2023-11-29,0.08010417157731857,-0.04064659817711214,Down
2023-11-30,0.08932997307310313,-0.08800190190853509,Down
2023-12-01,0.04868705416487227,0.005790748019163651,Up
2023-12-02,0.052661072630952876,0.052661072630952876,Up
2023-12-03,0.08999976645702132,0.08999976645702132,Up
2023-12-04,0.09017957934155812,0.09216675882873761,Up
2023-12-05,0.06973842541336288,0.06973842541336288,Up
2023-12-06,0.04809257977533439,0.0061220832943317035,Down
2023-12-07,0.011279447206801659,0.021554862093646703,Down
2023-12-08,-0.03868647373598374,-0.03261539885269675,Down
2023-12-09,-0.0027245853775974493,-0.01637584100197484,Down
2023-12-10,-0.0573267932660553,-0.04856169854184002,Down
2023-12-11,0.008004978272770082,-0.027488032582404582,Down
2023-12-12,-0.03924804071570116,-0.008321724539221684,Down
2023-12-13,-0.030332427577080278,0.009304918231865522,Down
2023-12-14,-0.08238755033976375,0.002882526606702381,Up
2023-12-15,-0.008223637484394168,-0.0042709702681170995,Up
2023-12-16,0.010387265294566754,1.6991985043991928e-05,Up
2023-12-17,0.08528581662831264,-0.07930184066436671,Down
2023-12-18,0.07755856375977341,-0.06321180164282246,Down
2023-12-19,0.09846397299662707,-0.09846397299662707,Down
2023-12-20,0.12770266809516984,-0.01508334016746707,Up
2023-12-21,0.0681034210240196,-0.032286170163030085,Up
2023-12-22,0.05323347300609411,0.05323347300609411,Up
2023-12-23,0.04868495837752273,0.03783571063560412,Up
2023-12-24,0.0120737011716919,0.0120737011716919,Up
2023-12-25,-0.01778357974849015,-0.01461847860673537,Up
2023-12-26,-0.021244408175157638,-0.02363017912602795,Up
2023-12-27,-0.020171840777182575,-0.014427765351141405,Down
2023-12-28,-0.010932223234710681,-0.01433278102403376,Down
2023-12-29,-0.028502575108870398,0.0373130914147452,Down
2023-12-30,0.0006702997574271619,0.001184355871440147,Up
2023-12-31,0.022810780114571747,-0.04756455229418399,Down
2024-01-01,-0.024667735133146563,-0.046763796622308895,Up
2024-01-02,-0.12939666316992487,0.05191166407637069,Down
2024-01-03,-0.04659231852401674,0.007281515526491821,Down
2024-01-04,-0.08291657539896534,0.0027073960919804184,Down
2024-01-05,0.025142401935902475,-0.05511817719713506,Down
2024-01-06,0.05026742407508218,-0.12314632182707638,Down
2024-01-07,0.06540350487294014,-0.10953771719728041,Down
2024-01-08,0.03948589788123093,-0.0271278385979394,Down
2024-01-09,0.07408912955942819,-0.07408912955942819,Down
2024-01-10,0.0064725738326739364,5.434548272501132e-06,Up
2024-01-11,-0.021489562108340656,-0.007983068601847127,Up
2024-01-12,-0.013927849241075615,-0.009022882962718788,Up
2024-01-13,-0.04819272241485422,-0.0014787744243104734,Down
2024-01-14,-0.01558014874207475,0.01385285956417292,Up
2024-01-15,-0.019666186267879637,0.010783984251293711,Up
2024-01-16,-0.02931664687759486,0.0042992975313631155,Up
2024-01-17,-0.08712855455650424,0.019167925283791933,Up
2024-01-18,-0.07396421530630397,0.0411829868729016,Up
2024-01-19,-0.054172069436545456,-0.01704418497472686,Up
2024-01-20,-0.0869104662255301,0.021983006712222503,Up
2024-01-21,-0.028443543703905175,-0.010856643260234373,Up
2024-01-22,0.021858440169498117,-0.021858440169498117,Down
2024-01-23,0.02314809973126031,-0.02314809973126031,Down
2024-01-24,0.055579222608678536,-0.055579222608678536,Down
2024-01-25,0.04928020122433203,-0.04928020122433203,Down
2024-01-26,-0.041261008752025416,0.0013695726904599298,Down
2024-01-27,-0.023228550800378764,-0.0159119411462549,Down
2024-01-28,0.020717122938041673,0.012448863865924097,Down
2024-01-29,-0.02920177732096263,-0.02920177732096263,Up
2024-01-30,-0.04224896978410971,-0.04224896978410971,Up
2024-01-31,-0.0085961351196275,0.0085961351196275,Down
2024-02-01,-0.036829146650962,0.04191111386407676,Down
2024-02-02,-0.014031551443231283,0.011600056311788384,Up
2024-02-03,0.008333394020531666,0.012658820575064969,Down
2024-02-04,0.05728956800037661,-0.05728956800037661,Down
2024-02-05,0.055328089091527054,-0.05190301263892769,Down
2024-02-06,0.10393929766113938,-0.05891639575314519,Down
2024-02-07,0.11084858873356698,-0.06802323945934917,Down
2024-02-08,0.06457045161523185,-0.01983911693504385,Up
2024-02-09,0.14018466888556227,0.13769651722679452,Up
2024-02-10,0.07819475099817967,0.05063494238573948,Up
2024-02-11,0.04450091027018238,0.04450091027018238,Up
2024-02-12,0.026793382712418896,0.026793382712418896,Up
2024-02-13,0.06985849240680063,0.0186502990958709,Up
2024-02-14,0.08750147210935666,0.08750147210935666,Up
2024-02-15,0.04067135502546165,0.04067135502546165,Up
2024-02-16,0.012085305543242017,0.010940813411625415,Up
2024-02-17,0.026964286040063033,0.03313141360908194,Up
2024-02-18,-0.016050429817143528,-0.013890913548787655,Up
2024-02-19,-0.03425616728054696,-0.03193490882578706,Up
2024-02-20,0.020871475209517744,0.023581502309788744,Up
2024-02-21,0.07550531720537565,0.05850241616940963,Down
2024-02-22,0.05450307754907763,-0.0038921022507025704,Down
2024-02-23,0.05658352937941995,-0.0416076935883202,Down
2024-02-24,0.09110745403632377,-0.06268131222796115,Down
2024-02-25,0.14850912048737233,-0.006592048612594551,Up
2024-02-26,0.19483644190985772,0.1052522579923171,Up
2024-02-27,0.15070838957345045,0.15070838957345045,Up
2024-02-28,0.14072715286251622,0.14072715286251622,Up
2024-02-29,0.08939751604646463,0.03502470560040145,Up
2024-03-01,0.10669017969287678,0.0621426158877724,Up
2024-03-02,0.06758655235950121,0.06097957489732152,Up
2024-03-03,0.06184799225125305,0.05893413405284201,Up
2024-03-04,0.09313483641938795,0.07175682341084315,Up
2024-03-05,0.13051714976617887,0.028795482470373793,Down
2024-03-06,0.0654708266646233,0.07378683498063161,Up
2024-03-07,0.06709979796642383,0.06165788870862159,Up
2024-03-08,0.06566405604248227,0.05733733122091209,Up
2024-03-09,0.028644846515346316,0.027719115398157114,Up
2024-03-10,-0.03740037829991205,-0.040195574289737544,Up
2024-03-11,-0.12596310580877162,-0.10445922675565844,Up
2024-03-12,-0.06171430745879822,-0.08329152358905634,Up
2024-03-13,-0.12437250700676,-0.02061047185693753,Up
2024-03-14,-0.19509710785459342,-0.0011231359080280743,Up
2024-03-15,-0.0744589631874312,0.013652214696577177,Up
2024-03-16,-0.031046301506030785,-0.0259465659475832,Down
2024-03-17,-0.11609463476358312,0.03423628558174027,Down
2024-03-18,-0.03189390992994685,-0.010964186007073632,Down
2024-03-19,0.08791208223109573,-0.09789271397113063,Down
2024-03-20,0.028278423203921044,-0.03487767162285111,Down
2024-03-21,0.08627914558627636,-0.027942250275130153,Down
2024-03-22,0.10288673885031356,-0.10288673885031356,Down
2024-03-23,0.1375788553101766,-0.07948227388414274,Down
2024-03-24,0.07365452007322786,0.070025006982821,Up
2024-03-25,-0.01596780019437819,0.01762969163587801,Up
2024-03-26,0.031590333326321156,0.031590333326321156,Up
2024-03-27,0.049890262820164955,0.049890262820164955,Up
2024-03-28,-0.08344456396828114,-0.08344456396828114,Up
2024-03-29,-0.09836565907265064,-0.04774795586921714,Up
2024-03-30,-0.057894960142973406,0.04473325410831399,Up
2024-03-31,-0.11231287355202238,0.01942790096633207,Down
2024-04-01,-0.04829100686907439,0.02510622982292292,Up
2024-04-02,0.07243397587889237,-0.020018218072058717,Up
2024-04-03,0.10067315331743211,-0.10333087295628383,Down
2024-04-04,0.024367550128725924,-0.01452394299751875,Up
2024-04-05,0.03207655899092453,-0.03207655899092453,Down
2024-04-06,-0.021557626115291058,0.005145027244018409,Down
2024-04-07,-0.17344748551480432,-0.11868585275243157,Up
2024-04-08,-0.2954099917605822,-0.24005285688979036,Up
2024-04-09,-0.19320414463136024,-0.02296087942595359,Down
2024-04-10,-0.22384684639274854,-0.14760254082021942,Up
2024-04-11,-0.21136860742523386,0.07297274064488532,Down
2024-04-12,-0.13182790848159798,0.13182790848159798,Down
2024-04-13,0.02550681977310312,-0.02550681977310312,Down
2024-04-14,-0.02337350368829697,0.02337350368829697,Down
2024-04-15,0.10709493834666865,-0.10709493834666865,Down
2024-04-16,0.08458834910266574,-0.08458834910266574,Down
2024-04-17,0.16457528912964137,-0.16457528912964137,Down
2024-04-18,0.11364307590316164,-0.0028474167847760638,Up
2024-04-19,0.05041345349355484,-0.05736617047039558,Down
2024-04-20,-0.02093591043543639,-0.02093591043543639,Up
2024-04-21,-0.015993336804945007,-0.015993336804945007,Up
2024-04-22,-0.049439155388019886,-0.049439155388019886,Up
2024-04-23,-0.0633542794352045,-0.0633542794352045,Up
2024-04-24,-0.016905940049214037,-0.011330348509828352,Up
2024-04-25,-0.07644280496217788,0.0481704431561321,Down
2024-04-26,-0.06325215613535187,0.017197199095616417,Down
2024-04-27,-0.03178936744661171,0.035818335214869546,Down
2024-04-28,0.008053317108761376,0.0016668601047167852,Down
2024-04-29,0.006710137876977628,-0.0089130102201353,Down
2024-04-30,0.09055739677823549,-0.09204217777303873,Down
2024-05-01,0.05141220646674401,-0.04972291536568825,Down
2024-05-02,0.0015302013922894363,-0.017149017295939463,Down
2024-05-03,-0.039608199113973556,-0.006942641370337164,Down
2024-05-04,-0.013611394827674947,0.0028552601493210066,Down
2024-05-05,-0.0453003170908043,-0.03760007100046534,Up
2024-05-06,-0.029676381608362664,-0.029676381608362664,Up
2024-05-07,-0.029436107659761568,0.004803437210373396,Up
2024-05-08,-0.025739234744531145,0.02389441614011972,Down
2024-05-09,-0.08574885025232337,0.015772274293748327,Up
2024-05-10,0.022944063438322865,-0.022944063438322865,Down
2024-05-11,0.033747267287298405,-0.016844010600810307,Down
2024-05-12,0.08420878436449925,-0.05776163920355717,Down
2024-05-13,0.08703360847800228,-0.0787509908216727,Down
2024-05-14,0.09113361990755582,-0.09113361990755582,Down
2024-05-15,0.10278614959283988,0.056652644881918006,Down
2024-05-16,0.13053608581516943,0.07275958182730531,Down
2024-05-17,0.048033881294528485,0.03830698267874099,Up
2024-05-18,0.07450614235842165,0.06398834300567084,Up
2024-05-19,0.11270909861276891,0.09426137727045444,Up
2024-05-20,0.018044994182348957,0.008363943525688557,Up
2024-05-21,-0.006478241622730615,0.006349018197430289,Up
2024-05-22,0.04720749546145668,0.05520359273643281,Up
2024-05-23,0.019947578727459624,0.01846104969346017,Up
2024-05-24,-0.009205892301796517,-0.007198623891739823,Up
2024-05-25,-0.03390677081397418,0.007896359966007932,Up
2024-05-26,-0.019775345473947895,0.01662329956595813,Down
2024-05-27,-0.04023754879472076,0.0032831913544346795,Down
2024-05-28,-0.053824152886508624,-0.010826002752321127,Down
2024-05-29,-0.03475033431147588,0.01173474255320128,Down
2024-05-30,0.00647560326483423,-0.0027113832720058314,Down
2024-05-31,0.008652533952662972,-0.01610956438182613,Down
2024-06-01,-0.01840460892672399,-0.010956766058144553,Down
2024-06-02,-0.07143538262011047,0.0006495589518389425,Down
2024-06-03,-0.07626755775225064,0.021356946273885156,Down
2024-06-04,-0.08249982978626784,0.00852546635892118,Up
2024-06-05,-0.13297181105756176,-0.006824179753952739,Up
2024-06-06,-0.1368165021021588,0.04618863480615974,Down
2024-06-07,-0.04653583872826281,0.03209341342974731,Down
2024-06-08,-0.0669293157961465,0.0291788569786064,Down
2024-06-09,-0.0910301456157666,0.05103310484887048,Down
2024-06-10,-0.053437188177871006,0.053437188177871006,Down
2024-06-11,0.003753575673660721,-0.003753575673660721,Down
2024-06-12,-0.10360741078226339,0.054599046156756724,Down
2024-06-13,-0.0867599982800341,0.0867599982800341,Down
2024-06-14,-0.054845600679134965,0.1152104022731137,Down
2024-06-15,-0.08291726366085192,0.11130166246431308,Down
2024-06-16,-0.09883467130563268,0.04923082013081598,Down
2024-06-17,-0.051780327224357506,0.061107415811683864,Down
2024-06-18,-0.025980379005692854,0.012281342919610031,Down
2024-06-19,-0.0128706106043898,-7.458418661324909e-06,Up
2024-06-20,0.02048074481468037,-0.025296205849895937,Down
2024-06-21,0.004560664077128616,-0.007024076334047245,Down
2024-06-22,0.055447506386053454,-0.03547095845718271,Down
2024-06-23,0.03823027054173646,-0.02607785952316869,Down
2024-06-24,-0.01701531998957019,-0.035649272609802815,Down
2024-06-25,-0.00436874535930948,-0.022004498557119154,Up
2024-06-26,0.005155318721689513,-0.024118714223085837,Up
2024-06-27,-0.028045817037913322,-0.01900922336678936,Up
2024-06-28,-0.06523954412575549,-0.03322434928051584,Up
2024-06-29,-0.13314678375363226,0.06061735438200411,Up
2024-06-30,-0.1870433580648618,0.044120984578167315,Up
2024-07-01,-0.12263239375282083,-0.003687500003755656,Up
2024-07-02,-0.17697993071469773,0.08941890963392805,Down
2024-07-03,-0.07426863371072043,0.06415835410065737,Down
2024-07-04,0.05509567777447247,-0.03838916427514309,Down
2024-07-05,0.10598008243215164,-0.09663710473474357,Down
2024-07-06,0.006863774278366567,-0.002475269722245536,Down
2024-07-07,0.1068973421764194,-0.09977115025107959,Down
2024-07-08,0.07427162400350355,-0.08798919891040473,Down
2024-07-09,0.05549199028621182,0.005732277047156984,Up
2024-07-10,0.1013263643414674,0.1013263643414674,Up
2024-07-11,0.1321988185696687,-0.0506302520220682,Down
2024-07-12,0.13426175886166658,0.13765533151683051,Up
2024-07-13,0.10292731677280426,0.039193156680809,Up
2024-07-14,0.0847120610277175,0.0453101854868911,Up
2024-07-15,0.0325081744472057,0.0325081744472057,Up
2024-07-16,0.040213127193418303,0.040213127193418303,Up
2024-07-17,-0.01591596455195138,-0.02186034516355355,Up
2024-07-18,-0.020747094273896073,-0.0010914840366256866,Down
2024-07-19,-0.07239273825616617,-0.03904758473149797,Down
2024-07-20,-0.08876004076319532,-0.03760734164991863,Down
2024-07-21,-0.057081868727170595,-0.05645065353093222,Down
2024-07-22,-0.0026676552742664877,0.014622361561488337,Down
2024-07-23,-0.012580976105926123,-0.020113072623861493,Down
2024-07-24,0.03700629283634064,-0.023466664176512254,Down
2024-07-25,0.04041599777011693,-0.02970604966367992,Down
2024-07-26,-0.03331878087084509,0.04039570394776815,Down
2024-07-27,-0.056312821093846006,0.011558910614249655,Up
2024-07-28,-0.10656915241316049,0.04489765068344107,Up
2024-07-29,-0.1616941608801937,-0.03877406332840992,Up
2024-07-30,-0.20017871074512295,-0.10225698441410722,Up
2024-07-31,-0.239703846413568,0.13184792613461113,Up
2024-08-01,-0.19336293168329505,0.15837961160941585,Up
2024-08-02,-0.16805946188499443,0.1570994369235051,Up
2024-08-03,-0.007571478089639734,0.004627193572640874,Up
2024-08-04,0.03295345322671658,-0.03295345322671658,Down
2024-08-05,0.14831608642251445,-0.14831608642251445,Down
2024-08-06,0.028982701008000076,-0.028982701008000076,Down
2024-08-07,0.12474007063843665,-0.12474007063843665,Down
2024-08-08,0.0065417431289206285,-0.0003384228461512504,Down
2024-08-09,0.0013632619260782154,-0.012349596293240268,Down
2024-08-10,-0.043290647947982146,-0.05567608692014488,Down
2024-08-11,0.01965725523717444,-0.01092437444893753,Down
2024-08-12,-0.01749162569835895,-0.02930603045197406,Down
2024-08-13,-0.03465862575676734,-0.023722076146346974,Down
2024-08-14,0.006140770749463334,-0.005443280528775525,Up
2024-08-15,0.04275915543230482,-0.02437909395236953,Up
2024-08-16,0.08334527309506636,0.014102115977587086,Up
2024-08-17,0.07004925449696017,-0.05278118745425844,Up
2024-08-18,0.16074406816036715,-0.10935338152981174,Up
2024-08-19,0.15014217365416527,-0.002877833096533502,Up
2024-08-20,0.12072234831230193,0.110624028562602,Up
2024-08-21,0.024302904636992407,0.036618140366346016,Up
2024-08-22,-0.048016737027061,-0.029447414175172864,Up
2024-08-23,-0.11896539425811468,-0.09772235021714318,Up
2024-08-24,-0.12827705726522148,-0.12827705726522148,Up
2024-08-25,-0.10150106034613371,-0.08925565013385603,Up
2024-08-26,-0.07732047337441006,-0.02941581015009696,Down
2024-08-27,-0.0635653891098633,0.03852623968876879,Down
2024-08-28,-0.015654181294623454,0.01029886271327338,Down
2024-08-29,-0.06096185053707616,0.06096185053707616,Down
2024-08-30,-0.044364449318001424,0.04491702357016655,Down
2024-08-31,-0.0597465356346145,0.06048912822538879,Up
2024-09-01,-0.04606470725395011,0.04887207395634498,Up
2024-09-02,-0.07596042181504177,0.0187012057491755,Up
2024-09-03,-0.00038722383330551266,-0.008970626679011558,Down
2024-09-04,0.021323790638256415,-0.022612804670562935,Up
2024-09-05,0.0779811946553053,-0.08260521759161978,Down
2024-09-06,0.09579794756801399,-0.0808660509387414,Up
2024-09-07,0.09440978939697292,-0.09440978939697292,Down
2024-09-08,0.08743953747045717,-0.00534365650980369,Up
2024-09-09,0.0286602877412063,0.002421183846343578,Up
2024-09-10,-0.01783905720150359,-0.01971348160152525,Up
2024-09-11,-0.022465598089162767,-0.022920120867959828,Up
2024-09-12,-0.011494947381704139,-0.011494947381704139,Up
2024-09-13,-0.008135300287080007,-0.008135300287080007,Up
2024-09-14,0.03500257295598224,0.034568968619938883,Up
2024-09-15,0.09262131464578131,-0.05104076586940216,Down
2024-09-16,0.14321790149306082,-0.08309194989639496,Down
2024-09-17,0.09127906862995436,-0.05070380610670546,Down
2024-09-18,0.09175164650649272,-0.039025246926324204,Down
2024-09-19,0.07383860183765167,0.06657060537240232,Up
2024-09-20,0.03089787028730563,0.03089787028730563,Up
2024-09-21,0.040659581538765185,0.040659581538765185,Up
2024-09-22,0.08500495702341092,0.08500495702341092,Up
2024-09-23,0.04817297530503023,0.04842618259740025,Up
2024-09-24,0.021662325324896137,0.02229811097430577,Up
2024-09-25,-0.007600264976025267,-0.00716463380108085,Up
2024-09-26,-0.10038645905397146,-0.07512542844450384,Up
2024-09-27,-0.14359617740039404,-0.14970450476856395,Up
2024-09-28,-0.13870954759311505,-0.11679648617339415,Down
2024-09-29,-0.09616802366052013,-0.10697794260175607,Down
2024-09-30,-0.052566799928921604,0.005352897048179662,Down
2024-10-01,0.03720703136657401,-0.04213683252279026,Down
2024-10-02,0.04446302703018337,-0.027122237157204666,Down
2024-10-03,0.04309158173688881,-0.02510647565286464,Down
2024-10-04,-0.032307175695345,0.024400134991274598,Down
2024-10-05,-0.01897486986090272,0.010321597531481597,Down
2024-10-06,-0.011821438791545827,0.0027599166716869143,Up
2024-10-07,0.02158321095730307,0.01802323844298553,Up
2024-10-08,0.02304935320618679,0.013157016455317912,Down
2024-10-09,0.11623448816420846,-0.08663767161030095,Down
2024-10-10,0.08901561945715611,-0.048717507348691895,Down
2024-10-11,0.03775102917359613,-0.012964665998272796,Down
2024-10-12,0.0028708788829774003,0.011447929473381717,Up
2024-10-13,0.03928540827674068,0.011905664028281075,Up
2024-10-14,-0.013732053445136642,-0.008035778808748837,Up
2024-10-15,0.03617221930455003,0.03764329358430658,Up
2024-10-16,0.010666078531487572,0.013649580006683449,Up
2024-10-17,0.0283262205093378,-0.011673240733216947,Down
2024-10-18,-0.02787359860368607,-0.01652117889140974,Up
2024-10-19,-0.012734298807851725,0.002469669656693407,Down
2024-10-20,-0.11405451956772174,-0.10354339145752145,Up
2024-10-21,-0.07499582115874771,-0.04254031535269572,Down
2024-10-22,-0.05917995359894733,-0.03622829483503998,Down
2024-10-23,-0.01891898820154757,0.009365448806055058,Down
2024-10-24,0.005428405494460682,0.0015079864964684594,Down
2024-10-25,0.06678503208670457,-0.06678503208670457,Down
2024-10-26,0.008387057629459118,-0.0024038106034655854,Down
2024-10-27,-0.01129328249581733,0.013502676495436489,Down
2024-10-28,-0.03828465661691743,0.020167487358193136,Up
2024-10-29,-0.09998904339740004,0.002254878740206559,Up
2024-10-30,-0.12324855013323183,-0.12324855013323183,Up
2024-10-31,-0.0366638225901368,-0.0019122571704075486,Up
2024-11-01,0.0885393015956441,-0.044124817425721,Down
2024-11-02,0.15790842843760503,-0.0726023153751983,Up
2024-11-03,0.18354734737210793,-0.16943484488751243,Down
2024-11-04,0.25276157365876395,-0.20385840193876953,Down
2024-11-05,0.28205101657180814,-0.1841657781626938,Down
2024-11-06,0.1678223196974413,0.1678223196974413,Up
2024-11-07,0.12996396174027464,0.12996396174027464,Up
2024-11-08,0.0658336436063798,0.0658336436063798,Up
2024-11-09,0.007745259153882757,0.007745259153882757,Up
2024-11-10,0.02514884307282931,0.02514884307282931,Up
2024-11-11,0.049571347307928275,0.05344827956102236,Up
2024-11-12,0.029797559892210727,0.029192281655570702,Up
2024-11-13,0.16335040726436537,0.11328168867301636,Up
2024-11-14,0.19170027565754075,0.051046271290152455,Up
2024-11-15,0.07041018844940178,0.04132514432088958,Up
2024-11-16,0.04910972123088564,0.010973443976851696,Up
2024-11-17,0.16345313496095495,0.026699391492451666,Up
2024-11-18,0.14255893277987144,0.11682328717766002,Up
2024-11-19,0.22339306934703737,0.22339306934703737,Up
2024-11-20,0.240047678971745,0.1005286274823108,Up
2024-11-21,0.16507690719294763,0.07055089309867227,Up
2024-11-22,0.18523451612578204,0.18850950960585283,Up
2024-11-23,0.11584601075892058,0.103894716311235,Up
2024-11-24,0.10033459924544853,0.09249758057258456,Up
2024-11-25,0.20445125463896957,0.19561900626257173,Up
2024-11-26,0.21571773075260686,0.1863154272952604,Up
2024-11-27,0.14506100335246194,0.1450399016002442,Up
2024-11-28,0.199699409131928,0.13360392620506287,Up
2024-11-29,0.16846788424403994,0.11632359616591413,Up
2024-11-30,0.07373732663222694,0.07373732663222694,Up
2024-12-01,0.13994034855965015,0.11034195516996118,Up
2024-12-02,0.08365617644900943,0.04888788964299966,Up
2024-12-03,0.0629933077496917,0.0421060062088424,Up
2024-12-04,-0.118944310737833,-0.09910845618986074,Up
2024-12-05,-0.12745752016807302,-0.08443499097367851,Up
2024-12-06,-0.11376290983600824,-0.0973191817922152,Up
2024-12-07,-0.07112068059016372,-0.03826827407727046,Up
2024-12-08,-0.0790082232656693,-0.04672195551648748,Up
2024-12-09,0.05523539910998916,-0.02021717748699654,Up
2024-12-10,0.1081400697570352,-0.07892845580153511,Up
2024-12-11,0.00564039957759037,0.034695904828209785,Up
2024-12-12,-0.03588233022907077,0.04201555249283844,Up
2024-12-13,-0.14995195477851317,0.09744958346319915,Up
2024-12-14,-0.1900705692214655,-0.09368768459825862,Up
2024-12-15,-0.17645110749509674,-0.16424737279500534,Up
2024-12-16,-0.1938880436142048,0.07583085682329471,Up
2024-12-17,-0.15707001964076844,0.03833737031959756,Down
2024-12-18,-0.013503823524720357,0.013503823524720357,Down
2024-12-19,0.09899467470647674,-0.09899467470647674,Down
2024-12-20,0.051342808658333704,-0.051342808658333704,Down
2024-12-21,0.04140728917051576,-0.04140728917051576,Down
2024-12-22,0.030554601842145628,-0.030554601842145628,Down
2024-12-23,-0.009209823496438414,0.030593385479266485,Up
2024-12-24,-0.08816320649229137,-0.08816320649229137,Up
2024-12-25,-0.08801585391639354,-0.054052198176297375,Up
2024-12-26,-0.03348334595863794,-0.01008069983447833,Up
2024-12-27,0.010197307030177238,-0.028579347039841718,Up
2024-12-28,-0.0005132436558030666,-0.022073316343510323,Down
2024-12-29,0.11839222858201942,-0.1140559617226863,Down
2024-12-30,0.11640257981533182,-0.10747265004940192,Down
2024-12-31,0.14330281933155758,-0.10176044716895463,Down
2025-01-01,0.09784541963529116,0.013615714409149382,Down
2025-01-02,-0.03271531302981637,0.009491763815199204,Down
2025-01-03,-0.1262253262113036,-0.11210256684139595,Up
2025-01-04,-0.1409343335467802,-0.1479718989295667,Up
2025-01-05,-0.11193931377256681,-0.11193931377256681,Up
2025-01-06,-0.12395670930189491,-0.12395670930189491,Up
2025-01-07,-0.04975922117461565,0.04048589830180052,Down
2025-01-08,-0.06869076282370927,0.045912623292474516,Down
2025-01-09,-0.0003975652231028621,-0.015279229417106395,Down
2025-01-10,0.05662156182495999,-0.062427431578069605,Down
2025-01-11,0.0479441426777301,-0.050129633954130455,Down
2025-01-12,0.13250486119732452,-0.10452750573174963,Down
2025-01-13,0.10931946991575006,-0.10438303427014069,Down
2025-01-14,-0.017251324652417823,0.026436198759904817,Up
2025-01-15,-0.08551081068308755,-0.068348475900169,Up
2025-01-16,-0.03932704728647494,-0.02638320956861963,Up
2025-01-17,-0.12252150676201952,-0.10452735434398441,Up
2025-01-18,-0.08270306146349296,-0.06569510471842188,Up
2025-01-19,-0.01961071762747826,-0.00040700178601496523,Up
2025-01-20,-0.017761591111114253,0.01753216144934278,Down
2025-01-21,-0.08129719281404539,0.047327402370217445,Up
2025-01-22,-0.08307962432139639,0.06729902850632118,Down
2025-01-23,-0.1111762358697217,0.07658009576965022,Down
2025-01-24,-0.05375187191516477,0.033587537830932546,Down
2025-01-25,-0.0178766869568852,0.008426861258156565,Down
2025-01-26,0.0015043825967013902,-0.0015043825967013902,Down
2025-01-27,-0.06232010487223507,0.06232010487223507,Down
2025-01-28,-0.10821930773005534,0.11191876031702333,Down
2025-01-29,-0.12496099229015342,0.11526471615505507,Down
2025-01-30,-0.19652742966669332,0.06515427141075011,Down
2025-01-31,-0.24989374924962537,-0.06766420231213954,Down
2025-02-01,-0.21407769879453364,0.16642053306652538,Down
2025-02-02,-0.11348637040284935,0.07851038376680844,Down
2025-02-03,-0.09095087886192689,0.09095087886192689,Down
2025-02-04,-0.00845359002774164,0.00845359002774164,Down
2025-02-05,0.05341202086129707,-0.05341202086129707,Down
2025-02-06,0.15613118588519523,-0.15613118588519523,Down
2025-02-07,0.1722017127053584,-0.1722017127053584,Down
2025-02-08,0.092147051362082,-0.092147051362082,Down
2025-02-09,0.07795306236768954,-0.06465511087885792,Down
2025-02-10,0.022699911738537616,-0.031499388143833636,Up
2025-02-11,0.009344047849502855,-0.0030128180805899726,Up
2025-02-12,-0.040073982497658645,-0.040073982497658645,Up
2025-02-13,-0.06704188068753611,-0.0577821588122759,Up
2025-02-14,-0.0638088650420687,-0.06685621619068566,Up
2025-02-15,0.00568938562242733,-0.013862084345072054,Down
2025-02-16,-0.023315002053501833,-0.017388810926606116,Down
2025-02-17,0.01423492197749573,-0.01616510916889252,Down
2025-02-18,0.03524684437190181,-0.034083492206049025,Down
2025-02-19,-0.10112999483657602,0.08311181670166318,Down
2025-02-20,-0.11263912614381265,-0.03258853471955427,Down
2025-02-21,-0.07996910015820444,0.06086298630620952,Down
2025-02-22,-0.10488053154447856,-0.04501601602561745,Down
2025-02-23,-0.08143530022496072,-0.060963857669938726,Up
2025-02-24,0.02168840255494258,-0.02168840255494258,Down
2025-02-25,0.13006381346692894,-0.13006381346692894,Down
2025-02-26,-0.01748987069284837,0.01921113665620201,Down
2025-02-27,-0.049974784797403915,0.042173348736880674,Down
2025-02-28,0.01919014375023362,-0.026522649220046133,Down
2025-03-01,-0.03319071075829071,0.011255491217273858,Up
2025-03-02,-0.12429284737080912,-0.12429284737080912,Up
2025-03-03,-0.030284649208868628,0.025482016961036292,Up
2025-03-04,-0.11544142877836096,0.13325610426588635,Up
2025-03-05,-0.19257842364942535,0.19257842364942535,Down
2025-03-06,-0.11667847265576255,0.09357031092395907,Up
2025-03-07,-0.09093439108717245,0.09093439108717245,Down
2025-03-08,-0.10457794466845015,0.05269653075738975,Up
2025-03-09,0.02438029846894762,-0.02438029846894762,Down
2025-03-10,0.08898631036997265,-0.08898631036997265,Down
2025-03-11,0.020843335801212764,-0.0021096129150965613,Down
2025-03-12,0.04818814868817509,-0.04818814868817509,Down
2025-03-13,0.06760308571130431,-0.06760308571130431,Down
2025-03-14,0.056063372991556136,0.030148870827054038,Up
2025-03-15,0.004465200381964747,0.004465200381964747,Up
2025-03-16,0.028761953327356447,0.006421861951307901,Down
2025-03-17,-0.03284514778117245,-0.01736778839454325,Down
2025-03-18,-0.058101165227685436,-0.058101165227685436,Up
2025-03-19,0.008864386401550737,0.008864386401550737,Up
2025-03-20,0.049005992376949005,0.0030993926058534766,Down
2025-03-21,0.11373923212616378,0.008789121604590241,Down
2025-03-22,0.09238297275150702,-0.038650182656561,Down
2025-03-23,-0.019765827223578867,-0.03256718100565206,Up
2025-03-24,-0.13146911602455072,-0.10115278337980044,Up
2025-03-25,-0.14903506539170347,-0.14903506539170347,Up
2025-03-26,-0.1817623644499804,-0.1817623644499804,Up
2025-03-27,-0.13160052079855752,-0.09689937288986243,Up
2025-03-28,-0.11951049778046163,0.09880762105374141,Up
2025-03-29,-0.025453605233188854,0.03783665421502703,Down
2025-03-30,-0.08639683085255678,0.10520083526807199,Down
2025-03-31,-0.10685468944282289,0.1020690575986656,Down
2025-04-01,-0.21901451581793518,0.1948575767777277,Down
2025-04-02,-0.10554737064114506,0.07751586507134268,Down
2025-04-03,-0.15169041970852215,0.10467354730759364,Down
2025-04-04,-0.048070724652979326,0.00364891922945405,Up
2025-04-05,-0.06337070945814204,0.030713058703873457,Up
2025-04-06,0.10619196693007912,-0.1221324121122028,Down
2025-04-07,0.1499290748537885,-0.1499290748537885,Down
2025-04-08,0.1444951001344305,-0.1444951001344305,Down
2025-04-09,0.009111377607207503,-0.0002947631871448045,Down
2025-04-10,-0.001804176694571331,-0.032305980422419486,Down
2025-04-11,-0.04842641316053609,-0.043282878933143414,Up
2025-04-12,-0.08338762918422592,-0.06968632125132855,Up
2025-04-13,0.0006878568789464309,0.015780611264574685,Up
2025-04-14,0.06599842845859244,-0.0458525987481362,Up
2025-04-15,0.18647975859006463,-0.1382529944670558,Up
2025-04-16,0.21455428630332918,-0.2076840972624267,Down
2025-04-17,0.28724396696058485,-0.28371474639027294,Down
2025-04-18,0.26060530562919937,0.023217908947837877,Up
2025-04-19,0.20860295921241362,0.11840759823000961,Up
2025-04-20,0.19305824938914015,0.16650382744194916,Up
2025-04-21,0.2245284476869925,0.19781100100175197,Up
2025-04-22,0.11634564015913601,0.11565675701094003,Up
2025-04-23,0.10808467680743863,0.10455733994676843,Up
2025-04-24,0.036439711736328845,0.036439711736328845,Up
2025-04-25,-7.946394603341535e-05,-7.946394603341535e-05,Up
2025-04-26,-0.011163000046493015,-0.008408829445296926,Up
2025-04-27,0.039040870659746256,0.025008171424730205,Up
2025-04-28,-0.06513624490067689,-0.05632226617034757,Up
2025-04-29,-0.06020794322406107,0.0015753089508718451,Up
2025-04-30,-0.05034902783041551,0.03609948709182863,Down
2025-05-01,-0.06560958542477398,0.02927285461890094,Down
2025-05-02,-0.05193418391401593,0.002938627029185971,Down
2025-05-03,0.15722538437114916,-0.13926263503735067,Down
2025-05-04,0.2594015163711413,-0.18289861561805068,Down
2025-05-05,0.34576301955529376,-0.18407603167595113,Down
2025-05-06,0.29401346747511187,-0.17289581615259805,Down
2025-05-07,0.2961912742986409,-0.23935927588165437,Down
2025-05-08,0.16826282358362726,0.16007376938408965,Up
2025-05-09,0.05216741791447626,0.05216741791447626,Up
2025-05-10,-0.08428285406760899,-0.08428285406760899,Up
2025-05-11,-0.07113455010464514,-0.07113455010464514,Up
2025-05-12,-0.11890300437962142,-0.11890300437962142,Up
2025-05-13,-0.09472244102771996,-0.08603646532372317,Up
2025-05-14,-0.08710314340647941,-0.03753316349702234,Up
2025-05-15,-0.030626702425313145,0.02005434609597009,Down
2025-05-16,0.040783643113282766,-0.018718698406478242,Down
2025-05-17,0.15488715293927155,-0.1236414874725057,Down
2025-05-18,-0.021470916966296806,0.03591802412138068,Down
2025-05-19,0.009648242838154283,-0.007828175900616298,Down
2025-05-20,0.01691832280741791,-0.019329237941498517,Down
2025-05-21,-0.03041440251016693,-0.017134853823059938,Down
2025-05-22,-0.07387268849917945,-0.07552518468404974,Up
2025-05-23,0.01167382276312497,-0.016299605883112363,Down
2025-05-24,-0.024092325141730535,0.014397051988070635,Down
2025-05-25,-0.14748405875460463,0.002074263288929302,Down
2025-05-26,-0.12648670745716672,0.07016551862390258,Down
2025-05-27,-0.12122855798654537,0.09473048105820217,Down
2025-05-28,-0.09275122336140829,-0.032685738894191275,Down
2025-05-29,-0.056168129553228426,0.036255079512991464,Down
2025-05-30,0.01987044648806145,-0.01987044648806145,Down
2025-05-31,-0.07068263471955183,0.08186684524586761,Down
2025-06-01,-0.06763932948259661,0.06133438097719597,Down
2025-06-02,-0.049696716453272685,0.04258278366542833,Down
2025-06-03,-0.05893597726676939,0.03733274262194555,Down
2025-06-04,0.045875136803484,-0.003135610223646943,Up
2025-06-05,0.19083658227200148,-0.14003271236912393,Up
2025-06-06,0.11547015207552498,-0.0765779400284827,Up
2025-06-07,-0.01967981384720762,0.020576863225168125,Up
2025-06-08,-0.02973673964155117,0.03389362356830135,Down
2025-06-09,-0.12458497839160736,-0.07088344274610571,Up
2025-06-10,-0.15563655613017524,-0.14545738903364505,Up
2025-06-11,-0.10965872547073925,-0.10192925687170544,Up
2025-06-12,-0.06804110798906071,0.01877274081629632,Down
2025-06-13,-0.03414335199554554,0.022067150218665524,Down
2025-06-14,-0.028782898464253897,0.03275969817910537,Down
2025-06-15,-0.0670847438556276,0.06339293650763814,Down
2025-06-16,-0.1195087417181573,0.12201456470915983,Down
2025-06-17,-0.11238677519176027,0.09641704176839046,Down
2025-06-18,-0.019042205218482697,0.013758977316559728,Down
2025-06-19,0.0011528330746574862,-0.007272562564444313,Down
2025-06-20,-0.0029553336579249056,-0.008104450100878747,Down
2025-06-21,0.02556240511356701,-0.035573702584671546,Down
2025-06-22,0.07647797467515624,-0.07647797467515624,Down
2025-06-23,0.005594534564385574,0.0143820245078133,Up
2025-06-24,0.042567674237530204,0.009926263011313224,Up
2025-06-25,0.04498437809820633,0.01165287616478263,Up
2025-06-26,0.02124959549338182,0.02787024223574855,Down
2025-06-27,0.09405076396207711,0.08393556557890997,Down
2025-06-28,0.05193495540066554,0.041266536611741,Down
2025-06-29,-0.061010239686562204,-0.032433650348465695,Down
2025-06-30,-0.02821788160015531,-0.011962938864044653,Down
2025-07-01,0.05405346377258309,-0.011085409403378143,Down
2025-07-02,-0.043970670388377424,-0.028982639269287073,Up
2025-07-03,-0.012813383112504463,-0.0060818206640636105,Down
2025-07-04,0.13605813270434236,-0.15128346766171144,Down
2025-07-05,0.26428092217550636,-0.19865574820679288,Down
2025-07-06,0.2310094030393104,0.05404197044699461,Down
2025-07-07,0.20349387221734203,-0.16609013184330462,Down
2025-07-08,0.2992433565133116,-0.253780935689724,Down
2025-07-09,0.1309380941593382,-0.015066622473661832,Up
2025-07-10,0.08894497446464023,0.08840859292636172,Up
2025-07-11,0.13450401649666766,0.13450401649666766,Up
2025-07-12,0.11773163270416448,0.11773163270416448,Up
2025-07-13,0.07170271595193067,0.07170271595193067,Up
2025-07-14,0.13498501834069945,0.13452288062365977,Up
2025-07-15,0.1254001431295759,0.12468284733472249,Up
2025-07-16,0.08568033653241199,0.0753121194781484,Up
2025-07-17,0.08570584746110647,0.06931716012125046,Up
2025-07-18,0.022532557905796852,0.03489684706570249,Up
2025-07-19,-0.017946272314922764,0.009949365972343768,Up
2025-07-20,-0.049645341448502016,-0.06653925048476729,Up
2025-07-21,-0.05643835447188258,-0.047763140388598906,Down
2025-07-22,-0.023753594407667052,-0.01371560996956735,Down
2025-07-23,-0.016405269286596868,0.003916068627419577,Down
2025-07-24,-0.008462906111591588,0.015344101098937699,Down
2025-07-25,-0.0508117987005313,0.046336070930571044,Down
2025-07-26,-0.09967473847824322,0.0783567520337464,Down
2025-07-27,-0.16545074148033326,0.11235478175456498,Down
2025-07-28,-0.1294436009435947,0.06829634628642893,Down
2025-07-29,-0.08871431005076345,0.026146027186460048,Down
2025-07-30,-0.030070027324127845,0.023637207118919267,Down
2025-07-31,-0.025322121373714233,0.02287001409402075,Down
2025-08-01,0.0356371396920119,-0.03554419369872693,Down
2025-08-02,0.12864546979711386,-0.12807718758829428,Down
2025-08-03,0.10385931838600974,-0.09739714063897631,Down
2025-08-04,0.11526636638106967,-0.08477877432911274,Down
2025-08-05,0.15978767865694699,-0.12490355078609802,Down
2025-08-06,0.11271296914772322,0.0873503232757448,Up
2025-08-07,0.07994408951384425,0.07994408951384425,Up
2025-08-08,0.09343125042580509,0.09343125042580509,Up
2025-08-09,-0.04539598702523208,-0.04539598702523208,Up
2025-08-10,-0.06273315703229268,-0.060920353267905916,Up
2025-08-11,-0.017053093534438957,-0.014038624255081782,Up
2025-08-12,-0.04990181328140863,-0.03983398222577268,Up
2025-08-13,-0.10572688069666127,-0.10101203277088784,Up
2025-08-14,-0.07338044692010703,0.04883762932170025,Up
2025-08-15,-0.009932403928858717,0.0030016761830146824,Down
2025-08-16,-0.04395755890578889,0.016772524687201036,Up
2025-08-17,0.054943244189260027,-0.05037693110757309,Down
2025-08-18,0.08174196045639175,-0.07984214656061013,Down
2025-08-19,0.10111360160541522,-0.0919512714784931,Down
2025-08-20,-0.05038084734744574,0.01908470587745821,Down
2025-08-21,0.034219048827378626,-0.02567350232153077,Up
2025-08-22,-0.07155522897418182,-0.05344311183282957,Up
2025-08-23,0.0030394587730880568,0.008520391303580553,Up
2025-08-24,-0.03432058968467655,-0.03432058968467655,Up
2025-08-25,0.041494935727507204,-0.055377498766310686,Up
2025-08-26,-0.022253284654533696,-0.0644263872707257,Up
2025-08-27,-0.0306511903978169,0.02766838273123587,Down
2025-08-28,-0.05591876037065123,0.031973689933141744,Down
2025-08-29,0.0035165745444146134,-0.021122815658934504,Down
2025-08-30,-0.04313709759300935,-0.015364717822856845,Up
2025-08-31,-0.010480079029977192,-4.3352941775628194e-05,Down
2025-09-01,0.015433991776748738,-0.004347877974296923,Down
2025-09-02,0.005572012532027598,-0.005852211962146676,Down
2025-09-03,0.04740115322829009,0.005259567316830199,Up
2025-09-04,0.09744122753679137,-0.08173631074101437,Down
2025-09-05,0.08682396045045725,0.007953642679986947,Down
2025-09-06,0.09136559566368259,0.010331382425134573,Down
2025-09-07,0.10953719665165865,-0.03427471370021771,Down
2025-09-08,0.07821907781625027,0.03255274376868584,Down
2025-09-09,0.038164169101295296,0.035807921230721046,Down
2025-09-10,0.010052476593419011,0.016492507406258898,Down
2025-09-11,-0.01828974277840272,-0.010622976358269622,Up
2025-09-12,-0.009629428638503013,-0.004473640220912035,Up
2025-09-13,0.01315025914496727,0.022678757517642482,Up
2025-09-14,0.0035439603636181227,0.004488001510790884,Up
2025-09-15,0.02223016101116919,-0.02986706067289766,Down
2025-09-16,-0.01600866349295416,-2.9776807597030392e-05,Down
2025-09-17,-0.1019499642125823,0.07484969604493315,Down
2025-09-18,-0.1422440718897525,0.026230686344010493,Down
2025-09-19,-0.0853806569487468,0.0255337148674447,Down
2025-09-20,-0.13598596032683918,0.03574927679870824,Up
2025-09-21,-0.08169974484754812,0.05020452003065643,Down
2025-09-22,-0.034093520636116495,0.0362825958960541,Down
2025-09-23,0.01575963588716893,-0.01579416402468836,Down
2025-09-24,-0.013486591324397479,0.015637345209250777,Down
2025-09-25,0.02066941215772459,-0.01831805606965119,Down
2025-09-26,0.05661785449429806,-0.06412224864022781,Down
2025-09-27,0.12011835136177641,-0.11942059592021304,Down
2025-09-28,0.08712236180506293,-0.043175841834862616,Up
2025-09-29,0.05306782454029566,-0.03454634057122529,Down
2025-09-30,0.09095487825055962,0.042450037384238845,Up
2025-10-01,0.055885671044359694,0.05068874118116264,Up
2025-10-02,-0.04781661660242175,-0.046095594934830966,Up
2025-10-03,-0.019377422418527416,-0.014121937942221623,Up
2025-10-04,-0.03172437715675998,-0.026752168633314657,Up
2025-10-05,-0.23613277586545753,-0.20615756119284753,Up
2025-10-06,-0.2808743773246818,-0.2185593803388243,Up
2025-10-07,-0.08868685496855358,0.10410101059844279,Down
2025-10-08,-0.08464774177340349,0.11311180391284796,Down
2025-10-09,-0.09370303860494258,0.1489507986439498,Down
2025-10-10,0.12602596064557653,-0.10027527902582996,Down
2025-10-11,0.051638669558603946,-0.023920355457975443,Down
2025-10-12,-0.07885365587642923,0.06197681800047246,Down
2025-10-13,-0.10014603902332335,0.09866721237165592,Down
2025-10-14,-0.05207403193433291,0.07177132463132134,Down
2025-10-15,0.0118386620585353,0.01940128082055263,Up
2025-10-16,-0.010692410676018836,-0.0041496642096281984,Up
2025-10-17,-0.01916574383147181,0.00205212496733448,Down
2025-10-18,0.0033652931558660654,-0.012273654009398643,Down
2025-10-19,0.002591752276773675,-0.009155649790869436,Down
