date,symbol,signal,old_weight,new_weight,weight_change,kurtosis
2020-02-19,XRP/USD,LONG,0.0,0.5,0.5,-0.018562096681551843
2020-03-04,ALGO/USD,LONG,0.0,0.17327924983227783,0.17327924983227783,1.361560385926154
2020-03-04,XRP/USD,LONG,0.5,0.3267207501677222,-0.17327924983227783,-0.5814948552031227
2020-03-04,ZRX/USD,SHORT,0.0,-0.5,-0.5,-1.092019887100799
2020-03-18,ALGO/USD,CLOSE,0.17327924983227783,0.0,-0.17327924983227783,8.550875490445083
2020-03-18,XRP/USD,CLOSE,0.3267207501677222,0.0,-0.3267207501677222,8.041442319198385
2020-03-18,LINK/USD,LONG,0.0,0.26196019623798883,0.26196019623798883,10.651937012228059
2020-03-18,XTZ/USD,LONG,0.0,0.23803980376201123,0.23803980376201123,9.155777404972545
2020-04-01,ALGO/USD,LONG,0.0,0.2444904748528948,0.2444904748528948,14.253165396881798
2020-04-01,LINK/USD,LONG,0.26196019623798883,0.25550952514710523,-0.006450671090883597,9.871787291886687
2020-04-01,XTZ/USD,CLOSE,0.23803980376201123,0.0,-0.23803980376201123,8.112571729881651
2020-04-15,LINK/USD,LONG,0.25550952514710523,0.5,0.24449047485289477,0.23962946114123307
2020-04-15,ALGO/USD,CLOSE,0.2444904748528948,0.0,-0.2444904748528948,
2020-04-15,ZRX/USD,CLOSE,-0.5,0.0,0.5,
2020-04-29,XLM/USD,LONG,0.0,0.5,0.5,0.6104007010591861
2020-04-29,LINK/USD,CLOSE,0.5,0.0,-0.5,
2020-05-13,XLM/USD,CLOSE,0.5,0.0,-0.5,-0.016938553267261902
2020-05-13,ZRX/USD,LONG,0.0,0.5,0.5,4.945898131160959
2020-06-10,XLM/USD,LONG,0.0,0.5,0.5,0.8690420282960014
2020-06-10,ZRX/USD,CLOSE,0.5,0.0,-0.5,0.03892868669587468
2020-06-24,XLM/USD,CLOSE,0.5,0.0,-0.5,0.8638641619252008
2020-06-24,XRP/USD,LONG,0.0,0.5,0.5,2.178327262874502
2020-08-05,XLM/USD,LONG,0.0,0.2907312147963226,0.2907312147963226,1.0613435270361817
2020-08-05,XRP/USD,CLOSE,0.5,0.0,-0.5,0.6118495780650601
2020-08-05,ALGO/USD,LONG,0.0,0.20926878520367742,0.20926878520367742,0.9667720301776002
2020-08-05,ZRX/USD,SHORT,0.0,-0.5,-0.5,-0.22705648549777857
2020-08-19,ALGO/USD,CLOSE,0.20926878520367742,0.0,-0.20926878520367742,0.5529994055740883
2020-08-19,XLM/USD,CLOSE,0.2907312147963226,0.0,-0.2907312147963226,0.28939328999778846
2020-08-19,LINK/USD,LONG,0.0,0.23424319984951372,0.23424319984951372,1.4276599782973989
2020-08-19,XTZ/USD,SHORT,0.0,-0.5,-0.5,-0.80235040139421
2020-08-19,ZRX/USD,LONG,-0.5,0.2657568001504863,0.7657568001504863,1.522037627841759
2020-09-02,ALGO/USD,LONG,0.0,0.24375139226175846,0.24375139226175846,0.37007944627816336
2020-09-02,XRP/USD,SHORT,0.0,-0.5,-0.5,-0.9007737364053976
2020-09-02,LINK/USD,LONG,0.23424319984951372,0.2562486077382415,0.022005407888727763,0.6219109272548615
2020-09-02,XTZ/USD,CLOSE,-0.5,0.0,0.5,-0.6035677265512986
2020-09-02,ZRX/USD,CLOSE,0.2657568001504863,0.0,-0.2657568001504863,-0.13434510406890388
2020-09-16,XLM/USD,LONG,0.0,0.5,0.5,1.828826805027881
2020-09-16,LINK/USD,CLOSE,0.2562486077382415,0.0,-0.2562486077382415,
2020-09-16,ALGO/USD,CLOSE,0.24375139226175846,0.0,-0.24375139226175846,1.4645191515907001
2020-09-16,XRP/USD,CLOSE,-0.5,0.0,0.5,0.8769563854776505
2020-10-28,XLM/USD,CLOSE,0.5,0.0,-0.5,-0.05761997926196427
2020-10-28,XRP/USD,LONG,0.0,0.5,0.5,1.827365629381008
2020-11-11,ALGO/USD,LONG,0.0,0.5,0.5,0.12356709401977506
2020-11-11,XRP/USD,CLOSE,0.5,0.0,-0.5,-0.16849492140716782
2020-11-25,XLM/USD,LONG,0.0,0.5,0.5,6.584388240911782
2020-11-25,ALGO/USD,CLOSE,0.5,0.0,-0.5,-0.9089361484864593
2020-12-23,XLM/USD,CLOSE,0.5,0.0,-0.5,3.192075987298529
2020-12-23,XRP/USD,LONG,0.0,0.5,0.5,7.0413520587651135
2021-01-06,XLM/USD,LONG,0.0,0.23904506823578212,0.23904506823578212,6.464571585442677
2021-01-06,XRP/USD,LONG,0.5,0.26095493176421786,-0.23904506823578214,6.3760894561150465
2021-01-06,ZRX/USD,SHORT,0.0,-0.5,-0.5,0.006427187342082252
2021-01-20,XRP/USD,CLOSE,0.26095493176421786,0.0,-0.26095493176421786,
2021-01-20,XLM/USD,LONG,0.23904506823578212,0.15622016341851727,-0.08282490481726484,7.746111531824257
2021-01-20,XTZ/USD,LONG,0.0,0.34377983658148276,0.34377983658148276,1.3189229392269448
2021-01-20,LINK/USD,SHORT,0.0,-0.5,-0.5,-1.073934987723328
2021-01-20,ZRX/USD,CLOSE,-0.5,0.0,0.5,0.9550759912108888
2021-02-03,XLM/USD,LONG,0.15622016341851727,0.17548891621559853,0.019268752797081262,9.326509676225164
2021-02-03,XTZ/USD,LONG,0.34377983658148276,0.32451108378440147,-0.01926875279708129,1.1043817371976292
2021-02-17,LINK/USD,CLOSE,-0.5,0.0,0.5,
2021-02-17,GRT/USD,LONG,0.0,0.23785521238158622,0.23785521238158622,2.311335207028934
2021-02-17,XLM/USD,CLOSE,0.17548891621559853,0.0,-0.17548891621559853,0.5843427334742253
2021-02-17,EOS/USD,SHORT,0.0,-0.5,-0.5,-0.08517974206654522
2021-02-17,XTZ/USD,CLOSE,0.32451108378440147,0.0,-0.32451108378440147,0.3033722943875383
2021-02-17,ZRX/USD,LONG,0.0,0.26214478761841375,0.26214478761841375,3.3773324903941164
2021-03-03,GRT/USD,LONG,0.23785521238158622,0.24354852436061128,0.005693311979025062,3.956301409841
2021-03-03,EOS/USD,CLOSE,-0.5,0.0,0.5,0.40606366913699965
2021-03-03,BNT/USD,SHORT,0.0,-0.5,-0.5,-0.3390626068032665
2021-03-03,ZRX/USD,LONG,0.26214478761841375,0.2564514756393887,-0.005693311979025062,3.811274835193461
2021-03-17,ALGO/USD,SHORT,0.0,-0.5,-0.5,-0.43843218312277177
2021-03-17,GRT/USD,CLOSE,0.24354852436061128,0.0,-0.24354852436061128,0.5939079374085829
2021-03-17,XLM/USD,LONG,0.0,0.27514627203747244,0.27514627203747244,1.9727022929980658
2021-03-17,BNT/USD,CLOSE,-0.5,0.0,0.5,0.1549628098567024
2021-03-17,ZRX/USD,CLOSE,0.2564514756393887,0.0,-0.2564514756393887,-0.06642886888079813
2021-03-17,OXT/USD,LONG,0.0,0.22485372796252756,0.22485372796252756,1.1085152487442347
2021-03-31,GRT/USD,LONG,0.0,0.263302007625044,0.263302007625044,2.5563630739773586
2021-03-31,XLM/USD,CLOSE,0.27514627203747244,0.0,-0.27514627203747244,0.05292265942975849
2021-03-31,OXT/USD,LONG,0.22485372796252756,0.236697992374956,0.011844264412428446,1.633826570728579
2021-04-14,GRT/USD,LONG,0.263302007625044,0.24330037054913564,-0.02000163707590838,1.5876020206272097
2021-04-14,XLM/USD,LONG,0.0,0.25669962945086433,0.25669962945086433,2.458456814138441
2021-04-14,OXT/USD,CLOSE,0.236697992374956,0.0,-0.236697992374956,1.444453250047589
2021-04-28,ALGO/USD,CLOSE,-0.5,0.0,0.5,-0.17484917112783194
2021-04-28,GRT/USD,CLOSE,0.24330037054913564,0.0,-0.24330037054913564,-0.3508024444226341
2021-04-28,XLM/USD,LONG,0.25669962945086433,0.22532138082613642,-0.031378248624727906,0.7588365321176704
2021-04-28,EOS/USD,SHORT,0.0,-0.5,-0.5,-0.9800914436030257
2021-04-28,OXT/USD,LONG,0.0,0.2746786191738636,0.2746786191738636,0.9748091430064982
2021-05-12,ANKR/USD,SHORT,0.0,-0.5,-0.5,-0.772838175458372
2021-05-12,XLM/USD,LONG,0.22532138082613642,0.3207232826810497,0.09540190185491329,0.5899694598624627
2021-05-12,EOS/USD,LONG,-0.5,0.17927671731895023,0.6792767173189502,2.0722083935079576
2021-05-12,OXT/USD,CLOSE,0.2746786191738636,0.0,-0.2746786191738636,-0.6433525393686832
2021-05-26,EOS/USD,CLOSE,0.17927671731895023,0.0,-0.17927671731895023,1.2642572461033277
2021-05-26,CRV/USD,LONG,0.0,0.15078106429809893,0.15078106429809893,5.063658040226914
2021-05-26,ANKR/USD,CLOSE,-0.5,0.0,0.5,2.1042779856223195
2021-05-26,GRT/USD,LONG,0.0,0.18181405548994833,0.18181405548994833,5.75802310615817
2021-05-26,MANA/USD,SHORT,0.0,-0.2277227874002181,-0.2277227874002181,0.7021439500825313
2021-05-26,XLM/USD,CLOSE,0.3207232826810497,0.0,-0.3207232826810497,1.9933443453973867
2021-05-26,ADA/USD,SHORT,0.0,-0.2722772125997819,-0.2722772125997819,0.513297108708755
2021-05-26,ZRX/USD,LONG,0.0,0.16740488021195277,0.16740488021195277,3.175059928690678
2021-06-09,STORJ/USD,LONG,0.0,0.13281172194219162,0.13281172194219162,3.409778347161895
2021-06-09,CRV/USD,LONG,0.15078106429809893,0.10863449940665641,-0.042146564891442514,4.639953571587533
2021-06-09,GRT/USD,CLOSE,0.18181405548994833,0.0,-0.18181405548994833,2.866975160661072
2021-06-09,ADA/USD,SHORT,-0.2722772125997819,-0.17465916441946022,0.09761804818032166,0.2711957408364505
2021-06-09,OXT/USD,SHORT,0.0,-0.17294628705681678,-0.17294628705681678,1.0993231524531781
2021-06-09,MANA/USD,SHORT,-0.2277227874002181,-0.15239454852372303,0.07532823887649506,1.0519888340270542
2021-06-09,XTZ/USD,LONG,0.0,0.13021056430052871,0.13021056430052871,2.987537105870354
2021-06-09,ZRX/USD,LONG,0.16740488021195277,0.12834321435062318,-0.039061665861329586,3.598634199888348
2021-06-23,STORJ/USD,CLOSE,0.13281172194219162,0.0,-0.13281172194219162,1.6875751038988946
2021-06-23,ANKR/USD,LONG,0.0,0.1435188896416479,0.1435188896416479,5.4015889629324505
2021-06-23,CRV/USD,CLOSE,0.10863449940665641,0.0,-0.10863449940665641,0.9028376772232205
2021-06-23,GRT/USD,SHORT,0.0,-0.0015759221007994027,-0.0015759221007994027,0.21350276098931742
2021-06-23,XLM/USD,LONG,0.0,0.21122373675194214,0.21122373675194214,2.4367476114600617
2021-06-23,ADA/USD,CLOSE,-0.17465916441946022,0.0,0.17465916441946022,0.6544852163433603
2021-06-23,OXT/USD,CLOSE,-0.17294628705681678,0.0,0.17294628705681678,0.4472655109279069
2021-06-23,MANA/USD,LONG,-0.15239454852372303,0.14525737360640995,0.297651922130133,3.058177614047719
2021-06-23,XTZ/USD,CLOSE,0.13021056430052871,0.0,-0.13021056430052871,
2021-06-23,USDT/USD,SHORT,0.0,-0.49842407789920057,-0.49842407789920057,-0.1759491840016847
2021-06-23,ZRX/USD,CLOSE,0.12834321435062318,0.0,-0.12834321435062318,2.01923461720646
2021-07-07,ANKR/USD,LONG,0.1435188896416479,0.16782088503332918,0.024301995391681264,5.937443614832498
2021-07-07,GRT/USD,SHORT,-0.0015759221007994027,-0.0014508967727929131,0.00012502532800648955,1.129005919866815
2021-07-07,XLM/USD,CLOSE,0.21122373675194214,0.0,-0.21122373675194214,3.4615282367786904
2021-07-07,MANA/USD,LONG,0.14525737360640995,0.18209228619988924,0.03683491259347929,3.501491601832895
2021-07-07,USDT/USD,SHORT,-0.49842407789920057,-0.4985491032272071,-0.00012502532800651167,0.9534296331777274
2021-07-07,DOGE/USD,LONG,0.0,0.15008682876678156,0.15008682876678156,10.068303325115489
2021-07-21,ANKR/USD,LONG,0.16782088503332918,0.0008445101149483527,-0.16697637491838083,7.621268623724239
2021-07-21,GRT/USD,CLOSE,-0.0014508967727929131,0.0,0.0014508967727929131,0.42363903894354094
2021-07-21,OXT/USD,SHORT,0.0,-0.2888247026599534,-0.2888247026599534,-0.4277050259060049
2021-07-21,MANA/USD,SHORT,0.18209228619988924,-0.21117529734004656,-0.3932675835399358,-1.0610210816534642
2021-07-21,USDT/USD,LONG,-0.4985491032272071,0.49816157778997716,0.9967106810171842,1.0499319615942557
2021-07-21,DOGE/USD,LONG,0.15008682876678156,0.0009939120950745097,-0.14909291667170704,1.036383516493852
2021-08-04,STORJ/USD,SHORT,0.0,-0.29242075088395064,-0.29242075088395064,-0.43580853912902473
2021-08-04,ANKR/USD,CLOSE,0.0008445101149483527,0.0,-0.0008445101149483527,1.0136731415188507
2021-08-04,XLM/USD,LONG,0.0,0.17344345200104247,0.17344345200104247,4.18651278434773
2021-08-04,ADA/USD,LONG,0.0,0.21183816569476405,0.21183816569476405,2.110442046495181
2021-08-04,OXT/USD,LONG,-0.2888247026599534,0.11471838230419344,0.40354308496414687,1.4512633221493214
2021-08-04,MANA/USD,SHORT,-0.21117529734004656,-0.20757924911604933,0.003596048223997228,-0.5806162309933796
2021-08-04,USDT/USD,CLOSE,0.49816157778997716,0.0,-0.49816157778997716,-0.07428698407819745
2021-08-04,DOGE/USD,CLOSE,0.0009939120950745097,0.0,-0.0009939120950745097,0.7820320098880309
2021-08-18,STORJ/USD,SHORT,-0.29242075088395064,-0.24097114702884082,0.05144960385510983,-0.3115335609030496
2021-08-18,ALGO/USD,SHORT,0.0,-0.2590288529711592,-0.2590288529711592,-0.4206781297332136
2021-08-18,ANKR/USD,LONG,0.0,0.14974392991712587,0.14974392991712587,1.3571366155102993
2021-08-18,XLM/USD,CLOSE,0.17344345200104247,0.0,-0.17344345200104247,0.34990722223701276
2021-08-18,ADA/USD,CLOSE,0.21183816569476405,0.0,-0.21183816569476405,0.9197509947475835
2021-08-18,OXT/USD,CLOSE,0.11471838230419344,0.0,-0.11471838230419344,1.2966136934462185
2021-08-18,MANA/USD,CLOSE,-0.20757924911604933,0.0,0.20757924911604933,0.4056594143723182
2021-08-18,ZRX/USD,LONG,0.0,0.20662785385056243,0.20662785385056243,1.5246474542258142
2021-08-18,DOGE/USD,LONG,0.0,0.14362821623231167,0.14362821623231167,4.141230384806208
2021-09-01,STORJ/USD,CLOSE,-0.24097114702884082,0.0,0.24097114702884082,
2021-09-01,ALGO/USD,CLOSE,-0.2590288529711592,0.0,0.2590288529711592,-0.1357948761924468
2021-09-01,ANKR/USD,SHORT,0.14974392991712587,-0.27189109608588685,-0.4216350260030127,-0.7060734190897344
2021-09-01,XLM/USD,SHORT,0.0,-0.22810890391411315,-0.22810890391411315,-0.8658468990600223
2021-09-01,OXT/USD,LONG,0.0,0.14679917919270413,0.14679917919270413,0.6327835201713232
2021-09-01,ZRX/USD,LONG,0.20662785385056243,0.21502586739711635,0.008398013546553923,0.16090080901426917
2021-09-01,DOGE/USD,LONG,0.14362821623231167,0.1381749534101795,-0.005453262822132182,2.503970490434564
2021-09-15,ANKR/USD,LONG,-0.27189109608588685,0.17665810783694552,0.4485492039228324,5.073844036846753
2021-09-15,XLM/USD,LONG,-0.22810890391411315,0.16886042593381764,0.39696932984793076,4.671151165213574
2021-09-15,ADA/USD,SHORT,0.0,-0.001695821343588509,-0.001695821343588509,-0.2597535566809466
2021-09-15,OXT/USD,CLOSE,0.14679917919270413,0.0,-0.14679917919270413,2.847215739143137
2021-09-15,CHZ/USD,LONG,0.0,0.15448146622923684,0.15448146622923684,6.172248017484453
2021-09-15,USDT/USD,SHORT,0.0,-0.4983041786564115,-0.4983041786564115,-0.3153792680874079
2021-09-15,ZRX/USD,CLOSE,0.21502586739711635,0.0,-0.21502586739711635,4.344846122636079
2021-09-15,DOGE/USD,CLOSE,0.1381749534101795,0.0,-0.1381749534101795,2.4957365657663857
2021-09-29,CRV/USD,SHORT,0.0,-0.2525214039773271,-0.2525214039773271,-0.008949645783253857
2021-09-29,ANKR/USD,CLOSE,0.17665810783694552,0.0,-0.17665810783694552,3.195884777116622
2021-09-29,XLM/USD,LONG,0.16886042593381764,0.16420116514778987,-0.004659260786027769,4.020041727571027
2021-09-29,ADA/USD,CLOSE,-0.001695821343588509,0.0,0.001695821343588509,0.8184771191707472
2021-09-29,CHZ/USD,LONG,0.15448146622923684,0.14414159762492706,-0.010339868604309771,4.197178061114153
2021-09-29,XTZ/USD,SHORT,0.0,-0.2474785960226729,-0.2474785960226729,0.5549270932480406
2021-09-29,USDT/USD,CLOSE,-0.4983041786564115,0.0,0.4983041786564115,1.244124899606173
2021-09-29,DOGE/USD,LONG,0.0,0.1916572372272831,0.1916572372272831,3.2362874044849788
2021-10-13,ANKR/USD,LONG,0.0,0.1613503280448009,0.1613503280448009,1.1073717046709426
2021-10-13,CRV/USD,CLOSE,-0.2525214039773271,0.0,0.2525214039773271,0.36200965175053534
2021-10-13,XLM/USD,SHORT,0.16420116514778987,-0.309117929900177,-0.4733190950479669,-0.6090107081846905
2021-10-13,ADA/USD,LONG,0.0,0.20572932713944891,0.20572932713944891,2.0097515607969827
2021-10-13,CHZ/USD,CLOSE,0.14414159762492706,0.0,-0.14414159762492706,0.8562484020165329
2021-10-13,MANA/USD,LONG,0.0,0.13292034481575019,0.13292034481575019,1.3974700430259377
2021-10-13,XTZ/USD,SHORT,-0.2474785960226729,-0.19088207009982305,0.05659652592284983,-0.12595803316514376
2021-10-13,DOGE/USD,CLOSE,0.1916572372272831,0.0,-0.1916572372272831,0.6835903949749578
2021-10-27,CRV/USD,LONG,0.0,0.11096697003466471,0.11096697003466471,4.854749497669012
2021-10-27,ANKR/USD,CLOSE,0.1613503280448009,0.0,-0.1613503280448009,1.6230589667568154
2021-10-27,XLM/USD,SHORT,-0.309117929900177,-0.22218991852674977,0.08692801137342723,-0.07182732698077698
2021-10-27,ADA/USD,LONG,0.20572932713944891,0.2783764113238411,0.0726470841843922,3.313219180313208
2021-10-27,OXT/USD,LONG,0.0,0.11065661864149419,0.11065661864149419,3.4961632830434333
2021-10-27,MANA/USD,SHORT,0.13292034481575019,-0.2778100814732502,-0.41073042628900036,-0.2186263055644151
2021-10-27,XTZ/USD,CLOSE,-0.19088207009982305,0.0,0.19088207009982305,0.7953947939405919
2021-11-10,ALGO/USD,LONG,0.0,0.25360149548925087,0.25360149548925087,2.0216250990608486
2021-11-10,CRV/USD,CLOSE,0.11096697003466471,0.0,-0.11096697003466471,
2021-11-10,XLM/USD,SHORT,-0.22218991852674977,-0.5,-0.27781008147325026,0.19200841514899558
2021-11-10,ADA/USD,CLOSE,0.2783764113238411,0.0,-0.2783764113238411,
2021-11-10,OXT/USD,CLOSE,0.11065661864149419,0.0,-0.11065661864149419,0.40654710362831503
2021-11-10,MANA/USD,CLOSE,-0.2778100814732502,0.0,0.2778100814732502,
2021-11-10,ZRX/USD,LONG,0.0,0.24639850451074913,0.24639850451074913,1.3668656127406607
2021-11-24,ALGO/USD,LONG,0.25360149548925087,0.23981513447482294,-0.013786361014427928,0.3706439954864371
2021-11-24,XLM/USD,LONG,-0.5,0.260184865525177,0.7601848655251771,0.23878546806614276
2021-11-24,ZRX/USD,SHORT,0.24639850451074913,-0.5,-0.7463985045107491,-0.40800623279779735
2021-12-08,ALGO/USD,SHORT,0.23981513447482294,-0.5,-0.7398151344748229,-0.6046029917683895
2021-12-08,GRT/USD,LONG,0.0,0.23195191604233517,0.23195191604233517,1.0477700908911345
2021-12-08,XLM/USD,CLOSE,0.260184865525177,0.0,-0.260184865525177,-0.008641234394070274
2021-12-08,ZRX/USD,LONG,-0.5,0.2680480839576649,0.7680480839576649,0.04476609561423173
2021-12-22,ALGO/USD,CLOSE,-0.5,0.0,0.5,-0.11825935369647445
2021-12-22,GRT/USD,LONG,0.23195191604233517,0.21622221020313126,-0.01572970583920391,0.40243056145577105
2021-12-22,XLM/USD,SHORT,0.0,-0.5,-0.5,-0.13211688003137878
2021-12-22,ZRX/USD,LONG,0.2680480839576649,0.28377778979686874,0.015729705839203856,0.4767227606489146
2022-01-05,XLM/USD,CLOSE,-0.5,0.0,0.5,-0.3833289476981556
2022-01-05,GRT/USD,CLOSE,0.21622221020313126,0.0,-0.21622221020313126,-0.2337034468214294
2022-01-05,ZRX/USD,CLOSE,0.28377778979686874,0.0,-0.28377778979686874,
2022-01-05,OXT/USD,LONG,0.0,0.5,0.5,0.8525565792770982
2022-01-19,OXT/USD,CLOSE,0.5,0.0,-0.5,-0.737723966508852
2022-01-19,GRT/USD,LONG,0.0,0.5,0.5,0.3628173749584178
2022-02-02,POWR/USD,LONG,0.0,0.23144421760273018,0.23144421760273018,10.660477429158675
2022-02-02,ALGO/USD,SHORT,0.0,-0.5,-0.5,-1.0620277531468403
2022-02-02,GRT/USD,CLOSE,0.5,0.0,-0.5,-0.32623168982134887
2022-02-02,CRO/USD,LONG,0.0,0.26855578239726985,0.26855578239726985,1.4854750812965154
2022-02-16,POWR/USD,CLOSE,0.23144421760273018,0.0,-0.23144421760273018,
2022-02-16,ALGO/USD,CLOSE,-0.5,0.0,0.5,-0.28120006064987635
2022-02-16,GRT/USD,LONG,0.0,0.23540511413342657,0.23540511413342657,2.0521369060843577
2022-02-16,CRO/USD,LONG,0.26855578239726985,0.2645948858665734,-0.003960896530696423,2.03204906773043
2022-02-16,OXT/USD,SHORT,0.0,-0.5,-0.5,-0.6307777054034638
2022-03-02,GRT/USD,LONG,0.23540511413342657,0.21184568072663496,-0.02355943340679162,0.6982829103282979
2022-03-02,CRO/USD,LONG,0.2645948858665734,0.28815431927336504,0.02355943340679162,-0.4108411737596871
2022-03-16,GRT/USD,LONG,0.21184568072663496,0.20105323816181164,-0.010792442564823312,0.6019912637035394
2022-03-16,CRO/USD,LONG,0.28815431927336504,0.29894676183818836,0.010792442564823312,-0.13712793327960338
2022-03-30,ALGO/USD,LONG,0.0,0.2883912653442176,0.2883912653442176,0.7358440532251818
2022-03-30,GRT/USD,CLOSE,0.20105323816181164,0.0,-0.20105323816181164,0.4166878044998428
2022-03-30,CRO/USD,CLOSE,0.29894676183818836,0.0,-0.29894676183818836,-0.2395290204896825
2022-03-30,ZRX/USD,LONG,0.0,0.21160873465578237,0.21160873465578237,0.8203199095264635
2022-04-13,ALGO/USD,CLOSE,0.2883912653442176,0.0,-0.2883912653442176,-0.0714586445158032
2022-04-13,GRT/USD,SHORT,0.0,-0.5,-0.5,-0.3846309125780789
2022-04-13,CRO/USD,LONG,0.0,0.2569285294455744,0.2569285294455744,0.785055782237881
2022-04-13,XLM/USD,LONG,0.0,0.24307147055442554,0.24307147055442554,1.4025561144170844
2022-04-13,ZRX/USD,CLOSE,0.21160873465578237,0.0,-0.21160873465578237,0.3064319268446525
2022-04-13,OXT/USD,CLOSE,-0.5,0.0,0.5,0.11815363362095077
2022-04-27,ALGO/USD,SHORT,0.0,-0.5,-0.5,-1.0347309342137567
2022-04-27,CRO/USD,LONG,0.2569285294455744,0.38812250651412744,0.131193977068553,0.9076744660897798
2022-04-27,GRT/USD,CLOSE,-0.5,0.0,0.5,-0.3343461180635363
2022-04-27,XLM/USD,CLOSE,0.24307147055442554,0.0,-0.24307147055442554,0.30357768423066744
2022-04-27,ZRX/USD,LONG,0.0,0.11187749348587261,0.11187749348587261,6.355028582611707
2022-05-11,ALGO/USD,CLOSE,-0.5,0.0,0.5,1.9909032462783545
2022-05-11,CRO/USD,SHORT,0.38812250651412744,-0.5,-0.8881225065141274,1.0490664967014505
2022-05-11,GRT/USD,LONG,0.0,0.2598706217791613,0.2598706217791613,9.285406323277
2022-05-11,ZRX/USD,LONG,0.11187749348587261,0.24012937822083866,0.12825188473496604,4.895811602039987
2022-05-25,GRT/USD,LONG,0.2598706217791613,0.2139457104927004,-0.04592491128646092,4.322382077780313
2022-05-25,ZRX/USD,CLOSE,0.24012937822083866,0.0,-0.24012937822083866,0.11653786430722501
2022-05-25,OXT/USD,LONG,0.0,0.28605428950729966,0.28605428950729966,0.8655356245709651
2022-06-08,GRT/USD,LONG,0.2139457104927004,0.25026853426905815,0.03632282377635776,6.1602627890350785
2022-06-08,CRO/USD,CLOSE,-0.5,0.0,0.5,0.45903777603818474
2022-06-08,XLM/USD,SHORT,0.0,-0.5,-0.5,0.41794675408062876
2022-06-08,ROSE/USD,LONG,0.0,0.2497314657309419,0.2497314657309419,5.501143067076569
2022-06-08,OXT/USD,CLOSE,0.28605428950729966,0.0,-0.28605428950729966,2.2849301232867374
2022-06-22,CRO/USD,LONG,0.0,0.25606866010238144,0.25606866010238144,0.9901525157429609
2022-06-22,GRT/USD,CLOSE,0.25026853426905815,0.0,-0.25026853426905815,-0.45339742728481003
2022-06-22,XLM/USD,CLOSE,-0.5,0.0,0.5,-0.6456715192257101
2022-06-22,LINK/USD,SHORT,0.0,-0.5,-0.5,-0.901688666300624
2022-06-22,ROSE/USD,CLOSE,0.2497314657309419,0.0,-0.2497314657309419,-0.5706329163181234
2022-06-22,ZRX/USD,LONG,0.0,0.24393133989761862,0.24393133989761862,-0.21273573237300303
2022-07-06,CRO/USD,LONG,0.25606866010238144,0.24225800452840726,-0.013810655573974179,1.5834414501654335
2022-07-06,LINK/USD,CLOSE,-0.5,0.0,0.5,
2022-07-06,XTZ/USD,SHORT,0.0,-0.5,-0.5,-0.9019961765140514
2022-07-06,ZRX/USD,CLOSE,0.24393133989761862,0.0,-0.24393133989761862,-0.030069984216067436
2022-07-06,OXT/USD,LONG,0.0,0.2577419954715927,0.2577419954715927,0.07105351300638985
2022-07-20,ALGO/USD,SHORT,0.0,-0.5,-0.5,-1.0133064371839549
2022-07-20,CRO/USD,LONG,0.24225800452840726,0.29157908157740486,0.0493210770489976,-0.2423531282307514
2022-07-20,XTZ/USD,CLOSE,-0.5,0.0,0.5,
2022-07-20,ZRX/USD,LONG,0.0,0.20842091842259516,0.20842091842259516,-0.41482927690445504
2022-07-20,OXT/USD,CLOSE,0.2577419954715927,0.0,-0.2577419954715927,
2022-08-03,ALGO/USD,CLOSE,-0.5,0.0,0.5,-0.24783449829223692
2022-08-03,CRO/USD,LONG,0.29157908157740486,0.3271524248701144,0.03557334329270956,-0.08722826184939025
2022-08-03,XLM/USD,SHORT,0.0,-0.5,-0.5,-0.3158718099897375
2022-08-03,ROSE/USD,LONG,0.0,0.1728475751298856,0.1728475751298856,5.286730429779157
2022-08-03,ZRX/USD,CLOSE,0.20842091842259516,0.0,-0.20842091842259516,
2022-08-17,GRT/USD,SHORT,0.0,-0.5,-0.5,0.19045143442192902
2022-08-17,CRO/USD,LONG,0.3271524248701144,0.353980016193149,0.026827591323034583,0.5191179239223636
2022-08-17,XLM/USD,CLOSE,-0.5,0.0,0.5,0.24524193516625648
2022-08-17,ROSE/USD,LONG,0.1728475751298856,0.14601998380685102,-0.026827591323034583,3.320661563666965
2022-08-31,CRO/USD,LONG,0.353980016193149,0.3060312206734178,-0.04794879551973119,2.7045294450580313
2022-08-31,GRT/USD,CLOSE,-0.5,0.0,0.5,0.877553175479671
2022-08-31,XLM/USD,SHORT,0.0,-0.5,-0.5,-0.21256017918847014
2022-08-31,ROSE/USD,LONG,0.14601998380685102,0.19396877932658213,0.04794879551973111,3.27058322799624
2022-09-14,ALGO/USD,SHORT,0.0,-0.5,-0.5,0.08388720232056146
2022-09-14,CRO/USD,LONG,0.3060312206734178,0.22667769281139363,-0.07935352786202418,2.112112816835067
2022-09-14,XLM/USD,LONG,-0.5,0.2733223071886064,0.7733223071886064,1.3483852380882313
2022-09-14,ROSE/USD,CLOSE,0.19396877932658213,0.0,-0.19396877932658213,0.7067576768757085
2022-09-28,GRT/USD,LONG,0.0,0.2270064000716941,0.2270064000716941,2.084712604522724
2022-09-28,CRO/USD,LONG,0.22667769281139363,0.27299359992830585,0.04631590711691222,1.5781464464115897
2022-09-28,XLM/USD,CLOSE,0.2733223071886064,0.0,-0.2733223071886064,0.20328854528479212
2022-10-12,ALGO/USD,CLOSE,-0.5,0.0,0.5,0.37920374005435287
2022-10-12,GRT/USD,LONG,0.2270064000716941,0.2417651523739091,0.014758752302215017,4.22248008187882
2022-10-12,CRO/USD,LONG,0.27299359992830585,0.25823484762609084,-0.014758752302215017,2.7386309024598505
2022-10-12,XLM/USD,SHORT,0.0,-0.5,-0.5,-0.3586076602556263
2022-10-26,ALGO/USD,LONG,0.0,0.2705973532495477,0.2705973532495477,0.576829330777429
2022-10-26,GRT/USD,CLOSE,0.2417651523739091,0.0,-0.2417651523739091,-0.3629212111268747
2022-10-26,CRO/USD,CLOSE,0.25823484762609084,0.0,-0.25823484762609084,-0.05948824385339613
2022-10-26,XLM/USD,LONG,-0.5,0.22940264675045233,0.7294026467504523,0.7552231998647017
2022-10-26,ROSE/USD,SHORT,0.0,-0.5,-0.5,-1.0507279031415657
2022-11-09,ALGO/USD,CLOSE,0.2705973532495477,0.0,-0.2705973532495477,5.331361409262909
2022-11-09,GRT/USD,LONG,0.0,0.2415535446462312,0.2415535446462312,5.7468668949549215
2022-11-09,CRO/USD,LONG,0.0,0.2584464553537688,0.2584464553537688,6.938941157775785
2022-11-09,XLM/USD,CLOSE,0.22940264675045233,0.0,-0.22940264675045233,4.890086766290129
2022-11-09,ROSE/USD,CLOSE,-0.5,0.0,0.5,
2022-11-09,OXT/USD,SHORT,0.0,-0.5,-0.5,3.9220177752940604
2022-11-23,XLM/USD,LONG,0.0,0.5,0.5,3.2065811190339533
2022-11-23,CRO/USD,CLOSE,0.2584464553537688,0.0,-0.2584464553537688,1.2877576148515884
2022-11-23,OXT/USD,CLOSE,-0.5,0.0,0.5,
2022-11-23,GRT/USD,CLOSE,0.2415535446462312,0.0,-0.2415535446462312,2.7345219497457682
2022-12-07,XLM/USD,CLOSE,0.5,0.0,-0.5,3.8604285271586596
2022-12-07,GRT/USD,LONG,0.0,0.5,0.5,4.094769754271442
2022-12-21,XLM/USD,LONG,0.0,0.5,0.5,3.976388222166383
2022-12-21,GRT/USD,CLOSE,0.5,0.0,-0.5,2.747565083291689
2023-01-18,XLM/USD,CLOSE,0.5,0.0,-0.5,-0.14028112185732677
2023-01-18,CRO/USD,LONG,0.0,0.5,0.5,2.014918892780316
2023-02-01,ALGO/USD,LONG,0.0,0.5,0.5,1.6816992206347336
2023-02-01,CRO/USD,CLOSE,0.5,0.0,-0.5,1.2254327720727956
2023-02-15,XLM/USD,SHORT,0.0,-0.5,-0.5,-0.0882609441539346
2023-02-15,ALGO/USD,CLOSE,0.5,0.0,-0.5,0.44948319435450124
2023-02-15,OXT/USD,LONG,0.0,0.34468180973966284,0.34468180973966284,3.23757654865645
2023-02-15,GRT/USD,LONG,0.0,0.15531819026033722,0.15531819026033722,5.754132796597274
2023-03-01,CRO/USD,SHORT,0.0,-0.5,-0.5,0.12795594794906107
2023-03-01,GRT/USD,LONG,0.15531819026033722,0.16470657821226298,0.009388387951925758,5.793482142956357
2023-03-01,XLM/USD,CLOSE,-0.5,0.0,0.5,0.3554657829597927
2023-03-01,T/USD,LONG,0.0,0.3352934217877371,0.3352934217877371,1.1882283240248386
2023-03-01,OXT/USD,CLOSE,0.34468180973966284,0.0,-0.34468180973966284,
2023-03-15,GRT/USD,LONG,0.16470657821226298,0.247903332801841,0.08319675458957801,-0.15259081953423248
2023-03-15,T/USD,CLOSE,0.3352934217877371,0.0,-0.3352934217877371,-0.32418296892775933
2023-03-15,ZRX/USD,LONG,0.0,0.252096667198159,0.252096667198159,0.45496022446544426
2023-03-29,ALGO/USD,LONG,0.0,0.20176575822693105,0.20176575822693105,0.7554314999494638
2023-03-29,GRT/USD,CLOSE,0.247903332801841,0.0,-0.247903332801841,-0.3928417197048937
2023-03-29,XLM/USD,LONG,0.0,0.29823424177306895,0.29823424177306895,0.770605088582295
2023-03-29,ZRX/USD,CLOSE,0.252096667198159,0.0,-0.252096667198159,
2023-04-12,ALGO/USD,CLOSE,0.20176575822693105,0.0,-0.20176575822693105,2.130133049029584
2023-04-12,GRT/USD,SHORT,0.0,-0.5,-0.5,-0.8430122356333731
2023-04-12,T/USD,LONG,0.0,0.2986550248877615,0.2986550248877615,3.4307575175048335
2023-04-12,XLM/USD,CLOSE,0.29823424177306895,0.0,-0.29823424177306895,0.71850681794368
2023-04-12,CRO/USD,CLOSE,-0.5,0.0,0.5,-0.3546658088241186
2023-04-12,ZRX/USD,LONG,0.0,0.2013449751122385,0.2013449751122385,2.6225162713536108
2023-04-26,ALGO/USD,LONG,0.0,0.30291409794647217,0.30291409794647217,5.219283462152562
2023-04-26,T/USD,CLOSE,0.2986550248877615,0.0,-0.2986550248877615,2.032755083389982
2023-04-26,ZRX/USD,LONG,0.2013449751122385,0.1970859020535278,-0.004259073058710705,3.839543154716387
2023-05-10,XLM/USD,LONG,0.0,0.5,0.5,3.398014160694652
2023-05-10,ALGO/USD,CLOSE,0.30291409794647217,0.0,-0.30291409794647217,1.9713482231276176
2023-05-10,ZRX/USD,CLOSE,0.1970859020535278,0.0,-0.1970859020535278,
2023-05-10,GRT/USD,CLOSE,-0.5,0.0,0.5,0.17683289529123325
2023-06-07,XLM/USD,CLOSE,0.5,0.0,-0.5,1.9158687549093711
2023-06-07,ALGO/USD,LONG,0.0,0.5,0.5,2.1969001354868958
2023-07-05,XLM/USD,LONG,0.0,0.3279865764632022,0.3279865764632022,1.5552870303628303
2023-07-05,ALGO/USD,SHORT,0.5,-0.5,-1.0,0.41128210546501043
2023-07-05,T/USD,LONG,0.0,0.1720134235367978,0.1720134235367978,6.544810561957847
2023-07-19,ALGO/USD,CLOSE,-0.5,0.0,0.5,1.4381871290207755
2023-07-19,CRO/USD,SHORT,0.0,-0.5,-0.5,0.1690445771295943
2023-07-19,T/USD,LONG,0.1720134235367978,0.3150919219727267,0.14307849843592887,9.921167113930156
2023-07-19,XLM/USD,LONG,0.3279865764632022,0.18490807802727327,-0.1430784984359289,12.284718334560273
2023-08-02,XLM/USD,LONG,0.18490807802727327,0.5,0.31509192197272673,13.109765851238162
2023-08-02,CRO/USD,CLOSE,-0.5,0.0,0.5,1.404653383494865
2023-08-02,T/USD,CLOSE,0.3150919219727267,0.0,-0.3150919219727267,
2023-08-16,XLM/USD,LONG,0.5,0.3170938701143347,-0.1829061298856653,5.5317763963424085
2023-08-16,CRO/USD,SHORT,0.0,-0.5,-0.5,-0.09290258894530368
2023-08-16,OXT/USD,LONG,0.0,0.1829061298856653,0.1829061298856653,0.709872441814912
2023-08-30,GRT/USD,LONG,0.0,0.16802464728539682,0.16802464728539682,3.722360077606595
2023-08-30,CRO/USD,LONG,-0.5,0.33197535271460316,0.8319753527146032,2.038992281636542
2023-08-30,XLM/USD,CLOSE,0.3170938701143347,0.0,-0.3170938701143347,0.812368364587821
2023-08-30,OXT/USD,SHORT,0.1829061298856653,-0.5,-0.6829061298856653,0.04156282155603819
2023-09-13,GRT/USD,LONG,0.16802464728539682,0.3322914043890273,0.1642667571036305,1.2762072970914504
2023-09-13,CRO/USD,CLOSE,0.33197535271460316,0.0,-0.33197535271460316,0.33062900386157157
2023-09-13,XLM/USD,SHORT,0.0,-0.5,-0.5,0.07428554553291455
2023-09-13,OXT/USD,LONG,-0.5,0.16770859561097273,0.6677085956109727,1.4169054350172434
2023-09-27,ALGO/USD,SHORT,0.0,-0.5,-0.5,-1.053880019833666
2023-09-27,CRO/USD,LONG,0.0,0.41302559815320994,0.41302559815320994,1.4142409459353429
2023-09-27,GRT/USD,CLOSE,0.3322914043890273,0.0,-0.3322914043890273,-0.4355222337326037
2023-09-27,XLM/USD,CLOSE,-0.5,0.0,0.5,-0.10293601341325864
2023-09-27,OXT/USD,LONG,0.16770859561097273,0.08697440184679008,-0.08073419376418266,2.8759670099697026
2023-10-11,ALGO/USD,CLOSE,-0.5,0.0,0.5,-0.5229421058525956
2023-10-11,CRO/USD,CLOSE,0.41302559815320994,0.0,-0.41302559815320994,
2023-10-11,OXT/USD,LONG,0.08697440184679008,0.5,0.41302559815320994,3.071792117099199
2023-10-25,GRT/USD,LONG,0.0,0.17704506739666653,0.17704506739666653,1.800305269080397
2023-10-25,ALGO/USD,SHORT,0.0,-0.5,-0.5,-0.11613755589989205
2023-10-25,OXT/USD,CLOSE,0.5,0.0,-0.5,
2023-10-25,CRO/USD,LONG,0.0,0.32295493260333347,0.32295493260333347,1.7615701042126837
2023-11-08,ALGO/USD,CLOSE,-0.5,0.0,0.5,-0.8619618774410149
2023-11-08,CRO/USD,CLOSE,0.32295493260333347,0.0,-0.32295493260333347,0.9702167343376669
2023-11-08,GRT/USD,LONG,0.17704506739666653,0.5,0.32295493260333347,3.264700451669177
2023-11-22,XLM/USD,SHORT,0.0,-0.5,-0.5,-0.4596207817207012
2023-11-22,ZRX/USD,LONG,0.0,0.20946144106228667,0.20946144106228667,12.286090322859943
2023-11-22,GRT/USD,LONG,0.5,0.29053855893771335,-0.20946144106228665,1.068199235724034
2023-12-06,GRT/USD,LONG,0.29053855893771335,0.3181435713976169,0.027605012459903544,1.2201410853382137
2023-12-06,ZRX/USD,LONG,0.20946144106228667,0.18185642860238313,-0.027605012459903544,13.693764221739958
2023-12-20,GRT/USD,SHORT,0.3181435713976169,-0.5,-0.8181435713976168,1.085808323582298
2023-12-20,XLM/USD,LONG,-0.5,0.31267438666740827,0.8126743866674082,1.641747819345957
2023-12-20,ZRX/USD,CLOSE,0.18185642860238313,0.0,-0.18185642860238313,
2023-12-20,OXT/USD,LONG,0.0,0.1873256133325918,0.1873256133325918,1.9861675769763405
2024-01-03,ALGO/USD,SHORT,0.0,-0.5,-0.5,-0.10030770812658485
2024-01-03,CRO/USD,LONG,0.0,0.26793592017707335,0.26793592017707335,2.5388072812514686
2024-01-03,GRT/USD,CLOSE,-0.5,0.0,0.5,1.1987253082891884
2024-01-03,XLM/USD,CLOSE,0.31267438666740827,0.0,-0.31267438666740827,0.6221419806299564
2024-01-03,OXT/USD,LONG,0.1873256133325918,0.23206407982292665,0.04473846649033486,2.1374279982323
2024-01-17,ALGO/USD,CLOSE,-0.5,0.0,0.5,-0.25871685617266404
2024-01-17,OXT/USD,CLOSE,0.23206407982292665,0.0,-0.23206407982292665,0.1485678197958733
2024-01-17,CRO/USD,SHORT,0.26793592017707335,-0.5,-0.7679359201770734,-0.45138693921746453
2024-01-17,SUPER/USD,LONG,0.0,0.36929807118483426,0.36929807118483426,1.0421389445270561
2024-01-17,POWR/USD,LONG,0.0,0.13070192881516568,0.13070192881516568,8.03219759043628
2024-01-31,GRT/USD,SHORT,0.0,-0.5,-0.5,-0.9053003162745021
2024-01-31,CRO/USD,CLOSE,-0.5,0.0,0.5,-0.6502769932050563
2024-01-31,BONK/USD,LONG,0.0,0.3400226458676411,0.3400226458676411,-0.052988260880614924
2024-01-31,SUPER/USD,CLOSE,0.36929807118483426,0.0,-0.36929807118483426,
2024-01-31,POWR/USD,LONG,0.13070192881516568,0.15997735413235886,0.029275425317193182,7.882570294337517
2024-02-14,ALGO/USD,SHORT,0.0,-0.5,-0.5,-0.6827961946047831
2024-02-14,GRT/USD,LONG,-0.5,0.32305502509563455,0.8230550250956346,0.1006017628855771
2024-02-14,BONK/USD,LONG,0.3400226458676411,0.17694497490436548,-0.1630776709632756,0.5364674803601899
2024-02-14,POWR/USD,CLOSE,0.15997735413235886,0.0,-0.15997735413235886,
2024-02-28,GRT/USD,CLOSE,0.32305502509563455,0.0,-0.32305502509563455,0.23944631339111577
2024-02-28,BONK/USD,LONG,0.17694497490436548,0.24295825542512886,0.06601328052076338,1.4699767152396959
2024-02-28,SUPER/USD,LONG,0.0,0.2570417445748711,0.2570417445748711,0.3600463478526921
2024-03-13,GRT/USD,LONG,0.0,0.262541427142368,0.262541427142368,2.655536600106994
2024-03-13,BONK/USD,CLOSE,0.24295825542512886,0.0,-0.24295825542512886,0.6504068278035926
2024-03-13,SUPER/USD,CLOSE,0.2570417445748711,0.0,-0.2570417445748711,-0.16976949353115778
2024-03-13,ZRX/USD,LONG,0.0,0.23745857285763206,0.23745857285763206,3.8895752350412414
2024-03-27,ALGO/USD,CLOSE,-0.5,0.0,0.5,-0.6720004452861508
2024-03-27,CVC/USD,LONG,0.0,0.2726864224819074,0.2726864224819074,2.6982541821399035
2024-03-27,GRT/USD,CLOSE,0.262541427142368,0.0,-0.262541427142368,2.364058160270825
2024-03-27,SUPER/USD,SHORT,0.0,-0.5,-0.5,-0.8950195337257325
2024-03-27,ZRX/USD,LONG,0.23745857285763206,0.2273135775180926,-0.010144995339539442,2.5650711704377365
2024-04-10,CVC/USD,LONG,0.2726864224819074,0.2500978361448065,-0.02258858633710087,2.7145230345794014
2024-04-10,BONK/USD,SHORT,0.0,-0.5,-0.5,-1.025666845027651
2024-04-10,SUPER/USD,CLOSE,-0.5,0.0,0.5,
2024-04-10,ZRX/USD,LONG,0.2273135775180926,0.24990216385519348,0.02258858633710087,2.064626500282019
2024-04-24,CRO/USD,SHORT,0.0,-0.5,-0.5,-0.1314240726965319
2024-04-24,CVC/USD,CLOSE,0.2500978361448065,0.0,-0.2500978361448065,0.44081147359052375
2024-04-24,BONK/USD,LONG,-0.5,0.139677563556276,0.639677563556276,1.3944840928545084
2024-04-24,XLM/USD,LONG,0.0,0.360322436443724,0.360322436443724,1.6550801039487837
2024-04-24,ZRX/USD,CLOSE,0.24990216385519348,0.0,-0.24990216385519348,0.13060548875710598
2024-05-08,BONK/USD,LONG,0.139677563556276,0.1309563605698577,-0.008721202986418292,1.5844332514313608
2024-05-08,XLM/USD,LONG,0.360322436443724,0.36904363943014223,0.008721202986418208,3.4174393331086517
2024-05-22,BONK/USD,LONG,0.1309563605698577,0.11320101688658839,-0.017755343683269323,0.7186514144386322
2024-05-22,XLM/USD,LONG,0.36904363943014223,0.3867989831134116,0.017755343683269365,2.289695424663817
2024-06-05,ALGO/USD,SHORT,0.0,-0.5,-0.5,-0.20788374185704006
2024-06-05,GRT/USD,LONG,0.0,0.14585919668125097,0.14585919668125097,1.871425427060271
2024-06-05,BONK/USD,CLOSE,0.11320101688658839,0.0,-0.11320101688658839,0.5402279985676843
2024-06-05,XLM/USD,LONG,0.3867989831134116,0.35414080331874903,-0.03265817979466257,2.985031674474059
2024-06-05,CRO/USD,CLOSE,-0.5,0.0,0.5,0.5179431157077428
2024-06-19,GRT/USD,LONG,0.14585919668125097,0.18927386811307112,0.04341467143182015,0.3040584433118756
2024-06-19,CRO/USD,LONG,0.0,0.3107261318869289,0.3107261318869289,1.8819612406563344
2024-06-19,XLM/USD,CLOSE,0.35414080331874903,0.0,-0.35414080331874903,0.27223267720108124
2024-07-03,CRO/USD,LONG,0.3107261318869289,0.23713533576286328,-0.0735907961240656,1.1342893027331415
2024-07-03,GRT/USD,CLOSE,0.18927386811307112,0.0,-0.18927386811307112,-0.3189769439663066
2024-07-03,XLM/USD,LONG,0.0,0.2628646642371368,0.2628646642371368,-0.26939401300734556
2024-07-17,ALGO/USD,CLOSE,-0.5,0.0,0.5,-0.01552647803466023
2024-07-17,CRO/USD,LONG,0.23713533576286328,0.2905847290234184,0.053449393260555145,0.23735287084795553
2024-07-17,BONK/USD,SHORT,0.0,-0.5,-0.5,-1.0946475112398248
2024-07-17,XLM/USD,LONG,0.2628646642371368,0.20941527097658158,-0.0534493932605552,2.1997155345612587
2024-07-31,XLM/USD,LONG,0.20941527097658158,0.5,0.2905847290234184,1.8827079608222386
2024-07-31,CRO/USD,CLOSE,0.2905847290234184,0.0,-0.2905847290234184,
2024-07-31,BONK/USD,CLOSE,-0.5,0.0,0.5,-0.543913045570477
2024-08-14,BONK/USD,SHORT,0.0,-0.5,-0.5,0.2217819032093189
2024-08-14,XLM/USD,CLOSE,0.5,0.0,-0.5,1.3572857094846968
2024-08-14,ALGO/USD,LONG,0.0,0.2512893756568178,0.2512893756568178,2.146316800664506
2024-08-14,CRO/USD,LONG,0.0,0.24871062434318217,0.24871062434318217,1.5089559331189468
2024-08-28,ALGO/USD,CLOSE,0.2512893756568178,0.0,-0.2512893756568178,0.4477064862640825
2024-08-28,CRO/USD,LONG,0.24871062434318217,0.2222426507014268,-0.026467973641755377,0.9604170841157944
2024-08-28,XLM/USD,LONG,0.0,0.2777573492985732,0.2777573492985732,1.4050864080352952
2024-09-11,XLM/USD,CLOSE,0.2777573492985732,0.0,-0.2777573492985732,-0.6612486192787754
2024-09-11,CRO/USD,CLOSE,0.2222426507014268,0.0,-0.2222426507014268,
2024-09-11,GRT/USD,LONG,0.0,0.5,0.5,-0.4321324415143648
2024-09-11,BONK/USD,CLOSE,-0.5,0.0,0.5,-0.4885784288428585
2024-09-25,XLM/USD,LONG,0.0,0.5,0.5,-0.41097320863694575
2024-09-25,GRT/USD,CLOSE,0.5,0.0,-0.5,-1.1606611835681095
2024-10-09,XLM/USD,LONG,0.5,0.4084921364415286,-0.0915078635584714,0.22704577757053146
2024-10-09,GRT/USD,SHORT,0.0,-0.5,-0.5,-0.5549666806564817
2024-10-09,CVC/USD,LONG,0.0,0.09150786355847136,0.09150786355847136,7.547688637362429
2024-10-23,CVC/USD,LONG,0.09150786355847136,0.09421016245610547,0.0027022988976341117,8.85899870547418
2024-10-23,BONK/USD,SHORT,0.0,-0.5,-0.5,-0.8478164617800155
2024-10-23,XLM/USD,LONG,0.4084921364415286,0.4057898375438945,-0.00270229889763407,0.24115559894863337
2024-10-23,GRT/USD,CLOSE,-0.5,0.0,0.5,-0.4651124842902221
2024-11-06,CRO/USD,LONG,0.0,0.30496238744654297,0.30496238744654297,11.761894380904947
2024-11-06,CVC/USD,CLOSE,0.09421016245610547,0.0,-0.09421016245610547,
2024-11-06,BONK/USD,LONG,-0.5,0.19503761255345695,0.695037612553457,0.5035494983774633
2024-11-06,XLM/USD,SHORT,0.4057898375438945,-0.5,-0.9057898375438945,-0.551750667088112
2024-11-20,GRT/USD,SHORT,0.0,-0.5,-0.5,-0.7693191329748954
2024-11-20,CRO/USD,LONG,0.30496238744654297,0.21847447063663133,-0.08648791680991164,7.617977190185515
2024-11-20,XLM/USD,LONG,-0.5,0.2815255293633687,0.7815255293633687,8.149514158734249
2024-11-20,BONK/USD,CLOSE,0.19503761255345695,0.0,-0.19503761255345695,2.5961549306287015
2024-12-04,CRO/USD,LONG,0.21847447063663133,0.198452437753669,-0.020022032882962337,6.385950723538691
2024-12-04,XLM/USD,CLOSE,0.2815255293633687,0.0,-0.2815255293633687,2.136412828618246
2024-12-04,OXT/USD,LONG,0.0,0.301547562246331,0.301547562246331,8.29633493780275
2024-12-18,LDO/USD,SHORT,0.0,-0.2341066113287005,-0.2341066113287005,-0.12115304445529951
2024-12-18,GRT/USD,LONG,-0.5,0.22777099985565538,0.7277709998556554,2.0299236028534393
2024-12-18,BONK/USD,SHORT,0.0,-0.26589338867129947,-0.26589338867129947,-0.2409777226006744
2024-12-18,XLM/USD,LONG,0.0,0.12447112241365484,0.12447112241365484,5.15358963780254
2024-12-18,CRO/USD,CLOSE,0.198452437753669,0.0,-0.198452437753669,0.3291705253315307
2024-12-18,OXT/USD,LONG,0.301547562246331,0.14775787773068977,-0.15378968451564123,5.511919726998579
2025-01-01,CVC/USD,SHORT,0.0,-0.5,-0.5,-0.6045129390125203
2025-01-01,GRT/USD,CLOSE,0.22777099985565538,0.0,-0.22777099985565538,1.2867963738784187
2025-01-01,XLM/USD,LONG,0.12447112241365484,0.2309615835904315,0.10649046117677667,4.687934463116072
2025-01-01,OXT/USD,CLOSE,0.14775787773068977,0.0,-0.14775787773068977,1.004522492652212
2025-01-01,LDO/USD,CLOSE,-0.2341066113287005,0.0,0.2341066113287005,
2025-01-01,BONK/USD,CLOSE,-0.26589338867129947,0.0,0.26589338867129947,0.17841792064213946
2025-01-01,XTZ/USD,LONG,0.0,0.2690384164095685,0.2690384164095685,1.4858769294393905
2025-01-15,GRT/USD,SHORT,0.0,-0.5,-0.5,-0.5726307478783603
2025-01-15,CRO/USD,LONG,0.0,0.2926387020955335,0.2926387020955335,0.7213160801927092
2025-01-15,XLM/USD,LONG,0.2309615835904315,0.20736129790446656,-0.02360028568596495,3.2619506589269633
2025-01-15,XTZ/USD,CLOSE,0.2690384164095685,0.0,-0.2690384164095685,
2025-01-15,CVC/USD,CLOSE,-0.5,0.0,0.5,-0.1564297843960616
2025-01-29,ALGO/USD,LONG,0.0,0.17833406649701897,0.17833406649701897,0.4486519339943058
2025-01-29,GIGA/USD,SHORT,0.0,-0.22159426112921798,-0.22159426112921798,-0.7794275697725399
2025-01-29,TURBO/USD,LONG,0.0,0.1476076601227779,0.1476076601227779,1.2173324695124421
2025-01-29,XLM/USD,LONG,0.20736129790446656,0.17405827338020313,-0.033303024524263425,4.900298513293857
2025-01-29,GRT/USD,CLOSE,-0.5,0.0,0.5,-0.3253200743688285
2025-01-29,PEPE/USD,SHORT,0.0,-0.278405738870782,-0.278405738870782,-0.501246488859548
2025-01-29,CRO/USD,CLOSE,0.2926387020955335,0.0,-0.2926387020955335,0.23685127660743666
2025-02-12,ALGO/USD,LONG,0.17833406649701897,0.15793415428579685,-0.020399912211222115,0.8809110582334689
2025-02-12,GIGA/USD,LONG,-0.22159426112921798,0.09156747492614763,0.3131617360553656,0.8239435723799997
2025-02-12,XLM/USD,CLOSE,0.17405827338020313,0.0,-0.17405827338020313,0.821369055235952
2025-02-12,LDO/USD,SHORT,0.0,-0.2416126543216566,-0.2416126543216566,-1.1179666657965976
2025-02-12,CRO/USD,LONG,0.0,0.2504983707880555,0.2504983707880555,1.1374489100603906
2025-02-12,TURBO/USD,CLOSE,0.1476076601227779,0.0,-0.1476076601227779,0.12935399056665764
2025-02-12,PEPE/USD,SHORT,-0.278405738870782,-0.2583873456783434,0.02001839319243859,-0.8685298923323663
2025-02-26,ALGO/USD,CLOSE,0.15793415428579685,0.0,-0.15793415428579685,0.35939083801372007
2025-02-26,MOG/USD,SHORT,0.0,-0.21631138654138715,-0.21631138654138715,-0.7920402578133765
2025-02-26,GIGA/USD,CLOSE,0.09156747492614763,0.0,-0.09156747492614763,0.3639442826289181
2025-02-26,PNUT/USD,LONG,0.0,0.07938766834474366,0.07938766834474366,1.8639637716205195
2025-02-26,LDO/USD,CLOSE,-0.2416126543216566,0.0,0.2416126543216566,
2025-02-26,CRO/USD,LONG,0.2504983707880555,0.28404108497331887,0.03354271418526339,1.1500722511740316
2025-02-26,WIF/USD,LONG,0.0,0.13657124668193749,0.13657124668193749,1.2767130637599893
2025-02-26,PEPE/USD,SHORT,-0.2583873456783434,-0.28368861345861285,-0.02530126778026942,-0.5816042732225739
2025-03-12,ALGO/USD,LONG,0.0,0.16664845756525132,0.16664845756525132,1.6956733073460608
2025-03-12,MOG/USD,SHORT,-0.21631138654138715,-0.17380007352882051,0.04251131301256664,-0.16282498271413948
2025-03-12,XLM/USD,LONG,0.0,0.18496870002746207,0.18496870002746207,1.9054566546352527
2025-03-12,PNUT/USD,CLOSE,0.07938766834474366,0.0,-0.07938766834474366,1.2734632629134035
2025-03-12,CRO/USD,SHORT,0.28404108497331887,-0.32619992647117946,-0.6102410114444983,-0.05623588675044555
2025-03-12,WIF/USD,CLOSE,0.13657124668193749,0.0,-0.13657124668193749,0.9134428320463504
2025-03-12,BONK/USD,LONG,0.0,0.14838284240728664,0.14838284240728664,1.923808561928337
2025-03-12,PEPE/USD,CLOSE,-0.28368861345861285,0.0,0.28368861345861285,0.6926851632412085
2025-03-26,ALGO/USD,CLOSE,0.16664845756525132,0.0,-0.16664845756525132,2.3303824681949825
2025-03-26,MOG/USD,CLOSE,-0.17380007352882051,0.0,0.17380007352882051,1.242712947393727
2025-03-26,POPCAT/USD,SHORT,0.0,-0.19307012026633225,-0.19307012026633225,-0.04904825966501791
2025-03-26,XLM/USD,LONG,0.18496870002746207,0.18141607377762967,-0.003552626249832408,2.883561735028546
2025-03-26,CRO/USD,SHORT,-0.32619992647117946,-0.30692987973366775,0.019270046737511703,-0.17348670755084683
2025-03-26,BONK/USD,LONG,0.14838284240728664,0.14034304845085657,-0.008039793956430064,2.7204888008662556
2025-03-26,FLOKI/USD,LONG,0.0,0.1782408777715137,0.1782408777715137,2.824802010327563
2025-04-09,ALGO/USD,LONG,0.0,0.13305025110891427,0.13305025110891427,0.8062425810005012
2025-04-09,PENGU/USD,SHORT,0.0,-0.15680120071918938,-0.15680120071918938,-0.5887191967185403
2025-04-09,POPCAT/USD,LONG,-0.19307012026633225,0.07633110417078467,0.2694012244371169,2.0707012810928624
2025-04-09,XLM/USD,LONG,0.18141607377762967,0.1770782257537839,-0.004337848023845764,0.5373285376126562
2025-04-09,TURBO/USD,LONG,0.0,0.11354041896651716,0.11354041896651716,0.6381885366093583
2025-04-09,CRO/USD,CLOSE,-0.30692987973366775,0.0,0.30692987973366775,0.2794277485241281
2025-04-09,BONK/USD,SHORT,0.14034304845085657,-0.17128659597952725,-0.3116296444303838,-0.14059261346677898
2025-04-09,PEPE/USD,SHORT,0.0,-0.17191220330128335,-0.17191220330128335,-0.9605704040567828
2025-04-09,FLOKI/USD,CLOSE,0.1782408777715137,0.0,-0.1782408777715137,0.39018551889193587
2025-04-23,PENGU/USD,LONG,-0.15680120071918938,0.10100160645823959,0.257802807177429,3.4913491706805946
2025-04-23,ALGO/USD,CLOSE,0.13305025110891427,0.0,-0.13305025110891427,0.8724803120488018
2025-04-23,POPCAT/USD,CLOSE,0.07633110417078467,0.0,-0.07633110417078467,0.0586032068552802
2025-04-23,GIGA/USD,SHORT,0.0,-0.11086299467481554,-0.11086299467481554,-0.5722810536298648
2025-04-23,MAGIC/USD,LONG,0.0,0.06577530200046051,0.06577530200046051,5.008868495643256
2025-04-23,XLM/USD,LONG,0.1770782257537839,0.2509054772353016,0.0738272514815177,1.0511693116577634
2025-04-23,PNUT/USD,SHORT,0.0,-0.1869093127433672,-0.1869093127433672,-0.49573365009876014
2025-04-23,TURBO/USD,LONG,0.11354041896651716,0.08231761430599834,-0.031222804660518827,3.2937056480005165
2025-04-23,BONK/USD,CLOSE,-0.17128659597952725,0.0,0.17128659597952725,0.34131276451143355
2025-04-23,PEPE/USD,SHORT,-0.17191220330128335,-0.20222769258181722,-0.030315489280533875,-0.1408781865164639
2025-05-07,ALGO/USD,LONG,0.0,0.14212854902155675,0.14212854902155675,2.3392217561244744
2025-05-07,MOG/USD,SHORT,0.0,-0.12217163773368471,-0.12217163773368471,-0.49054589001062343
2025-05-07,PENGU/USD,CLOSE,0.10100160645823959,0.0,-0.10100160645823959,0.7548765462250948
2025-05-07,MAGIC/USD,LONG,0.06577530200046051,0.04457228440709139,-0.021203017593369122,5.520716757057672
2025-05-07,XLM/USD,CLOSE,0.2509054772353016,0.0,-0.2509054772353016,0.5427261517501618
2025-05-07,GIGA/USD,CLOSE,-0.11086299467481554,0.0,0.11086299467481554,0.6528631526011619
2025-05-07,PNUT/USD,SHORT,-0.1869093127433672,-0.1889058214510304,-0.0019965087076632138,-0.8632039075307207
2025-05-07,CRO/USD,LONG,0.0,0.17782270336010922,0.17782270336010922,2.432292627589746
2025-05-07,TURBO/USD,CLOSE,0.08231761430599834,0.0,-0.08231761430599834,1.6817133932327728
2025-05-07,PEPE/USD,LONG,-0.20222769258181722,0.13547646321124257,0.3377041557930598,2.072402733827035
2025-05-07,FLOKI/USD,SHORT,0.0,-0.1889225408152848,-0.1889225408152848,-0.5170861084457079
2025-05-21,PYTH/USD,LONG,0.0,0.16737624708641263,0.16737624708641263,3.7738021040584933
2025-05-21,ALGO/USD,CLOSE,0.14212854902155675,0.0,-0.14212854902155675,0.4844457611639825
2025-05-21,MOG/USD,SHORT,-0.12217163773368471,-0.12633134288920408,-0.004159705155519375,-0.6644926804053846
2025-05-21,GRT/USD,SHORT,0.0,-0.21233222667793422,-0.21233222667793422,-0.8228737997472781
2025-05-21,MAGIC/USD,CLOSE,0.04457228440709139,0.0,-0.04457228440709139,0.048767037099759936
2025-05-21,PNUT/USD,LONG,-0.1889058214510304,0.08127863704108843,0.2701844584921188,4.823358626320791
2025-05-21,TURBO/USD,LONG,0.0,0.09553043520812016,0.09553043520812016,2.5197893589088176
2025-05-21,CRO/USD,CLOSE,0.17782270336010922,0.0,-0.17782270336010922,2.4116438965342395
2025-05-21,PEPE/USD,LONG,0.13547646321124257,0.15581468066437887,0.020338217453136298,4.868266099089652
2025-05-21,FLOKI/USD,SHORT,-0.1889225408152848,-0.16133643043286172,0.02758611038242309,-0.7582193559809869
2025-06-04,PYTH/USD,LONG,0.16737624708641263,0.14265378868201573,-0.024722458404396908,3.9278581745502708
2025-06-04,MOG/USD,SHORT,-0.12633134288920408,-0.11652266993554006,0.009808672953664027,-0.10862537784011472
2025-06-04,POPCAT/USD,SHORT,0.0,-0.1541567533031649,-0.1541567533031649,-0.8668411247213665
2025-06-04,GRT/USD,CLOSE,-0.21233222667793422,0.0,0.21233222667793422,-0.050484585381410874
2025-06-04,RSR/USD,LONG,0.0,0.16833476764548008,0.16833476764548008,2.987826122681266
2025-06-04,ATH/USD,SHORT,0.0,-0.229320576761295,-0.229320576761295,-0.4490452745499094
2025-06-04,PNUT/USD,LONG,0.08127863704108843,0.06771666192524779,-0.013561975115840633,4.883344901389952
2025-06-04,TURBO/USD,CLOSE,0.09553043520812016,0.0,-0.09553043520812016,1.5725349852829469
2025-06-04,PEPE/USD,LONG,0.15581468066437887,0.1212947817472564,-0.03451989891712247,3.3097420798088857
2025-06-04,FLOKI/USD,CLOSE,-0.16133643043286172,0.0,0.16133643043286172,0.47596017852424355
2025-06-18,PYTH/USD,SHORT,0.14265378868201573,-0.18845314966555798,-0.3311069383475737,-0.6331213049511089
2025-06-18,PENGU/USD,SHORT,0.0,-0.13162773628110105,-0.13162773628110105,-0.7435547613757025
2025-06-18,MOG/USD,LONG,-0.11652266993554006,0.10959087880729321,0.22611354874283326,1.6717572217836505
2025-06-18,POPCAT/USD,CLOSE,-0.1541567533031649,0.0,0.1541567533031649,-0.3601752312556932
2025-06-18,GIGA/USD,LONG,0.0,0.10857769149647153,0.10857769149647153,3.083747987648578
2025-06-18,RSR/USD,SHORT,0.16833476764548008,-0.17991911405334093,-0.348253881698821,-0.4570836545193995
2025-06-18,ATH/USD,CLOSE,-0.229320576761295,0.0,0.229320576761295,-0.05560741172931705
2025-06-18,PNUT/USD,LONG,0.06771666192524779,0.12698071124319985,0.05926404931795205,0.6433159940908428
2025-06-18,TURBO/USD,LONG,0.0,0.15485071845303536,0.15485071845303536,1.2567135604103674
2025-06-18,PEPE/USD,CLOSE,0.1212947817472564,0.0,-0.1212947817472564,0.5961862179899762
2025-07-02,PYTH/USD,SHORT,-0.18845314966555798,-0.15502616426186477,0.03342698540369321,-0.7964101974087026
2025-07-02,ALGO/USD,LONG,0.0,0.13659670054494988,0.13659670054494988,0.696252754142686
2025-07-02,MOG/USD,LONG,0.10959087880729321,0.06522595405258744,-0.04436492475470577,1.095233650240944
2025-07-02,PENGU/USD,LONG,-0.13162773628110105,0.07024034751630986,0.20186808379741092,1.2765641989240732
2025-07-02,GIGA/USD,CLOSE,0.10857769149647153,0.0,-0.10857769149647153,-0.026011549526017586
2025-07-02,ATH/USD,SHORT,0.0,-0.19224206174088806,-0.19224206174088806,-1.1283894394722693
2025-07-02,RSR/USD,CLOSE,-0.17991911405334093,0.0,0.17991911405334093,0.3573606766104511
2025-07-02,PNUT/USD,CLOSE,0.12698071124319985,0.0,-0.12698071124319985,-0.6137288209852048
2025-07-02,CRO/USD,LONG,0.0,0.2279369978861528,0.2279369978861528,0.5619039695430672
2025-07-02,TURBO/USD,CLOSE,0.15485071845303536,0.0,-0.15485071845303536,0.048905956344678536
2025-07-02,PEPE/USD,SHORT,0.0,-0.15273177399724716,-0.15273177399724716,-0.624130016090664
2025-07-16,PYTH/USD,SHORT,-0.15502616426186477,-0.1595294257773783,-0.004503261515513529,-0.7149573155363753
2025-07-16,ALGO/USD,LONG,0.13659670054494988,0.14450179880090738,0.007905098255957504,2.398504027281242
2025-07-16,MOG/USD,CLOSE,0.06522595405258744,0.0,-0.06522595405258744,-0.4063454913836031
2025-07-16,PENGU/USD,CLOSE,0.07024034751630986,0.0,-0.07024034751630986,0.004408742863694748
2025-07-16,MAGIC/USD,LONG,0.0,0.09084524308420418,0.09084524308420418,5.45775349865824
2025-07-16,ATH/USD,SHORT,-0.19224206174088806,-0.1858308595406841,0.006411202200203969,-1.1200230301866614
2025-07-16,TURBO/USD,LONG,0.0,0.09236590246715025,0.09236590246715025,3.6140330847939888
2025-07-16,CRO/USD,LONG,0.2279369978861528,0.1722870556477382,-0.0556499422384146,7.842331333339276
2025-07-16,PEPE/USD,SHORT,-0.15273177399724716,-0.15463971468193757,-0.0019079406846904123,-0.685988357284145
2025-07-30,PYTH/USD,CLOSE,-0.1595294257773783,0.0,0.1595294257773783,0.39878015734261973
2025-07-30,ALGO/USD,LONG,0.14450179880090738,0.10872504366070812,-0.03577675514019926,1.3088300492656497
2025-07-30,MOG/USD,SHORT,0.0,-0.10595960514018826,-0.10595960514018826,-0.23564467200808226
2025-07-30,MAGIC/USD,LONG,0.09084524308420418,0.07838714219530361,-0.012458100888900564,5.846655547853079
2025-07-30,RSR/USD,SHORT,0.0,-0.16503364417947372,-0.16503364417947372,-0.6203778624765603
2025-07-30,ATH/USD,CLOSE,-0.1858308595406841,0.0,0.1858308595406841,0.023642572528248085
2025-07-30,FARTCOIN/USD,SHORT,0.0,-0.10776857046168284,-0.10776857046168284,-0.015507530307950379
2025-07-30,TURBO/USD,LONG,0.09236590246715025,0.08308644015942085,-0.0092794623077294,5.322687885709797
2025-07-30,CRO/USD,LONG,0.1722870556477382,0.1462937900083573,-0.025993265639380897,4.9912796778046085
2025-07-30,WIF/USD,SHORT,0.0,-0.12123818021865514,-0.12123818021865514,-0.5677906318801131
2025-07-30,PEPE/USD,CLOSE,-0.15463971468193757,0.0,0.15463971468193757,0.42452358930314205
2025-07-30,FLOKI/USD,LONG,0.0,0.08350758397621012,0.08350758397621012,2.1006794980760937
2025-08-13,ALGO/USD,CLOSE,0.10872504366070812,0.0,-0.10872504366070812,-0.031239145950946234
2025-08-13,MOG/USD,CLOSE,-0.10595960514018826,0.0,0.10595960514018826,-0.25392153329527334
2025-08-13,POPCAT/USD,LONG,0.0,0.11098685964158873,0.11098685964158873,0.6330226510681105
2025-08-13,MAGIC/USD,LONG,0.07838714219530361,0.07580323716729864,-0.002583905028004971,4.224264923896983
2025-08-13,GIGA/USD,SHORT,0.0,-0.11455435487410423,-0.11455435487410423,-0.625485945503772
2025-08-13,RSR/USD,SHORT,-0.16503364417947372,-0.12687816614803346,0.03815547803144026,-0.7081510258899208
2025-08-13,FARTCOIN/USD,CLOSE,-0.10776857046168284,0.0,0.10776857046168284,0.028873631032334757
2025-08-13,TURBO/USD,SHORT,0.08308644015942085,-0.14799757531382213,-0.23108401547324298,-0.9263551306472531
2025-08-13,WIF/USD,SHORT,-0.12123818021865514,-0.11056990366404022,0.010668276554614914,-0.6858498092941305
2025-08-13,BONK/USD,LONG,0.0,0.1018933682179142,0.1018933682179142,2.636409210315204
2025-08-13,ENA/USD,LONG,0.0,0.10154548814968282,0.10154548814968282,0.5816540959858578
2025-08-13,CRO/USD,CLOSE,0.1462937900083573,0.0,-0.1462937900083573,-0.3305333774537704
2025-08-13,FLOKI/USD,LONG,0.08350758397621012,0.10977104682351563,0.026263462847305505,4.193121988392683
2025-08-27,PENGU/USD,LONG,0.0,0.11127648551208666,0.11127648551208666,0.4194261912626689
2025-08-27,ALGO/USD,SHORT,0.0,-0.13679199143673032,-0.13679199143673032,-0.6062520202032191
2025-08-27,POPCAT/USD,CLOSE,0.11098685964158873,0.0,-0.11098685964158873,-0.5285263391681214
2025-08-27,MAGIC/USD,LONG,0.07580323716729864,0.07206681183083276,-0.0037364253364658845,4.6992591748692005
2025-08-27,GIGA/USD,CLOSE,-0.11455435487410423,0.0,0.11455435487410423,-0.346544476380378
2025-08-27,RSR/USD,SHORT,-0.12687816614803346,-0.131704367849173,-0.0048262017011395375,-0.8089992158955015
2025-08-27,W/USD,LONG,0.0,0.13596399898450937,0.13596399898450937,0.12794750681170042
2025-08-27,FARTCOIN/USD,LONG,0.0,0.08606344202639903,0.08606344202639903,0.3671326043994081
2025-08-27,ENA/USD,CLOSE,0.10154548814968282,0.0,-0.10154548814968282,0.10497962023195662
2025-08-27,CRO/USD,LONG,0.0,0.09462926164617219,0.09462926164617219,3.7701224974830385
2025-08-27,WIF/USD,SHORT,-0.11056990366404022,-0.12183191285162119,-0.011262009187580968,-0.784241852631717
2025-08-27,BONK/USD,SHORT,0.1018933682179142,-0.10967172786247548,-0.21156509608038968,-0.5811293053314173
2025-08-27,TURBO/USD,CLOSE,-0.14799757531382213,0.0,0.14799757531382213,-0.23489201179839458
2025-08-27,FLOKI/USD,CLOSE,0.10977104682351563,0.0,-0.10977104682351563,-0.24110417618768665
2025-09-10,PYTH/USD,LONG,0.0,0.06535008376816445,0.06535008376816445,15.354347636511388
2025-09-10,PENGU/USD,LONG,0.11127648551208666,0.14686629667201845,0.03558981115993179,0.7506540530964019
2025-09-10,ALGO/USD,CLOSE,-0.13679199143673032,0.0,0.13679199143673032,0.03131192385059922
2025-09-10,POPCAT/USD,SHORT,0.0,-0.1180991698223522,-0.1180991698223522,-0.4048651680267996
2025-09-10,MAGIC/USD,CLOSE,0.07206681183083276,0.0,-0.07206681183083276,0.3067091453033308
2025-09-10,ATH/USD,LONG,0.0,0.11210913111933295,0.11210913111933295,15.823032490202138
2025-09-10,RSR/USD,SHORT,-0.131704367849173,-0.13844624615026882,-0.006741878301095822,-0.32624970169036027
2025-09-10,BIO/USD,LONG,0.0,0.07530231062012159,0.07530231062012159,2.228768271252801
2025-09-10,PNUT/USD,SHORT,0.0,-0.11371923063185937,-0.11371923063185937,-0.38317680155208356
2025-09-10,W/USD,CLOSE,0.13596399898450937,0.0,-0.13596399898450937,0.0446230638075904
2025-09-10,FARTCOIN/USD,CLOSE,0.08606344202639903,0.0,-0.08606344202639903,0.45086118884878834
2025-09-10,CRO/USD,LONG,0.09462926164617219,0.10037217782036256,0.005742916174190371,1.8907729371247832
2025-09-10,WIF/USD,SHORT,-0.12183191285162119,-0.1297353533955196,-0.007903440543898396,-0.3918211239312104
2025-09-10,BONK/USD,CLOSE,-0.10967172786247548,0.0,0.10967172786247548,0.10518978398315104
2025-09-24,PENGU/USD,CLOSE,0.14686629667201845,0.0,-0.14686629667201845,-0.63569713964826
2025-09-24,POPCAT/USD,SHORT,-0.1180991698223522,-0.10195487671625167,0.016144293106100535,-0.8167558910330412
2025-09-24,XLM/USD,SHORT,0.0,-0.18953198738977484,-0.18953198738977484,-0.9000520616009058
2025-09-24,ATH/USD,LONG,0.11210913111933295,0.10523126423906531,-0.006877866880267633,11.306099987757984
2025-09-24,RSR/USD,CLOSE,-0.13844624615026882,0.0,0.13844624615026882,0.8634774752914716
2025-09-24,BIO/USD,LONG,0.07530231062012159,0.13517494844900493,0.05987263782888334,1.9131206454222696
2025-09-24,PNUT/USD,SHORT,-0.11371923063185937,-0.1017756379802116,0.01194359265164778,-1.0514758856752815
2025-09-24,CRO/USD,LONG,0.10037217782036256,0.10014490187473989,-0.0002272759456226764,2.7449700621230075
2025-09-24,TURBO/USD,SHORT,0.0,-0.10673749791376194,-0.10673749791376194,-0.8186481528522731
2025-09-24,WLD/USD,LONG,0.0,0.09403152209589166,0.09403152209589166,8.618026479662205
2025-09-24,WIF/USD,CLOSE,-0.1297353533955196,0.0,0.1297353533955196,
2025-10-08,PYTH/USD,CLOSE,0.06541736334129825,0.0,-0.06541736334129825,-0.06357592074727547
2025-10-08,POPCAT/USD,SHORT,-0.10195487671625167,-0.16729308484740854,-0.06533820813115687,-0.6368504336370986
2025-10-08,XLM/USD,LONG,-0.18953198738977484,0.18640618667234343,0.37593817406211827,0.8506478341739192
2025-10-08,RSR/USD,LONG,0.0,0.10476605970905496,0.10476605970905496,5.824895845310564
2025-10-08,BONK/USD,SHORT,0.0,-0.1629480914993808,-0.1629480914993808,-0.6019686310874168
2025-10-08,WLD/USD,CLOSE,0.09403152209589166,0.0,-0.09403152209589166,
2025-10-08,GIGA/USD,LONG,0.0,0.10820226367512421,0.10820226367512421,2.0555945725486326
2025-10-08,ATH/USD,CLOSE,0.10523126423906531,0.0,-0.10523126423906531,0.07748165263282392
2025-10-08,BIO/USD,LONG,0.13517494844900493,0.10062548994347738,-0.034549458505527555,1.372791432415183
2025-10-08,PNUT/USD,CLOSE,-0.1017756379802116,0.0,0.1017756379802116,
2025-10-08,TURBO/USD,SHORT,-0.10673749791376194,-0.16975882365321063,-0.06302132573944869,-0.5974689210985376
2025-10-08,CRO/USD,CLOSE,0.10014490187473989,0.0,-0.10014490187473989,-0.3595163649345188
2025-10-22,PYTH/USD,LONG,0.0,0.11207263768598898,0.11207263768598898,7.7961358028034144
2025-10-22,PENGU/USD,SHORT,0.0,-0.136710941327003,-0.136710941327003,1.4918816392558716
2025-10-22,POPCAT/USD,LONG,-0.16729308484740854,0.10347245419795963,0.27076553904536815,9.653138583684703
2025-10-22,GIGA/USD,SHORT,0.10820226367512421,-0.119724711148981,-0.22792697482410523,1.645815014792536
2025-10-22,XLM/USD,CLOSE,0.18640618667234343,0.0,-0.18640618667234343,3.204918513836743
2025-10-22,ATH/USD,SHORT,0.0,-0.10764067129981315,-0.10764067129981315,-0.5004376997724109
2025-10-22,RSR/USD,CLOSE,0.10476605970905496,0.0,-0.10476605970905496,5.061295970871512
2025-10-22,BIO/USD,CLOSE,0.10062548994347738,0.0,-0.10062548994347738,3.0953194753006947
2025-10-22,FARTCOIN/USD,LONG,0.0,0.06845759201588258,0.06845759201588258,8.224491964590545
2025-10-22,WIF/USD,LONG,0.0,0.09590208917310625,0.09590208917310625,10.637539324383559
2025-10-22,TURBO/USD,CLOSE,-0.16975882365321063,0.0,0.16975882365321063,6.836890269525842
2025-10-22,BONK/USD,CLOSE,-0.1629480914993808,0.0,0.1629480914993808,6.7988947436969625
2025-10-22,ENA/USD,SHORT,0.0,-0.13592367622420276,-0.13592367622420276,0.9405764005790798
2025-10-22,PEPE/USD,LONG,0.0,0.12009522692706252,0.12009522692706252,10.870824384034934
