date,symbol,signal,kurtosis,kurtosis_rank,kurtosis_percentile,returns_mean_30d,returns_std_30d
2022-01-31,ALGO/USD,LONG,-0.9896921467879394,1.0,14.285714285714285,-0.020221739971359634,0.05015192964871245
2022-01-31,CRO/USD,SHORT,1.9934618910360449,6.0,85.71428571428571,-0.01041002172252831,0.054114766718131625
2022-01-31,POWR/USD,SHORT,11.273343363585608,7.0,100.0,0.008217009496294682,0.1271808304644844
2022-02-07,OXT/USD,LONG,-0.5382559022282085,1.0,14.285714285714285,-0.00468646741009451,0.04643393544555493
2022-02-07,CRO/USD,SHORT,2.3989136557469584,6.0,85.71428571428571,0.0029267188003679083,0.0554105516241887
2022-02-07,POWR/USD,SHORT,10.773819375875593,7.0,100.0,0.0077784624789692105,0.06134374550152252
2022-02-14,OXT/USD,LONG,-0.5614760752996442,1.0,16.666666666666664,-0.006322613167322115,0.04963892000023613
2022-02-14,CRO/USD,SHORT,2.0640741185229174,6.0,100.0,0.0001494930428784865,0.05583340068204633
2022-02-14,ZRX/USD,SHORT,1.1935095004169858,5.0,83.33333333333334,-0.008150178166798588,0.04968933721590306
2022-02-21,OXT/USD,LONG,-0.8155699617074155,1.0,16.666666666666664,-0.0016428020089343275,0.04628403864515922
2022-02-21,CRO/USD,SHORT,-0.1616398726821009,5.0,83.33333333333334,0.004410329049797923,0.05048360241846442
2022-02-21,GRT/USD,SHORT,1.615304116944908,6.0,100.0,-0.0051036768399528535,0.06434141880522438
2022-02-28,OXT/USD,LONG,-0.8495279547387296,1.0,16.666666666666664,0.00045110387051943123,0.04537005229757123
2022-02-28,CRO/USD,SHORT,-0.4402454447886197,5.0,83.33333333333334,0.0004968941149820563,0.05109228049015224
2022-02-28,GRT/USD,SHORT,0.6289104733100417,6.0,100.0,-0.002811891436575245,0.06965387505468967
2022-03-07,OXT/USD,LONG,-0.8265742776638807,1.0,20.0,-0.006372507492135108,0.04512567136220957
2022-03-07,CRO/USD,SHORT,-0.4443276883307776,4.0,80.0,-0.005657236460307037,0.05012090791083505
2022-03-07,GRT/USD,SHORT,1.7166971112637892,5.0,100.0,-0.010217667055553298,0.06615792216864239
2022-03-14,OXT/USD,LONG,-0.6945555076866516,1.0,20.0,-0.0017558661942583679,0.04269418468109536
2022-03-14,CRO/USD,SHORT,-0.15362759868898612,4.0,80.0,-0.008305902699917525,0.047979506735025094
2022-03-14,GRT/USD,SHORT,1.828535080885466,5.0,100.0,-0.004561442524706434,0.06427044466002703
2022-03-21,OXT/USD,LONG,-0.9259809209646579,1.0,20.0,-0.00025177354178153956,0.03667609126669899
2022-03-21,CRO/USD,SHORT,0.04266475459945207,5.0,100.0,-0.0025290464078007837,0.04264724261745283
2022-03-21,GRT/USD,SHORT,-0.069008640317338,4.0,80.0,-0.0004342642844309579,0.06119599027385742
2022-03-28,OXT/USD,LONG,-0.8834786425473236,1.0,20.0,0.006307558280423719,0.033208243123757517
2022-03-28,CRO/USD,SHORT,0.19009741821859905,4.0,80.0,0.004928457827522299,0.03988247797607075
2022-03-28,GRT/USD,SHORT,0.33446799938142924,5.0,100.0,0.0072578652005445944,0.05639468673623407
2022-04-04,CRO/USD,LONG,-0.8474806333204277,1.0,14.285714285714285,0.005571600114116919,0.029720598008469004
2022-04-04,ALGO/USD,SHORT,0.7345647437993112,6.0,85.71428571428571,0.004377734189095984,0.036323807493720564
2022-04-04,IMX/USD,SHORT,1.4249511720336177,7.0,100.0,0.022208936400290105,0.09857489453236086
2022-04-11,GRT/USD,LONG,-0.5065498734397882,1.0,16.666666666666664,0.003038762439350343,0.06628354227250426
2022-04-11,CRO/USD,SHORT,0.5729269107107289,5.0,83.33333333333334,0.0012720010381470864,0.03295058461492191
2022-04-11,XLM/USD,SHORT,0.8318881199433825,6.0,100.0,0.0002875311811097329,0.03556569460634695
2022-04-18,GRT/USD,LONG,-0.6548222221951465,1.0,16.666666666666664,-0.004195909266277742,0.05554398075158811
2022-04-18,CRO/USD,SHORT,0.8438858092314034,6.0,100.0,-0.0005788857499432854,0.03147225364143413
2022-04-18,XLM/USD,SHORT,0.6219546081390219,5.0,83.33333333333334,0.0007517398012885017,0.03643184268500081
2022-04-25,ALGO/USD,LONG,-1.0077855028419347,1.0,16.666666666666664,-0.00867501679936658,0.03808132341951908
2022-04-25,CRO/USD,SHORT,1.5115878348505873,5.0,83.33333333333334,-0.004257141923878886,0.029194269999971427
2022-04-25,ZRX/USD,SHORT,5.476349409541266,6.0,100.0,0.007227596052101911,0.10347366220579371
2022-05-02,ALGO/USD,LONG,-0.9563146363215074,1.0,16.666666666666664,-0.012912951449419525,0.04793106378900581
2022-05-02,CRO/USD,SHORT,0.722098652973751,5.0,83.33333333333334,-0.01839202594562374,0.04030447780143711
2022-05-02,ZRX/USD,SHORT,7.805011204510448,6.0,100.0,-0.005524902906884286,0.09954670293652088
2022-05-09,IMX/USD,LONG,-0.17468268879525883,1.0,14.285714285714285,-0.021201339485571444,0.0774976303271857
2022-05-09,OXT/USD,SHORT,3.2178816360746145,6.0,85.71428571428571,-0.022265700855582347,0.05550580629111048
2022-05-09,ZRX/USD,SHORT,6.5151275090231096,7.0,100.0,-0.015727304053075503,0.10682687814936317
2022-05-16,CRO/USD,LONG,0.3525407350709511,1.0,14.285714285714285,-0.024917128805381963,0.07117488174848519
2022-05-16,GRT/USD,SHORT,5.1554128271469,7.0,100.0,-0.024514758107435433,0.12362243083454258
2022-05-16,ZRX/USD,SHORT,3.308410628695693,6.0,85.71428571428571,-0.019819185166315593,0.12321457958014828
2022-05-23,CRO/USD,LONG,-0.23806695675042722,1.0,16.666666666666664,-0.026125937504344,0.07529976755409833
2022-05-23,GRT/USD,SHORT,4.320253265538744,6.0,100.0,-0.027615192566015096,0.12652950526080992
2022-05-23,OXT/USD,SHORT,0.879384439136373,5.0,83.33333333333334,-0.01984705515710048,0.09445077795973836
2022-05-30,CRO/USD,LONG,-0.37263115377345013,1.0,14.285714285714285,-0.02041925804146653,0.07842260776524422
2022-05-30,GRT/USD,SHORT,4.660999194729017,7.0,100.0,-0.02240584291878344,0.12604649287924538
2022-05-30,ROSE/USD,SHORT,4.138443137566462,6.0,85.71428571428571,-0.027779647678035733,0.12527718762053042
2022-06-06,XLM/USD,LONG,-0.052325133242593136,1.0,14.285714285714285,-0.004853295346327888,0.06465504821915556
2022-06-06,GRT/USD,SHORT,4.5475224204113385,7.0,100.0,-0.020343801425711676,0.1269877023687856
2022-06-06,ROSE/USD,SHORT,4.118563725408027,6.0,85.71428571428571,-0.027264899637950757,0.12549319418076588
2022-06-13,XLM/USD,LONG,-0.802183636092074,1.0,14.285714285714285,-0.008582167279081235,0.051688130850289254
2022-06-13,CRO/USD,SHORT,0.8797472233511701,7.0,100.0,-0.016053707840498463,0.057048552602176866
2022-06-13,ROSE/USD,SHORT,0.1784323044317082,6.0,85.71428571428571,-0.014011756948555946,0.07719204143760743
2022-06-20,LINK/USD,LONG,-0.9182779307548343,1.0,11.11111111111111,-0.000361288952357261,0.07776978632289448
2022-06-20,CRO/USD,SHORT,0.7738406995098783,9.0,100.0,-0.01661851770580588,0.05798167588107409
2022-06-20,ZRX/USD,SHORT,-0.35614712681936833,8.0,88.88888888888889,-0.01564392477782913,0.060888061618802836
2022-06-27,LINK/USD,LONG,-0.8877558907618468,1.0,11.11111111111111,-0.0001168967679188312,0.07776836072406779
2022-06-27,CRO/USD,SHORT,1.1081152234398113,9.0,100.0,-0.010495452971732577,0.05819211312183467
2022-06-27,ZRX/USD,SHORT,-0.024076170298633848,8.0,88.88888888888889,-0.005326207684123396,0.06100025177829527
2022-07-04,XTZ/USD,LONG,-0.8458387296047616,1.0,11.11111111111111,-0.007303209473965881,0.06817432188241206
2022-07-04,CRO/USD,SHORT,1.6778634159917525,9.0,100.0,-0.013945135029870038,0.05453057363363282
2022-07-04,OXT/USD,SHORT,0.06711584186551933,8.0,88.88888888888889,-0.007444460938920162,0.0515615421700959
2022-07-11,ROSE/USD,LONG,-0.5085710523687075,1.0,16.666666666666664,-0.007166687998167905,0.056346484980807326
2022-07-11,CRO/USD,SHORT,1.8540808239103903,6.0,100.0,-0.010137480091856436,0.054830988259638114
2022-07-11,ZRX/USD,SHORT,0.12391021071048947,5.0,83.33333333333334,-0.005352839930816294,0.061043203765387036
2022-07-18,ALGO/USD,LONG,-1.1210843979717988,1.0,16.666666666666664,0.006562649489009334,0.038858634332793254
2022-07-18,ROSE/USD,SHORT,-0.2182754101333506,6.0,100.0,0.007903087723057992,0.04558363364625802
2022-07-18,ZRX/USD,SHORT,-0.30540140930215065,5.0,83.33333333333334,0.00865301211593303,0.047375438246654356
2022-07-25,ALGO/USD,LONG,-0.7323182959654981,1.0,20.0,-0.00405422434436488,0.040971998406556055
2022-07-25,CRO/USD,SHORT,0.1702310895596022,5.0,100.0,-0.0023867583878928057,0.0347593856707444
2022-07-25,ROSE/USD,SHORT,-0.2967347906813469,4.0,80.0,-0.004594236654156412,0.04589210370084122
2022-08-01,GRT/USD,LONG,-0.21943023134914164,1.0,20.0,0.009054345448042426,0.05694253022408817
2022-08-01,CRO/USD,SHORT,0.22558702479323545,4.0,80.0,0.006793629986891814,0.03646722205184131
2022-08-01,ROSE/USD,SHORT,5.829135893378297,5.0,100.0,0.016595549304116185,0.07466436215999273
2022-08-08,XLM/USD,LONG,-0.4106109289218738,1.0,20.0,0.004814639571313119,0.03467781824355406
2022-08-08,CRO/USD,SHORT,-0.06902028479088651,4.0,80.0,0.006361528307350092,0.040257882903250435
2022-08-08,ROSE/USD,SHORT,3.1762318772366305,5.0,100.0,0.025040816059185043,0.0841006822200487
2022-08-15,GRT/USD,LONG,-0.1740262887598072,1.0,20.0,0.009407748922807206,0.06199746009966651
2022-08-15,CRO/USD,SHORT,0.3573254606805851,4.0,80.0,0.006917916169935285,0.03798320368226126
2022-08-15,ROSE/USD,SHORT,3.053487490254656,5.0,100.0,0.020195792779775443,0.08584386222533996
2022-08-22,GRT/USD,LONG,0.08125200522890186,1.0,20.0,0.0015663867511172278,0.060762442820786036
2022-08-22,CRO/USD,SHORT,2.55640867093964,4.0,80.0,0.0004985006982914475,0.04329410304601416
2022-08-22,ROSE/USD,SHORT,3.164404706914655,5.0,100.0,0.00788906553269448,0.08917114007854364
2022-08-29,XLM/USD,LONG,0.005371604092412774,1.0,20.0,-0.0040685343994725605,0.029433245696003352
2022-08-29,CRO/USD,SHORT,2.7540315271839564,4.0,80.0,-0.0038657256362071304,0.04176544330154042
2022-08-29,ROSE/USD,SHORT,3.2867124276518673,5.0,100.0,-0.008156357382135982,0.06580393085199258
2022-09-05,XLM/USD,LONG,0.20320896956634638,1.0,20.0,-0.004953295060668445,0.028297621493341703
2022-09-05,CRO/USD,SHORT,4.740856065776148,5.0,100.0,-0.006128103358757247,0.03643703530568611
2022-09-05,ROSE/USD,SHORT,4.191121861921446,4.0,80.0,-0.009637402319570158,0.06369735425983045
2022-09-12,GRT/USD,LONG,-0.13453397747409657,1.0,20.0,-0.0038452370583205247,0.04985745983446549
2022-09-12,CRO/USD,SHORT,3.763342734214172,5.0,100.0,-0.007862336861781078,0.03752620638234159
2022-09-12,XLM/USD,SHORT,1.9288022399323097,4.0,80.0,-0.003597802420366857,0.030942293218020233
2022-09-19,ALGO/USD,LONG,-0.05446912223790612,1.0,16.666666666666664,0.0018250171590469347,0.03988683236072628
2022-09-19,GRT/USD,SHORT,1.4674623560995803,6.0,100.0,-0.0005552961995546272,0.057028562859456206
2022-09-19,ROSE/USD,SHORT,0.9040224873721234,5.0,83.33333333333334,-0.005374505714779121,0.05206550588845531
2022-09-26,ALGO/USD,LONG,-0.40955782178448086,1.0,16.666666666666664,0.008130089925596972,0.04434519502661141
2022-09-26,CRO/USD,SHORT,1.4245875699477368,5.0,83.33333333333334,-0.001387319827536462,0.04383529927026673
2022-09-26,GRT/USD,SHORT,1.671346664684557,6.0,100.0,-0.0003236271375653564,0.054144298122436714
2022-10-03,XLM/USD,LONG,-0.34863432211485623,1.0,16.666666666666664,0.003456890655275625,0.04529717393463189
2022-10-03,CRO/USD,SHORT,1.570828226110522,5.0,83.33333333333334,-0.002971398384288347,0.043525405431473256
2022-10-03,GRT/USD,SHORT,2.099388983607138,6.0,100.0,-0.0013702848355895052,0.0524963535985727
2022-10-10,XLM/USD,LONG,-0.16168443538017163,1.0,20.0,0.0025137851222746957,0.042051298270934144
2022-10-10,CRO/USD,SHORT,2.7772912414870667,4.0,80.0,-0.006141859779126183,0.04085582453562989
2022-10-10,GRT/USD,SHORT,3.2641112896821447,5.0,100.0,-0.008454303437602778,0.04782323525128585
2022-10-17,XLM/USD,LONG,0.24650994745179133,1.0,20.0,0.00025893055338252496,0.03884411887399127
2022-10-17,CRO/USD,SHORT,4.307206062458157,5.0,100.0,-0.0004227109788133267,0.03556004592418511
2022-10-17,ROSE/USD,SHORT,1.6930163504553546,4.0,80.0,-0.002239090742724427,0.03619816481394046
2022-10-24,ROSE/USD,LONG,-1.0158739790849245,1.0,20.0,-0.0009360643897909457,0.020359057961151564
2022-10-24,CRO/USD,SHORT,0.4899591516125339,4.0,80.0,-0.003957681800414111,0.018402900513256066
2022-10-24,XLM/USD,SHORT,0.7323987273672903,5.0,100.0,-0.002279514114333748,0.026999899934946024
2022-10-31,XLM/USD,SHORT,0.7314106981044293,4.0,100.0,-0.0029253775515802384,0.020899482783932097
2022-11-07,ALGO/USD,SHORT,1.8537970394368726,4.0,100.0,0.00747392003939219,0.034517751940777094
2022-11-14,XLM/USD,SHORT,4.061238194997216,4.0,100.0,-0.006898999196842267,0.047428770516357986
2022-11-21,XLM/USD,SHORT,3.5514252170610616,4.0,100.0,-0.009279389274888626,0.04826896385686641
2022-11-28,XLM/USD,SHORT,3.1549715503289173,4.0,100.0,-0.00881918169195217,0.04909472262301897
2022-12-05,XLM/USD,SHORT,3.6491285436275716,4.0,100.0,-0.008887034757652044,0.047881398810674616
2022-12-12,ALGO/USD,SHORT,4.049338244112797,4.0,100.0,-0.007514378610204588,0.04254647460814684
2022-12-19,XLM/USD,SHORT,3.0393687025284333,4.0,100.0,-0.006992097851395191,0.026343058165892247
2022-12-26,XLM/USD,SHORT,4.713222887264533,4.0,100.0,-0.005224408222785639,0.02500897213114143
2023-01-02,XLM/USD,SHORT,5.281126866185151,4.0,100.0,-0.005252094019939814,0.024529706989031536
2023-01-09,XLM/USD,SHORT,4.759680120899797,4.0,100.0,-0.0023963309111801286,0.02571311685040519
2023-01-16,ALGO/USD,SHORT,0.5946662763166213,4.0,100.0,0.006142948737290362,0.028842059299595976
2023-01-23,ALGO/USD,SHORT,2.780328112030239,4.0,100.0,0.01327598161490967,0.032414242285605195
2023-01-30,ALGO/USD,SHORT,1.7747596220115733,4.0,100.0,0.010882821266428835,0.03859204592928346
2023-02-06,ALGO/USD,SHORT,0.8685605475720539,4.0,100.0,0.009091460657893511,0.04070474108292348
2023-02-13,XLM/USD,LONG,0.1100634012453412,1.0,20.0,-0.000857493888122903,0.02579156426139525
2023-02-13,GRT/USD,SHORT,6.809700070582208,5.0,100.0,0.019516296694369235,0.11494065920888676
2023-02-13,OXT/USD,SHORT,3.8684213518365453,4.0,80.0,0.005591711019006415,0.051920512785992176
2023-02-20,XLM/USD,LONG,-0.17225311414255762,1.0,20.0,0.001491143407464305,0.02765734348247107
2023-02-20,GRT/USD,SHORT,5.506829046823736,5.0,100.0,0.02431499625191708,0.11844371352940095
2023-02-20,OXT/USD,SHORT,3.6936023156990165,4.0,80.0,0.009904762698533668,0.051019639172720045
2023-02-27,ZRX/USD,LONG,-0.40343646101974784,1.0,16.666666666666664,0.0043142020259471815,0.05139060350001695
2023-02-27,GRT/USD,SHORT,5.501176218341586,6.0,100.0,0.017647395447049782,0.11983553669547047
2023-02-27,T/USD,SHORT,0.9572863285047051,5.0,83.33333333333334,-0.005952050378179653,0.06079811770017119
2023-03-06,CRO/USD,LONG,-0.13189504608533031,1.0,16.666666666666664,-0.004840646364197897,0.035885836061619505
2023-03-06,ALGO/USD,SHORT,1.1837349164096223,5.0,83.33333333333334,-0.005630949981917233,0.04331117560616805
2023-03-06,GRT/USD,SHORT,7.00711328918627,6.0,100.0,0.007549336907456847,0.11692382198409086
2023-03-13,CRO/USD,LONG,-0.8266142011251301,1.0,16.666666666666664,-0.0025464486768374235,0.036926347422395506
2023-03-13,GRT/USD,SHORT,0.088797737235494,5.0,83.33333333333334,-0.003429610883747901,0.06275230624482797
2023-03-13,ZRX/USD,SHORT,0.7973558705669377,6.0,100.0,-0.0022870447253366083,0.06138411977692944
2023-03-20,CRO/USD,LONG,-1.0103577543533169,1.0,16.666666666666664,-0.004194474253991395,0.034281042700256184
2023-03-20,GRT/USD,SHORT,0.22277392937168505,5.0,83.33333333333334,-0.005725993239225405,0.05538412463895418
2023-03-20,ZRX/USD,SHORT,0.5543581376439057,6.0,100.0,-0.0032315500150241483,0.06288449456915883
2023-03-27,CRO/USD,LONG,-0.9518985366511528,1.0,20.0,-0.00596004372569006,0.03282920717290819
2023-03-27,T/USD,SHORT,0.14719528467676302,4.0,80.0,0.0009613188033324389,0.06260011266444643
2023-03-27,XLM/USD,SHORT,1.6237184472837436,5.0,100.0,0.0017200088104197867,0.03412356976714505
2023-04-03,CRO/USD,LONG,-0.7714634391918427,1.0,16.666666666666664,-0.0023617051200088635,0.031897804182918654
2023-04-03,ALGO/USD,SHORT,0.8781264987961923,5.0,83.33333333333334,-0.0015492537702565183,0.05244347233615787
2023-04-03,ZRX/USD,SHORT,2.8234852540592,6.0,100.0,0.006480584229733135,0.06797368225647259
2023-04-10,CRO/USD,LONG,-0.5158936957472822,1.0,16.666666666666664,0.001996604719368975,0.027661867182481033
2023-04-10,T/USD,SHORT,1.8554106732477447,5.0,83.33333333333334,0.003875828104818188,0.0494402467582196
2023-04-10,ZRX/USD,SHORT,1.9393388024720544,6.0,100.0,0.012311517419738778,0.0701756462350451
2023-04-17,GRT/USD,LONG,-0.743539502590302,1.0,16.666666666666664,0.003542072363340303,0.03629851082471775
2023-04-17,ALGO/USD,SHORT,4.0664871609817865,6.0,100.0,0.0008559235351918266,0.04207025869485403
2023-04-17,ZRX/USD,SHORT,3.3137817845358386,5.0,83.33333333333334,0.007873702677103118,0.06649702342496783
2023-04-24,GRT/USD,LONG,0.5108332167579648,1.0,16.666666666666664,-0.0006335473365163614,0.040257021484047265
2023-04-24,ALGO/USD,SHORT,4.800797224079835,6.0,100.0,-0.0035587050519972417,0.043500436927198974
2023-04-24,ZRX/USD,SHORT,3.61540685449135,5.0,83.33333333333334,0.004499412287519937,0.06680934654512591
2023-05-01,CRO/USD,LONG,0.0014923698900961568,1.0,16.666666666666664,0.000618623512992277,0.0285030253628231
2023-05-01,T/USD,SHORT,3.117711864333634,5.0,83.33333333333334,-0.009938614516495086,0.023128451538094962
2023-05-01,XLM/USD,SHORT,3.774494335832718,6.0,100.0,-0.005165720587896189,0.020569483839262808
2023-05-08,CRO/USD,LONG,-0.479089646862934,1.0,20.0,-0.0010378896261930496,0.030157363274573235
2023-05-08,ALGO/USD,SHORT,1.9826619445338176,4.0,80.0,-0.009150329338729508,0.030831193468243895
2023-05-08,XLM/USD,SHORT,3.3206066935543195,5.0,100.0,-0.005153413659235101,0.02097687621989464
2023-05-15,XLM/USD,SHORT,4.04200743874236,4.0,100.0,-0.006335798828166343,0.02007737023784831
2023-05-22,GRT/USD,SHORT,-0.1454154636966405,4.0,100.0,-0.005959972870714966,0.03335423204570774
2023-05-29,XLM/USD,SHORT,0.22686874534578205,4.0,100.0,-0.002399345033569698,0.009740567017255172
2023-06-05,XLM/USD,SHORT,2.2107483079683403,4.0,100.0,-0.0017188795951828836,0.012229718135848918
2023-06-12,XLM/USD,SHORT,5.999897332258859,4.0,100.0,-0.0020378346637910444,0.020063768815395205
2023-06-19,XLM/USD,SHORT,2.4181150294102602,4.0,100.0,-0.003481542644491242,0.022970888100045567
2023-06-26,XLM/USD,SHORT,1.6595965704632798,4.0,100.0,0.0014828595337662933,0.0260784199249445
2023-07-03,CRO/USD,LONG,-0.01658119171402639,1.0,20.0,-0.0013163369902211492,0.02289509348468743
2023-07-03,T/USD,SHORT,5.787273889996431,5.0,100.0,-0.0036242674847155403,0.07156532330947649
2023-07-03,XLM/USD,SHORT,1.542141138496313,4.0,80.0,0.004745775645983437,0.03639632266410773
2023-07-10,ALGO/USD,LONG,-0.1206767438461589,1.0,20.0,-0.0003016611839972651,0.03407671568531433
2023-07-10,T/USD,SHORT,10.21633900554688,5.0,100.0,0.006008542507551897,0.059672144144264416
2023-07-10,XLM/USD,SHORT,1.7571541522780967,4.0,80.0,0.006514356302173311,0.03336278890804469
2023-07-17,CRO/USD,LONG,0.3104667869669311,1.0,20.0,0.003995386878287527,0.019023410439727415
2023-07-17,T/USD,SHORT,9.85986360830667,4.0,80.0,0.009311528126234897,0.05931843676221302
2023-07-17,XLM/USD,SHORT,15.469262739338454,5.0,100.0,0.016137755252390546,0.09726648958268748
2023-07-24,XLM/USD,SHORT,12.025873839755796,4.0,100.0,0.015861741183084033,0.10278694048945881
2023-07-31,XLM/USD,SHORT,13.52971007467836,4.0,100.0,0.01116784916177218,0.10130122964358179
2023-08-07,XLM/USD,SHORT,13.140445315442093,4.0,100.0,0.01196607828807984,0.10175213529927428
2023-08-14,GRT/USD,LONG,0.01834471719044961,1.0,20.0,-0.003567068123209967,0.01794842320126434
2023-08-14,ALGO/USD,SHORT,1.3092753336277712,4.0,80.0,0.0003206554387493039,0.021053315444296745
2023-08-14,XLM/USD,SHORT,5.572268642084017,5.0,100.0,0.002057522079903749,0.042843408366255116
2023-08-21,OXT/USD,LONG,-0.4056899628771893,1.0,20.0,0.009721940694380659,0.08881079399177563
2023-08-21,ALGO/USD,SHORT,1.8721742108841868,4.0,80.0,-0.005793794083960845,0.028113660052936744
2023-08-21,GRT/USD,SHORT,3.309967335606765,5.0,100.0,-0.007503060490982342,0.029033797893881642
2023-08-28,OXT/USD,LONG,0.0305712846337034,1.0,20.0,0.005558568008428092,0.08432181410905408
2023-08-28,ALGO/USD,SHORT,2.710360318955793,4.0,80.0,-0.004510944610040816,0.02697677720820257
2023-08-28,GRT/USD,SHORT,4.033041953048199,5.0,100.0,-0.007297549234555026,0.028138630778454257
2023-09-04,OXT/USD,LONG,0.04262208696802716,1.0,20.0,0.003309940699409348,0.08589670751145405
2023-09-04,CRO/USD,SHORT,1.6976754853725966,4.0,80.0,-0.004442794574424659,0.01507358938110444
2023-09-04,GRT/USD,SHORT,2.694579115147615,5.0,100.0,-0.006274982771030164,0.03036315445738265
2023-09-11,CRO/USD,LONG,0.37063828532848087,1.0,20.0,-0.004359436952371519,0.018264898605540824
2023-09-11,GRT/USD,SHORT,1.4415182597707057,4.0,80.0,-0.009937451772406661,0.031750395132286016
2023-09-11,OXT/USD,SHORT,1.7284067720950258,5.0,100.0,-0.010256381315446534,0.06447569968584502
2023-09-18,ALGO/USD,LONG,-0.8078851312382302,1.0,20.0,-6.901313714361776e-05,0.0212564154846174
2023-09-18,CRO/USD,SHORT,1.517131740003025,4.0,80.0,-0.0009700005495480376,0.015480455438836397
2023-09-18,OXT/USD,SHORT,1.784626943819644,5.0,100.0,0.0023968655426824994,0.07119541147126339
2023-09-25,ALGO/USD,LONG,-1.0589787121724652,1.0,20.0,0.0007242912997127094,0.025026425632467566
2023-09-25,CRO/USD,SHORT,1.2527237607611106,4.0,80.0,-0.0005280638488552745,0.01582594401869464
2023-09-25,OXT/USD,SHORT,2.853650504280557,5.0,100.0,-0.00010515255828384553,0.06660616684655447
2023-10-02,ALGO/USD,LONG,-0.9210891145095585,1.0,20.0,0.0023515112701060796,0.025213607635586745
2023-10-02,CRO/USD,SHORT,1.657443019430949,4.0,80.0,-1.133352670971514e-17,0.014151767327408936
2023-10-02,OXT/USD,SHORT,2.1737800845068227,5.0,100.0,0.006715640873602958,0.06821028290194532
2023-10-09,OXT/USD,SHORT,2.9622312275314977,4.0,100.0,0.0016263388056477408,0.06490593271637582
2023-10-16,GRT/USD,LONG,-0.5626143091026883,1.0,16.666666666666664,-0.0017661576295096113,0.024741587151311736
2023-10-16,CRO/USD,SHORT,1.9882137336808539,6.0,100.0,0.0010908897834185588,0.013098515211820212
2023-10-16,VTHO/USD,SHORT,1.6610984266000193,5.0,83.33333333333334,-0.002121267526810694,0.03129290906660785
2023-10-23,ALGO/USD,LONG,-0.3360287387009757,1.0,14.285714285714285,-0.0008379861454698936,0.022879010241373
2023-10-23,CRO/USD,SHORT,1.7693133367658955,7.0,100.0,0.003969989718037674,0.017584005605703907
2023-10-23,T/USD,SHORT,1.4328321910022144,6.0,85.71428571428571,0.0044443180776490695,0.04677667219298651
2023-10-30,CRO/USD,SHORT,0.8317166563624112,4.0,100.0,0.0064370421405111605,0.01821503134571466
2023-11-06,ALGO/USD,LONG,-0.7121850566617742,1.0,20.0,0.008513903728816842,0.028571577670160258
2023-11-06,CRO/USD,SHORT,1.335741939288999,4.0,80.0,0.013779009587175935,0.02424362866992328
2023-11-06,GRT/USD,SHORT,4.050968679423976,5.0,100.0,0.020310313397261914,0.054358584134618436
2023-11-13,XLM/USD,LONG,-0.3159367140365852,1.0,20.0,0.005318578342591053,0.02252044492834493
2023-11-13,GRT/USD,SHORT,2.657392623880753,4.0,80.0,0.014248133827564662,0.06326482418793505
2023-11-13,ZRX/USD,SHORT,12.551021521959822,5.0,100.0,0.029664066752965512,0.09679365572247829
2023-11-20,XLM/USD,LONG,-0.5158807189185222,1.0,16.666666666666664,0.0026235309943724574,0.021980090360266165
2023-11-20,GRT/USD,SHORT,2.1615688301664537,5.0,83.33333333333334,0.017179966197715165,0.06451954575683722
2023-11-20,ZRX/USD,SHORT,13.458803137135412,6.0,100.0,0.018804619066732496,0.09765892647528832
2023-11-27,XLM/USD,LONG,-0.61095119163353,1.0,20.0,0.000694457516041248,0.02457933313541783
2023-11-27,GRT/USD,SHORT,0.9862952073290305,4.0,80.0,0.012815827740544287,0.07261502913747281
2023-11-27,ZRX/USD,SHORT,12.247060498356367,5.0,100.0,0.016609857209937875,0.1000537033854683
2023-12-04,XLM/USD,LONG,-0.2179619843684173,1.0,20.0,-0.0003701587401002307,0.023213406639622035
2023-12-04,GRT/USD,SHORT,2.0073504801710325,4.0,80.0,0.007760396822464944,0.06898378789515752
2023-12-04,ZRX/USD,SHORT,13.572514928174979,5.0,100.0,0.013514699431560893,0.09858612173387112
2023-12-11,ZRX/USD,LONG,-0.2913586452916288,1.0,20.0,-0.006422901916931087,0.0501091613221898
2023-12-11,ALGO/USD,SHORT,0.739854551047959,4.0,80.0,0.013904403799142642,0.054170085676231966
2023-12-11,XLM/USD,SHORT,1.4257033850068472,5.0,100.0,-0.0004433131938936343,0.02598723836531276
2023-12-18,XLM/USD,SHORT,1.770783100041248,4.0,100.0,0.0005549585434008064,0.025638476142509057
2023-12-25,ALGO/USD,LONG,0.317309575475448,1.0,20.0,0.01764425566042616,0.0470725831201793
2023-12-25,CRO/USD,SHORT,3.0312276333670356,5.0,100.0,0.0009789733152935152,0.04065041422556696
2023-12-25,XLM/USD,SHORT,3.0090687215005447,4.0,80.0,0.002613098655161013,0.02358156188052211
2024-01-01,ALGO/USD,LONG,0.16692488696576602,1.0,20.0,0.015997572740491885,0.0479341727659577
2024-01-01,CRO/USD,SHORT,3.3727155902136294,5.0,100.0,0.002648805711808242,0.039770624180414306
2024-01-01,GRT/USD,SHORT,1.7618364862658025,4.0,80.0,0.011922021708783044,0.052902018836513395
2024-01-08,CRO/USD,LONG,-0.687875343034634,1.0,16.666666666666664,-0.007124716411019633,0.03559240352437532
2024-01-08,GRT/USD,SHORT,0.8349578808708724,5.0,83.33333333333334,0.0005678061913857557,0.060549512169914534
2024-01-08,SUPER/USD,SHORT,1.1759325017876598,6.0,100.0,-0.0034286715551344964,0.0612641380037784
2024-01-15,CRO/USD,LONG,-0.4511943121210429,1.0,14.285714285714285,-0.004820841139325644,0.0321667196222211
2024-01-15,POWR/USD,SHORT,8.055467242433359,7.0,100.0,0.0019206647913386336,0.17067460407587792
2024-01-15,SUPER/USD,SHORT,1.1661480098971317,6.0,85.71428571428571,0.0015005930997502577,0.06070090230079226
2024-01-22,CRO/USD,LONG,-0.6666722682535995,1.0,16.666666666666664,-0.008712586152168184,0.0333664520630974
2024-01-22,GRT/USD,SHORT,0.58679933216533,5.0,83.33333333333334,-0.006831464845219094,0.06021228257466068
2024-01-22,POWR/USD,SHORT,7.764844913815956,6.0,100.0,-0.005358681775735994,0.17099719956375134
2024-01-29,CRO/USD,LONG,-0.6602047111872809,1.0,16.666666666666664,-0.0053874513563335205,0.03410965295319782
2024-01-29,GRT/USD,SHORT,0.354548644872974,5.0,83.33333333333334,-0.003096623859169037,0.06037593566032289
2024-01-29,POWR/USD,SHORT,7.820359706887295,6.0,100.0,-0.006632280750575253,0.17063901210127919
2024-02-05,XLM/USD,LONG,-0.6756378424899032,1.0,20.0,-0.003431655778960695,0.02194461931300282
2024-02-05,ALGO/USD,SHORT,-0.10629845504681379,4.0,80.0,-0.0057557943651620255,0.03962653828240496
2024-02-05,BONK/USD,SHORT,0.4809610325426257,5.0,100.0,-0.0019144016361958517,0.07245612567313131
2024-02-12,ALGO/USD,LONG,-0.6794265502712977,1.0,16.666666666666664,-0.0010918201991749084,0.02860551939698232
2024-02-12,BONK/USD,SHORT,0.9397483629965997,6.0,100.0,-0.004902860566971702,0.056013410237679404
2024-02-12,SUPER/USD,SHORT,0.13978992344171015,5.0,83.33333333333334,0.016053856358745133,0.07303318935519608
2024-02-19,ALGO/USD,LONG,-0.6807304018394622,1.0,16.666666666666664,0.0056742069466607006,0.026159667621215948
2024-02-19,BONK/USD,SHORT,0.8263064693971365,6.0,100.0,0.0036261725513063487,0.056658703804132717
2024-02-19,GRT/USD,SHORT,0.5838214841644849,5.0,83.33333333333334,0.014153974363951981,0.037562797695753415
2024-02-26,ALGO/USD,LONG,-1.0226129356928797,1.0,14.285714285714285,0.00788067268870759,0.02890160817870726
2024-02-26,BONK/USD,SHORT,0.49096574119427183,7.0,100.0,0.004842496063776336,0.05923700773839809
2024-02-26,SUPER/USD,SHORT,0.3997869355288972,6.0,85.71428571428571,0.0176096820598875,0.07219021171296658
2024-03-04,ALGO/USD,LONG,-0.3117080205788776,1.0,14.285714285714285,0.013789303934315038,0.03202323129265726
2024-03-04,CRO/USD,SHORT,4.185545687744631,7.0,100.0,0.018402286076668,0.04029540723469251
2024-03-04,XLM/USD,SHORT,1.6258534923072574,6.0,85.71428571428571,0.009160088663909046,0.02551768912163628
2024-03-11,ALGO/USD,LONG,-0.39175114635253294,1.0,12.5,0.01701991391555023,0.045143882304732055
2024-03-11,CRO/USD,SHORT,2.7604362364616746,7.0,87.5,0.02210058130359721,0.041769739379835705
2024-03-11,ZRX/USD,SHORT,6.370661348627902,8.0,100.0,0.031748161082538376,0.07949497465914837
2024-03-18,SUPER/USD,LONG,-0.832884023490732,1.0,11.11111111111111,0.003862052659786382,0.062137024604727295
2024-03-18,GRT/USD,SHORT,1.6298873352727075,8.0,88.88888888888889,0.0197314251643246,0.08492349064787928
2024-03-18,ZRX/USD,SHORT,1.970222999692404,9.0,100.0,0.04123265783109309,0.09331057964155097
2024-03-25,SUPER/USD,LONG,-0.9567796156308113,1.0,11.11111111111111,0.00978372816486012,0.06467508149882771
2024-03-25,CVC/USD,SHORT,4.094921333589908,9.0,100.0,0.023628672874150054,0.09035010293438162
2024-03-25,ZRX/USD,SHORT,2.5356992502941047,8.0,88.88888888888889,0.03410806490977549,0.1154276898141079
2024-04-01,SUPER/USD,LONG,-0.6328611688514449,1.0,11.11111111111111,-0.004460494491717015,0.05748852026762096
2024-04-01,CVC/USD,SHORT,2.0055159193570056,8.0,88.88888888888889,0.01678006365491946,0.10141187342483174
2024-04-01,GRT/USD,SHORT,3.329069758567826,9.0,100.0,0.005423060538509483,0.08112606315685823
2024-04-08,BONK/USD,LONG,-1.0068553557814852,1.0,14.285714285714285,-0.010941954602794127,0.08524502912470412
2024-04-08,CVC/USD,SHORT,2.364226953138777,7.0,100.0,0.013064310406018095,0.10010646042953557
2024-04-08,ZRX/USD,SHORT,2.124564889203773,6.0,85.71428571428571,0.007960424323755589,0.11564295861962547
2024-04-15,BONK/USD,LONG,-0.6171292354118623,1.0,14.285714285714285,-0.01790594394712094,0.08706843558211969
2024-04-15,CVC/USD,SHORT,2.7552936384784505,7.0,100.0,0.00770932674383854,0.10092036793533321
2024-04-15,ZRX/USD,SHORT,1.8636991523581559,6.0,85.71428571428571,-0.03442914923853797,0.08927820834664807
2024-04-22,CRO/USD,LONG,-0.09617196485960511,1.0,14.285714285714285,-0.001160181281669564,0.03915392066666598
2024-04-22,CVC/USD,SHORT,4.264279938557278,7.0,100.0,0.006927074685580704,0.09460773992033944
2024-04-22,XLM/USD,SHORT,1.8499214919645208,6.0,85.71428571428571,-0.0038399461692111415,0.03787673188730655
2024-04-29,CRO/USD,LONG,-0.19534734159648126,1.0,16.666666666666664,-0.004705944995948608,0.03729914317128662
2024-04-29,BONK/USD,SHORT,1.6539149349861937,5.0,83.33333333333334,-0.002042360846434695,0.09592050115839157
2024-04-29,XLM/USD,SHORT,2.4314895417425193,6.0,100.0,-0.00725135913218706,0.03577211926103355
2024-05-06,CRO/USD,LONG,-0.32031710153763315,1.0,16.666666666666664,-0.0041523237254398266,0.03672265099666216
2024-05-06,CVC/USD,SHORT,2.6775937076462126,5.0,83.33333333333334,-0.007606165786237864,0.061208506076149895
2024-05-06,XLM/USD,SHORT,3.27564918964626,6.0,100.0,-0.005421154994397518,0.03482536215895984
2024-05-13,CRO/USD,LONG,-0.563591271809559,1.0,20.0,-0.0007466978896389006,0.030485624384071625
2024-05-13,ALGO/USD,SHORT,-0.15350237847837045,4.0,80.0,0.0018512564915345263,0.040296369994107295
2024-05-13,BONK/USD,SHORT,2.439949649567162,5.0,100.0,0.013903857510937985,0.08201192904880782
2024-05-20,CRO/USD,LONG,-0.7383940638988347,1.0,20.0,-0.0006682310648430484,0.027979063069251096
2024-05-20,BONK/USD,SHORT,0.7733564590854991,4.0,80.0,0.014829851393652817,0.07182948032698618
2024-05-20,XLM/USD,SHORT,1.2387416730092085,5.0,100.0,-0.001000229677941448,0.022375643314455098
2024-05-27,ALGO/USD,LONG,-0.5219966243645624,1.0,20.0,-0.00025335819971461645,0.034555447164411814
2024-05-27,BONK/USD,SHORT,0.17092752151402602,4.0,80.0,0.015644680489050624,0.06733464243790485
2024-05-27,XLM/USD,SHORT,1.7511381845662388,5.0,100.0,-0.001201283106269879,0.02134585374505131
2024-06-03,ALGO/USD,LONG,-0.17956284458878935,1.0,20.0,-0.001575375018872314,0.03088222722031746
2024-06-03,GRT/USD,SHORT,1.3129937892336736,4.0,80.0,0.002156580868533774,0.04922248136726857
2024-06-03,XLM/USD,SHORT,3.361433229779708,5.0,100.0,-0.0017098081135271627,0.019417041181803294
2024-06-10,ALGO/USD,LONG,-0.20859957374434535,1.0,20.0,-0.002397167865549993,0.032022042226143785
2024-06-10,GRT/USD,SHORT,3.061394697633812,5.0,100.0,-0.0031372636128768855,0.04429146780479555
2024-06-10,XLM/USD,SHORT,2.174964026829249,4.0,80.0,-0.001888162045987229,0.021484401320531546
2024-06-17,ALGO/USD,LONG,-0.32696094929908215,1.0,20.0,-0.0077631902023394305,0.0348297067953973
2024-06-17,GRT/USD,SHORT,1.8333318340048503,5.0,100.0,-0.012641447312486202,0.043031433059926086
2024-06-17,XLM/USD,SHORT,1.6880876211100615,4.0,80.0,-0.0036719235225646865,0.021683554143577904
2024-06-24,ALGO/USD,LONG,-0.743275146585074,1.0,20.0,-0.011908868261415044,0.033215145482111845
2024-06-24,CRO/USD,SHORT,1.9405309441276142,5.0,100.0,-0.010323462276840441,0.024165818508710597
2024-06-24,GRT/USD,SHORT,0.2530153887195348,4.0,80.0,-0.013745654115156969,0.04056074959023649
2024-07-01,ALGO/USD,LONG,-0.8523984047925404,1.0,20.0,-0.008200312535040428,0.035012972786064335
2024-07-01,CRO/USD,SHORT,1.125477526093639,5.0,100.0,-0.006672478121259834,0.02488342420412681
2024-07-01,XLM/USD,SHORT,0.19063295312299733,4.0,80.0,-0.005016211223091941,0.021235988652988837
2024-07-08,BONK/USD,LONG,-0.9235179155889002,1.0,20.0,-0.004473655313935426,0.07268749227433724
2024-07-08,CRO/USD,SHORT,-0.15783249137149902,4.0,80.0,-0.009279694407551796,0.025246007168513458
2024-07-08,XLM/USD,SHORT,0.41219323097531335,5.0,100.0,-0.00462627902161405,0.02806454833134348
2024-07-15,BONK/USD,LONG,-1.0615868237451551,1.0,20.0,0.0029094668375513914,0.07484802293251526
2024-07-15,CRO/USD,SHORT,-0.025033526592773914,4.0,80.0,-0.0014999121976911796,0.026363562304118286
2024-07-15,XLM/USD,SHORT,2.3905861182515613,5.0,100.0,0.002122273523594285,0.03471249364348747
2024-07-22,BONK/USD,LONG,-1.0651124576495459,1.0,20.0,0.012487762853065127,0.07949236609639757
2024-07-22,ALGO/USD,SHORT,0.2236055763547422,4.0,80.0,0.004050340368276857,0.03835713804764579
2024-07-22,XLM/USD,SHORT,2.269590703352489,5.0,100.0,0.00437118164289443,0.034866626039147114
2024-07-29,XLM/USD,SHORT,2.2437780331250785,4.0,100.0,0.003158270869454407,0.03502589821011039
2024-08-05,BONK/USD,LONG,-0.39587508987159525,1.0,20.0,-0.008583304079055476,0.07146483230391501
2024-08-05,GRT/USD,SHORT,-0.12984420565799537,4.0,80.0,-0.011929759515513729,0.046053559134711215
2024-08-05,XLM/USD,SHORT,2.4452346184603506,5.0,100.0,-0.0009872205649064738,0.035125596852736675
2024-08-12,BONK/USD,LONG,-0.4702616530519159,1.0,20.0,-0.004279773825613291,0.07062033281538198
2024-08-12,CRO/USD,SHORT,1.3025613949583272,5.0,100.0,-0.000851425152014222,0.0368619722152359
2024-08-12,XLM/USD,SHORT,1.267189925712814,4.0,80.0,-0.001147498044568642,0.03152430684908008
2024-08-19,BONK/USD,LONG,0.46910310872827177,1.0,20.0,-0.018393787228215906,0.05631366858164539
2024-08-19,ALGO/USD,SHORT,1.715247091107674,4.0,80.0,-0.00817894882723281,0.03684230293131291
2024-08-19,XLM/USD,SHORT,2.2563179028592257,5.0,100.0,-0.0029612203784815153,0.02933810957904259
2024-08-26,BONK/USD,LONG,-0.07892724518542504,1.0,20.0,-0.012068131612577918,0.058830699934570255
2024-08-26,CRO/USD,SHORT,1.132221326117894,4.0,80.0,-0.00200932528504333,0.03763767742777308
2024-08-26,XLM/USD,SHORT,1.5991876377735847,5.0,100.0,-0.0014478166870247838,0.030166279162920636
2024-09-02,BONK/USD,LONG,-0.19142119045008643,1.0,20.0,-0.006055180978288775,0.0567453844654659
2024-09-02,CRO/USD,SHORT,0.9965370574459436,4.0,80.0,-0.0004507341777324586,0.03751895142204841
2024-09-02,XLM/USD,SHORT,1.791644354798482,5.0,100.0,-0.0003379019942084812,0.029539082190134503
2024-09-09,GRT/USD,SHORT,-0.7140223971036082,4.0,100.0,-0.0007143953584424281,0.04309209270119067
2024-09-16,BONK/USD,SHORT,-0.566490622511787,4.0,100.0,-0.003536745181815284,0.04139337834049114
2024-09-23,XLM/USD,SHORT,-0.5344929067394388,4.0,100.0,-0.002113662518921254,0.01810637075193705
2024-09-30,BONK/USD,SHORT,-0.15069821329242883,4.0,100.0,0.010616872912771195,0.046495782929908705
2024-10-07,GRT/USD,LONG,-0.4300282308050898,1.0,20.0,0.007412798715206368,0.043012741430702564
2024-10-07,CVC/USD,SHORT,6.145399524813348,5.0,100.0,0.023402859585358537,0.08089088745953484
2024-10-07,XLM/USD,SHORT,0.1854085106351011,4.0,80.0,0.0009176117273618581,0.019086793378361833
2024-10-14,BONK/USD,LONG,-0.5478745541750372,1.0,20.0,0.010061676712012043,0.05562850770688212
2024-10-14,CVC/USD,SHORT,8.300528228944717,5.0,100.0,0.012519139017175968,0.07862110381926975
2024-10-14,XLM/USD,SHORT,0.1647727486146735,4.0,80.0,-0.0012900773036363777,0.018450728669340426
2024-10-21,BONK/USD,LONG,-0.8904187974977038,1.0,20.0,0.008020594637212712,0.06009350165751694
2024-10-21,CVC/USD,SHORT,9.31580341959355,5.0,100.0,0.0025164284694360415,0.07913409687884482
2024-10-21,XLM/USD,SHORT,0.04009481586935415,4.0,80.0,-0.0009356770758000173,0.018922676792151868
2024-10-28,BONK/USD,LONG,-0.7609092194695273,1.0,20.0,-0.004136923485713177,0.05541003289553252
2024-10-28,ALGO/USD,SHORT,0.047861169136142134,4.0,80.0,-0.005926640669571455,0.02966012989931603
2024-10-28,CVC/USD,SHORT,7.264907579817468,5.0,100.0,0.0015482252748340365,0.08327903671749809
2024-11-04,ALGO/USD,SHORT,-0.0789584577387199,4.0,100.0,-0.00471707603185118,0.02848627121595191
2024-11-11,ALGO/USD,LONG,-0.5515909489890949,1.0,20.0,0.008988785564970077,0.03982658116337421
2024-11-11,BONK/USD,SHORT,0.13262704388110835,4.0,80.0,0.006903091196082987,0.06157297325246912
2024-11-11,CRO/USD,SHORT,11.52801453205689,5.0,100.0,0.03312442192825446,0.10821043250050975
2024-11-18,GRT/USD,LONG,-0.788947216291072,1.0,20.0,0.008974992110856105,0.06144639083626819
2024-11-18,CRO/USD,SHORT,7.648084689962934,4.0,80.0,0.026285801776232545,0.11975807367275366
2024-11-18,XLM/USD,SHORT,8.35089798596636,5.0,100.0,0.029074601693400537,0.09292728231166479
2024-11-25,GRT/USD,LONG,-1.0234663163423354,1.0,12.5,0.015779136522321047,0.06208461701502618
2024-11-25,CRO/USD,SHORT,7.0185054567656096,7.0,87.5,0.029775218376033443,0.12088967383396992
2024-11-25,OXT/USD,SHORT,8.34329033761045,8.0,100.0,0.016576648050704565,0.08197105242129285
2024-12-02,GRT/USD,LONG,-0.9780279843915789,1.0,11.11111111111111,0.024496372725573375,0.060394493023260845
2024-12-02,CRO/USD,SHORT,6.773080090479409,8.0,88.88888888888889,0.031289664006259356,0.121317567832629
2024-12-02,OXT/USD,SHORT,7.982145252291694,9.0,100.0,0.02242832801654237,0.08142470507878949
2024-12-09,ALGO/USD,LONG,0.28266720268882795,2.0,20.0,0.03782555634960819,0.10560509349224935
2024-12-09,LDO/USD,LONG,0.04362158992044751,1.0,10.0,0.011475402050634095,0.06645605589777606
2024-12-09,CRO/USD,SHORT,8.27079518947166,10.0,100.0,0.017264087112323245,0.11996172618984881
2024-12-09,OXT/USD,SHORT,6.090155479273609,9.0,90.0,0.01612788664348301,0.09000593394878845
2024-12-09,XTZ/USD,SHORT,3.023849571192393,8.0,80.0,0.024620318487890074,0.10981742076694184
2024-12-16,BONK/USD,LONG,-0.3463529898228277,1.0,9.090909090909092,-0.008359080761586122,0.06287107907134656
2024-12-16,LDO/USD,LONG,0.1598267900492285,2.0,18.181818181818183,0.02017967897734557,0.07061956720036881
2024-12-16,OXT/USD,SHORT,6.098057253382583,11.0,100.0,0.01419234580896368,0.0902530703004857
2024-12-16,XLM/USD,SHORT,3.863615923629056,10.0,90.9090909090909,0.02131803715041312,0.11512262438257322
2024-12-16,XTZ/USD,SHORT,3.7915050341039676,9.0,81.81818181818183,0.017188053151552498,0.10778416579086184
2024-12-23,BONK/USD,LONG,-0.13709819548667257,2.0,18.181818181818183,-0.012875157171889244,0.06834315350248493
2024-12-23,CVC/USD,LONG,-0.25518291922943837,1.0,9.090909090909092,0.005699569057328273,0.08133079728048162
2024-12-23,ALGO/USD,SHORT,2.4164539661686026,10.0,90.9090909090909,0.008200312535040433,0.09179076930641038
2024-12-23,OXT/USD,SHORT,5.891647758721671,11.0,100.0,0.009598990602478668,0.09162532221594293
2024-12-23,XTZ/USD,SHORT,1.371568775768905,9.0,81.81818181818183,0.005360826230498372,0.08128447901801374
2024-12-30,ALGO/USD,LONG,-0.2704409434746231,1.0,10.0,-0.010144550245230607,0.06633117592528323
2024-12-30,CVC/USD,LONG,-0.2509688260731826,2.0,20.0,0.00376524124248341,0.08133290112457042
2024-12-30,EOS/USD,SHORT,1.8901076071451675,9.0,90.0,-0.006550226656294385,0.0735763835279084
2024-12-30,XLM/USD,SHORT,1.4253721125848182,8.0,80.0,-0.01538108797283463,0.05351199148741149
2024-12-30,XTZ/USD,SHORT,1.946717104125776,10.0,100.0,-0.007101114812797161,0.05852722237089141
2025-01-06,CVC/USD,LONG,-0.36049503093892943,1.0,14.285714285714285,0.0005310786793695071,0.08329637425990213
2025-01-06,CRO/USD,SHORT,1.1864010802133746,6.0,85.71428571428571,-0.007475066468859797,0.051928228923426224
2025-01-06,XLM/USD,SHORT,5.03200830317329,7.0,100.0,-0.004025421911598807,0.06900315768324884
2025-01-13,ALGO/USD,LONG,-0.7500388691320152,1.0,16.666666666666664,-0.0062059292692189525,0.06116016709927325
2025-01-13,CRO/USD,SHORT,1.0480670321589018,5.0,83.33333333333334,-0.008978450831871652,0.04736081813781898
2025-01-13,XLM/USD,SHORT,5.00084267085917,6.0,100.0,-0.00035561476014643145,0.06493105775926662
2025-01-20,GRT/USD,LONG,-0.36896946887798476,1.0,20.0,-0.0004916509975354071,0.05443968024454445
2025-01-20,BONK/USD,SHORT,0.5125801019513334,4.0,80.0,-0.00025654022114900284,0.06187535749205713
2025-01-20,XLM/USD,SHORT,3.266178437648035,5.0,100.0,0.007570434260873935,0.06907920744781976
2025-01-27,GRT/USD,LONG,-0.12490436564257079,1.0,20.0,-0.006497264815988006,0.052003748378695466
2025-01-27,BONK/USD,SHORT,0.7337190461864096,4.0,80.0,-0.007410063234379569,0.06254408491105745
2025-01-27,XLM/USD,SHORT,4.772414361125732,5.0,100.0,0.004531251568308648,0.06570746250342445
2025-02-03,MOG/USD,LONG,-0.6245558711831447,2.0,16.666666666666664,-0.033013290134262574,0.08672465203008661
2025-02-03,PEPE/USD,LONG,-0.75209658250908,1.0,8.333333333333332,-0.021729662696445915,0.06897753691750089
2025-02-03,ALGO/USD,SHORT,0.6808161396956911,10.0,83.33333333333334,-0.008985302276045496,0.0665605753049936
2025-02-03,CRO/USD,SHORT,1.096836799387157,12.0,100.0,-0.01167540438399068,0.041033949205920066
2025-02-03,GIGA/USD,SHORT,1.0095090166957155,11.0,91.66666666666666,-0.015957170323584017,0.10860020546153769
2025-02-10,LDO/USD,LONG,-1.014836547886171,1.0,7.6923076923076925,-0.00021004060255762417,0.07365693218757395
2025-02-10,PEPE/USD,LONG,-0.7904281616234012,2.0,15.384615384615385,-0.02091891783046547,0.06942786694170411
2025-02-10,ALGO/USD,SHORT,1.0659527522761785,12.0,92.3076923076923,-0.008776353977587381,0.06372933422108701
2025-02-10,CRO/USD,SHORT,1.2024787416421043,13.0,100.0,-0.013503743739897918,0.039912260463922045
2025-02-10,XLM/USD,SHORT,1.0482390115492004,11.0,84.61538461538461,-0.011762815158918475,0.05075587206072283
2025-02-17,LDO/USD,LONG,-1.0239903644539483,1.0,7.6923076923076925,0.0017972816460645905,0.06676305751983502
2025-02-17,PEPE/USD,LONG,-0.7081321651883794,2.0,15.384615384615385,-0.019982203594080435,0.06318437636912194
2025-02-17,CRO/USD,SHORT,2.2557473987635133,12.0,92.3076923076923,-0.014203587083983202,0.03597530142307852
2025-02-17,GIGA/USD,SHORT,1.3036922534165694,11.0,84.61538461538461,-0.027708283114162284,0.10441094510306632
2025-02-17,WIF/USD,SHORT,2.642762313317508,13.0,100.0,-0.03436212772061907,0.0736182864350485
2025-02-24,MOG/USD,LONG,-0.8839903568886767,1.0,7.6923076923076925,-0.024057351766800048,0.0902128825859547
2025-02-24,PEPE/USD,LONG,-0.7822266941620053,2.0,15.384615384615385,-0.021481735630236694,0.0681333796643324
2025-02-24,CRO/USD,SHORT,1.2211261028084914,11.0,84.61538461538461,-0.019304910077047044,0.03762363932599309
2025-02-24,PNUT/USD,SHORT,3.463311866983239,13.0,100.0,-0.024210100529867936,0.1274591455331378
2025-02-24,WIF/USD,SHORT,1.6997926672608648,12.0,92.3076923076923,-0.027742778022896597,0.07729555986672577
2025-03-03,GIGA/USD,LONG,-0.2673274777077115,1.0,8.333333333333332,-0.03239393696873206,0.1104318679150494
2025-03-03,MOG/USD,LONG,-0.11714999637340151,2.0,16.666666666666664,-0.01939738484832403,0.09149106183017007
2025-03-03,ALGO/USD,SHORT,1.5340316338799989,11.0,91.66666666666666,-0.012649654056830146,0.06636251769516732
2025-03-03,BONK/USD,SHORT,1.6123970089090403,12.0,100.0,-0.01895869330284953,0.07236516695365242
2025-03-03,CRO/USD,SHORT,1.502735537551617,10.0,83.33333333333334,-0.015915424003228974,0.044764389762517315
2025-03-10,GIGA/USD,LONG,-0.11005200061883613,1.0,8.333333333333332,-0.04798624296314206,0.10770306395144454
2025-03-10,MOG/USD,LONG,0.13126817745097608,2.0,16.666666666666664,-0.02888063006113273,0.08644765167133177
2025-03-10,ALGO/USD,SHORT,1.658493675895377,10.0,83.33333333333334,-0.01356383030048409,0.06423446846448833
2025-03-10,BONK/USD,SHORT,2.2477713394941077,12.0,100.0,-0.020066785542846848,0.06980372788261005
2025-03-10,XLM/USD,SHORT,1.918016594322638,11.0,91.66666666666666,-0.010528405797112483,0.057010728023666093
2025-03-17,CRO/USD,LONG,-0.146656716798375,2.0,14.285714285714285,-0.001377922934074167,0.04912401557578932
2025-03-17,POPCAT/USD,LONG,-0.8753425691162748,1.0,7.142857142857142,-0.012329788077443216,0.1030125104076535
2025-03-17,ALGO/USD,SHORT,1.7150398226366521,13.0,92.85714285714286,-0.013258822834615047,0.06390335928052601
2025-03-17,BONK/USD,SHORT,1.7292414365457756,14.0,100.0,-0.016181281693930537,0.07286096509318382
2025-03-17,XLM/USD,SHORT,1.6850791683473343,12.0,85.71428571428571,-0.008174517455260915,0.05819680120250426
2025-03-24,CRO/USD,LONG,0.19576102596203748,2.0,14.285714285714285,0.003222941584924043,0.05849625485995113
2025-03-24,POPCAT/USD,LONG,-0.6121172983122518,1.0,7.142857142857142,-0.0036829178969886417,0.10085446180757573
2025-03-24,BONK/USD,SHORT,1.5498956554245202,13.0,92.85714285714286,-0.004433348871512225,0.07822648370518775
2025-03-24,FLOKI/USD,SHORT,1.424360666658691,12.0,85.71428571428571,-0.012215988713173705,0.060112983932141525
2025-03-24,XLM/USD,SHORT,1.9110891025731602,14.0,100.0,-0.004647923248936925,0.05804743715594202
2025-03-31,CRO/USD,LONG,-0.38482409013099383,1.0,7.142857142857142,0.009735478271059092,0.060393909020697176
2025-03-31,POPCAT/USD,LONG,-0.14522151263669736,2.0,14.285714285714285,-0.008941105205912911,0.09201047986824122
2025-03-31,ALGO/USD,SHORT,1.6979526573903518,13.0,92.85714285714286,-0.011405780535038072,0.06314458543935754
2025-03-31,BONK/USD,SHORT,1.5876847212085439,12.0,85.71428571428571,-0.006151377117742249,0.07415534677471107
2025-03-31,XLM/USD,SHORT,3.3444600981024477,14.0,100.0,-0.0054952192087281086,0.05258449385467846
2025-04-07,GRT/USD,LONG,-0.5592061311785015,3.0,20.0,-0.010108950875806872,0.049036388164358326
2025-04-07,PEPE/USD,LONG,-0.9249584112304134,1.0,6.666666666666667,-0.001169710660375682,0.06679720478677667
2025-04-07,POPCAT/USD,LONG,-0.6642075748272545,2.0,13.333333333333334,-0.0120759603151678,0.08133781505068724
2025-04-07,CRO/USD,SHORT,0.6177548477823316,15.0,100.0,0.00035190942686256013,0.05674710911326224
2025-04-07,GIGA/USD,SHORT,0.33834465943617476,12.0,80.0,-0.0032136058690550094,0.13743215141391804
2025-04-07,PNUT/USD,SHORT,0.4640711230757195,13.0,86.66666666666667,-0.009421944624968804,0.07634851786047167
2025-04-07,TURBO/USD,SHORT,0.4752972863112186,14.0,93.33333333333333,-0.015299511940584385,0.06453039120040435
2025-04-14,GIGA/USD,LONG,-0.8701784569106734,1.0,6.25,0.0033806726148634444,0.11158258019200495
2025-04-14,PENGU/USD,LONG,-0.6254710305108411,3.0,18.75,-0.010615124370617818,0.07875467957686949
2025-04-14,PEPE/USD,LONG,-0.6712626268371338,2.0,12.5,0.0009208688758310275,0.06441979894499371
2025-04-14,ALGO/USD,SHORT,0.4632139829433024,15.0,93.75,-0.0018523283718270152,0.055994298151236105
2025-04-14,CRO/USD,SHORT,0.5053851132498841,16.0,100.0,0.0004336745578671551,0.05783963146193728
2025-04-14,POPCAT/USD,SHORT,0.4614590035634225,14.0,87.5,0.011320969222191448,0.11159205778913837
2025-04-14,XLM/USD,SHORT,0.4272626860570865,13.0,81.25,-0.004493409619308833,0.04086406513316433
2025-04-21,GIGA/USD,LONG,-0.5952673774941735,1.0,5.88235294117647,0.0015686641287870446,0.10577603662652632
2025-04-21,PENGU/USD,LONG,-0.43103745961193685,2.0,11.76470588235294,-0.007729010081748223,0.07529897408469224
2025-04-21,PEPE/USD,LONG,-0.29911177302683045,3.0,17.647058823529413,0.0030180402564384677,0.058534641772080856
2025-04-21,ALGO/USD,SHORT,1.0340530782861128,15.0,88.23529411764706,0.0008572150865966978,0.05316026149296268
2025-04-21,CRO/USD,SHORT,0.9764294546963406,14.0,82.35294117647058,0.0008200495576769302,0.055442326447446594
2025-04-21,MAGIC/USD,SHORT,5.19349167386555,17.0,100.0,0.016176490325354974,0.14539318910195323
2025-04-21,XLM/USD,SHORT,1.1704726600231599,16.0,94.11764705882352,-0.0030179340726462713,0.038096603986824386
2025-04-28,FLOKI/USD,LONG,-0.16936919812915407,3.0,17.647058823529413,0.013458081826557286,0.06331389332611748
2025-04-28,MOG/USD,LONG,-0.2994135032119569,2.0,11.76470588235294,0.01404044883587678,0.10836006673747747
2025-04-28,PNUT/USD,LONG,-0.656133139742507,1.0,5.88235294117647,0.002561018131387764,0.06807467483088186
2025-04-28,ALGO/USD,SHORT,1.4368824276370855,15.0,88.23529411764706,0.007524961674199094,0.051290641003052063
2025-04-28,ATH/USD,SHORT,1.137361369807432,14.0,82.35294117647058,-0.002190569055233864,0.04583249952008479
2025-04-28,MAGIC/USD,SHORT,4.881758463823163,17.0,100.0,0.020360308816347816,0.14570444666988427
2025-04-28,TURBO/USD,SHORT,2.1553042331237746,16.0,94.11764705882352,0.030348933561987094,0.12335645788055624
2025-05-05,FLOKI/USD,LONG,-0.46455584144469597,2.0,11.76470588235294,0.010810755841835397,0.06569379719662016
2025-05-05,PNUT/USD,LONG,-0.8390887046353819,1.0,5.88235294117647,0.0027172285890663143,0.06585742553633113
2025-05-05,WIF/USD,LONG,-0.22751767361386888,3.0,17.647058823529413,0.011681263916106162,0.07935584072058886
2025-05-05,ALGO/USD,SHORT,1.7909886743666235,15.0,88.23529411764706,0.002807759165957301,0.05020212596495745
2025-05-05,CRO/USD,SHORT,1.9291496668856505,16.0,94.11764705882352,-0.0012244003089576794,0.041713811106795125
2025-05-05,MAGIC/USD,SHORT,5.278974770130089,17.0,100.0,0.024787314363745407,0.14213618456748398
2025-05-05,PEPE/USD,SHORT,1.726103136353606,14.0,82.35294117647058,0.003915607458463111,0.050737579386088444
2025-05-12,FLOKI/USD,LONG,-0.33748922492526257,2.0,11.11111111111111,0.020886665145376456,0.06462319306307095
2025-05-12,GRT/USD,LONG,-0.06919180573061734,3.0,16.666666666666664,0.01211091745532534,0.04691452065760425
2025-05-12,MOG/USD,LONG,-0.575785234724639,1.0,5.555555555555555,0.02501018647999646,0.09068753437980095
2025-05-12,MAGIC/USD,SHORT,5.380600296144872,16.0,88.88888888888889,0.028290728497728446,0.1405637019218855
2025-05-12,PEPE/USD,SHORT,8.066659076386648,18.0,100.0,0.020110842277663264,0.06680031702981373
2025-05-12,PNUT/USD,SHORT,7.136546849255097,17.0,94.44444444444444,0.03407693719785329,0.13134479987940909
2025-05-12,PYTH/USD,SHORT,4.602779048607988,15.0,83.33333333333334,0.010956962469611198,0.062241683819522144
2025-05-19,FLOKI/USD,LONG,-0.7425020393499397,2.0,11.11111111111111,0.01769773136319856,0.07059650058748375
2025-05-19,GRT/USD,LONG,-0.7717104826179302,1.0,5.555555555555555,0.009913029552624736,0.05337043605039011
2025-05-19,MOG/USD,LONG,-0.6013537620622942,3.0,16.666666666666664,0.02710971641340028,0.09048436474269246
2025-05-19,MAGIC/USD,SHORT,9.10598174164053,18.0,100.0,0.009355811176479214,0.11066928960639236
2025-05-19,PEPE/USD,SHORT,4.938708847086178,16.0,88.88888888888889,0.019045204116867425,0.07349884178127102
2025-05-19,PNUT/USD,SHORT,5.101118509533881,17.0,94.44444444444444,0.03135883001709117,0.14030429039994555
2025-05-19,PYTH/USD,SHORT,3.8472457403105,15.0,83.33333333333334,-0.0005525652057397486,0.06805570166071438
2025-05-26,ATH/USD,LONG,-0.6675906533991345,2.0,11.11111111111111,0.01863500767916225,0.05653199846082698
2025-05-26,POPCAT/USD,LONG,-1.1577442498604065,1.0,5.555555555555555,0.0052339532768243035,0.07243240996319078
2025-05-26,TURBO/USD,LONG,-0.45110318788596127,3.0,16.666666666666664,-0.0017030798054178703,0.0684663123451662
2025-05-26,PEPE/USD,SHORT,4.154835126769261,16.0,88.88888888888889,0.013793031601945551,0.07762399759968609
2025-05-26,PNUT/USD,SHORT,5.6033570893258595,18.0,100.0,0.017319165162183903,0.14200916308629227
2025-05-26,PYTH/USD,SHORT,4.609938838993983,17.0,94.44444444444444,-0.0066438315627129225,0.06750266877873035
2025-05-26,RSR/USD,SHORT,2.9830870727247625,15.0,83.33333333333334,-0.0028633259406928924,0.057662426768334836
2025-06-02,ATH/USD,LONG,-0.472598594137287,2.0,11.76470588235294,0.013558514362261154,0.051959068954050336
2025-06-02,GRT/USD,LONG,-0.10284416661771267,3.0,17.647058823529413,0.001534441060199163,0.05975612750329247
2025-06-02,POPCAT/USD,LONG,-0.7277957014244385,1.0,5.88235294117647,0.0014797674104785696,0.0740237773012858
2025-06-02,PEPE/USD,SHORT,3.3619337932721622,15.0,88.23529411764706,0.013799884771921105,0.08154847871601434
2025-06-02,PNUT/USD,SHORT,4.9461495032052625,17.0,100.0,0.015832447095594403,0.14640737941481038
2025-06-02,PYTH/USD,SHORT,3.90800020089853,16.0,94.11764705882352,-0.0052761541786328974,0.06952932911595734
2025-06-02,RSR/USD,SHORT,3.1157847715679035,14.0,82.35294117647058,-0.006613831232268546,0.05842598951964724
2025-06-09,ALGO/USD,LONG,-0.5800466370890294,3.0,17.647058823529413,-0.007971834385237343,0.03550640436960241
2025-06-09,PENGU/USD,LONG,-0.7775968025076891,1.0,5.88235294117647,-0.010661880982654562,0.06372129305252693
2025-06-09,POPCAT/USD,LONG,-0.6831662666912477,2.0,11.76470588235294,-0.01003881070132551,0.07250884241268152
2025-06-09,GIGA/USD,SHORT,2.2324848381765072,17.0,100.0,-0.006938238286005381,0.09115493495443869
2025-06-09,MOG/USD,SHORT,1.0846304076528197,16.0,94.11764705882352,-0.004526718038635385,0.09044902423073459
2025-06-09,PEPE/USD,SHORT,0.5198384003544345,14.0,82.35294117647058,-0.0026072740861442434,0.06140615093934043
2025-06-09,TURBO/USD,SHORT,0.9478443196246724,15.0,88.23529411764706,-0.01086088476334485,0.0638927087821094
2025-06-16,PENGU/USD,LONG,-0.7083388241061797,1.0,5.88235294117647,-0.005955791105006798,0.06696975001142258
2025-06-16,POPCAT/USD,LONG,-0.5516029877197965,2.0,11.76470588235294,-0.010426222544206738,0.07019332415297545
2025-06-16,PYTH/USD,LONG,-0.41605951599088753,3.0,17.647058823529413,-0.01131314244996971,0.05079933974158548
2025-06-16,GIGA/USD,SHORT,2.422182870204016,17.0,100.0,-0.0007748821592030092,0.0908915383769127
2025-06-16,MOG/USD,SHORT,1.156231478515915,16.0,94.11764705882352,-0.0013890898800189182,0.08983180499906068
2025-06-16,PNUT/USD,SHORT,0.5370515154491757,14.0,82.35294117647058,-0.009081834404424902,0.08182211521120744
2025-06-16,TURBO/USD,SHORT,1.0733618357722863,15.0,88.23529411764706,-0.00841016533481137,0.06428561004837298
2025-06-23,ATH/USD,LONG,-0.5176634997138936,1.0,5.88235294117647,-0.01467620218593933,0.042003335751534164
2025-06-23,CRO/USD,LONG,-0.08425150278421256,3.0,17.647058823529413,-0.003947854979916226,0.029557429883023623
2025-06-23,PYTH/USD,LONG,-0.2477489331415943,2.0,11.76470588235294,-0.011554507649684976,0.05002902155754041
2025-06-23,ALGO/USD,SHORT,1.7831846452350595,14.0,82.35294117647058,-0.00697007736355551,0.03915401489874833
2025-06-23,GIGA/USD,SHORT,1.953228943531383,16.0,94.11764705882352,-0.008038735227229591,0.09346606143680136
2025-06-23,MOG/USD,SHORT,2.4506681479738983,17.0,100.0,-0.008012845258290512,0.08704672364374853
2025-06-23,TURBO/USD,SHORT,1.8267010993722588,15.0,88.23529411764706,-0.011934808148007877,0.06405000173362514
2025-06-30,ATH/USD,LONG,-0.9469545027114825,1.0,6.25,-0.016938356536114824,0.04094618249913847
2025-06-30,PEPE/USD,LONG,-0.5094392401212211,2.0,12.5,-0.005934629833398467,0.05163160719174413
2025-06-30,PNUT/USD,LONG,-0.3101118674285459,3.0,18.75,-0.004209545523330889,0.06315706959903264
2025-06-30,ALGO/USD,SHORT,1.5609322707544182,15.0,93.75,-0.0014582913965501848,0.037959438836956426
2025-06-30,CRO/USD,SHORT,1.000905496377225,13.0,81.25,-0.00852189836833881,0.02430165410298103
2025-06-30,MOG/USD,SHORT,1.9701843710918672,16.0,100.0,0.0027507007896001357,0.08276116235784337
2025-06-30,PENGU/USD,SHORT,1.2252333715635162,14.0,87.5,0.012348134013802352,0.08182994521331169
2025-07-07,ATH/USD,LONG,-1.402907735985565,1.0,5.555555555555555,-0.02201653073615233,0.0399837641602108
2025-07-07,BONK/USD,LONG,-0.5183829317414519,2.0,11.11111111111111,0.012770310695281355,0.06502299456677745
2025-07-07,PYTH/USD,LONG,-0.512174060181295,3.0,16.666666666666664,-0.006793027426613163,0.051768910703447565
2025-07-07,ALGO/USD,SHORT,1.0854964355292864,16.0,88.88888888888889,-0.0027437618736025136,0.04073082721858457
2025-07-07,MOG/USD,SHORT,1.4652645887808076,18.0,100.0,0.0032458054675058925,0.0854239360756038
2025-07-07,PENGU/USD,SHORT,1.2225174091041717,17.0,94.44444444444444,0.0122015386417328,0.08205465053985381
2025-07-07,WIF/USD,SHORT,0.5416755465261214,15.0,83.33333333333334,-0.0012065921312010353,0.07169577551767319
2025-07-14,ATH/USD,LONG,-1.3957297582291446,1.0,5.263157894736842,-0.008571511619723297,0.04118329986145054
2025-07-14,BONK/USD,LONG,-0.9064517629320843,2.0,10.526315789473683,0.020103706775275933,0.0663847930992471
2025-07-14,PYTH/USD,LONG,-0.6262531995095335,3.0,15.789473684210526,0.004431027602527093,0.04964959260184868
2025-07-14,ALGO/USD,SHORT,2.4046289551094766,16.0,84.21052631578947,0.015202699072955822,0.05276964731824315
2025-07-14,CRO/USD,SHORT,7.924340750671453,19.0,100.0,0.005466765875675674,0.0441575790853799
2025-07-14,MAGIC/USD,SHORT,3.1395829859474462,17.0,89.47368421052632,0.01448340536542365,0.09230216216631837
2025-07-14,TURBO/USD,SHORT,3.6786930105883844,18.0,94.73684210526315,0.016444468667296472,0.08162299342215337
2025-07-21,ATH/USD,LONG,-0.793303148647929,2.0,10.0,0.001764915135494205,0.0400142300439777
2025-07-21,ENA/USD,LONG,-0.8714808683218389,1.0,5.0,0.02421852239063728,0.05642170147248597
2025-07-21,PEPE/USD,LONG,-0.6042248030219941,4.0,20.0,0.014003346209565299,0.048951481494656675
2025-07-21,POPCAT/USD,LONG,-0.7813368316038791,3.0,15.0,0.015901287539620258,0.06877974443333894
2025-07-21,ALGO/USD,SHORT,1.3108968548099913,16.0,80.0,0.020215706840564254,0.056557595554838413
2025-07-21,CRO/USD,SHORT,6.663178900957579,20.0,100.0,0.012178783464654596,0.04419561767200279
2025-07-21,FLOKI/USD,SHORT,1.869230427400483,17.0,85.0,0.02624112065481846,0.07374648549916844
2025-07-21,MAGIC/USD,SHORT,5.977990128842359,19.0,95.0,0.005373324392155732,0.08255793148667774
2025-07-21,TURBO/USD,SHORT,3.6549330706984575,18.0,90.0,0.017959012241252792,0.08125522238959114
2025-07-28,GIGA/USD,LONG,-0.10134958070922417,4.0,20.0,0.0024822683791680057,0.0594926716734268
2025-07-28,MOG/USD,LONG,-0.526380414741908,3.0,15.0,0.01562146699098987,0.08300334080510152
2025-07-28,RSR/USD,LONG,-0.6686377746931407,1.0,5.0,0.006372074760917917,0.05117169601011758
2025-07-28,WIF/USD,LONG,-0.5342739969435812,2.0,10.0,0.007131491507482234,0.06883483300200452
2025-07-28,CRO/USD,SHORT,5.467995598388725,19.0,95.0,0.017719024134527927,0.044322454277592314
2025-07-28,ENA/USD,SHORT,1.301313611939606,16.0,80.0,0.028992237546879563,0.07027175707362739
2025-07-28,FLOKI/USD,SHORT,1.8675474227875108,17.0,85.0,0.01591920786332337,0.07853452427095652
2025-07-28,MAGIC/USD,SHORT,5.761392024908998,20.0,100.0,0.004367608746880132,0.08380974228196679
2025-07-28,TURBO/USD,SHORT,5.157552779867775,18.0,90.0,0.009260103663699256,0.07869042935881958
2025-08-04,GIGA/USD,LONG,0.03473244411585741,4.0,20.0,0.0017225535831721184,0.058296385640396596
2025-08-04,MOG/USD,LONG,-0.07060947845095233,3.0,15.0,0.00993844574396921,0.07712774075171142
2025-08-04,RSR/USD,LONG,-0.6161147170314663,1.0,5.0,0.002959635735618804,0.05024371780855001
2025-08-04,WIF/USD,LONG,-0.538250453187453,2.0,10.0,0.002969097659131733,0.06107502637720257
2025-08-04,CRO/USD,SHORT,2.4070408372438905,17.0,85.0,0.018246233782637424,0.050773199952405514
2025-08-04,FLOKI/USD,SHORT,2.644954890062966,18.0,90.0,0.013217083227868362,0.07585272716101343
2025-08-04,MAGIC/USD,SHORT,3.037016839674239,19.0,95.0,0.02723767361052579,0.1135842460355808
2025-08-04,PNUT/USD,SHORT,1.6029409091537694,16.0,80.0,0.001034361951968932,0.06794117541534012
2025-08-04,TURBO/USD,SHORT,6.698737521994849,20.0,100.0,0.006769599340559997,0.07563104780331001
2025-08-11,GIGA/USD,LONG,-0.6127730979537014,2.0,10.0,-0.0069894799313401645,0.05633648680723559
2025-08-11,PNUT/USD,LONG,-0.5461808150177228,4.0,20.0,-0.004468622658152347,0.0561641008395288
2025-08-11,RSR/USD,LONG,-0.6723569846106572,1.0,5.0,0.005597844536571789,0.05096999847746188
2025-08-11,WIF/USD,LONG,-0.5580266734629697,3.0,15.0,-0.0016437771180168586,0.05712968053341196
2025-08-11,BONK/USD,SHORT,2.8821848769413085,17.0,85.0,-0.0003595001892187519,0.07636823390035652
2025-08-11,FLOKI/USD,SHORT,4.773267543863806,19.0,95.0,0.0035563411692809055,0.07078223790170869
2025-08-11,MAGIC/USD,SHORT,4.298155193546421,18.0,90.0,0.012479409459258664,0.10362467616248495
2025-08-11,TURBO/USD,SHORT,8.285898983382483,20.0,100.0,0.0038751307280626207,0.07316891239345653
2025-08-11,XLM/USD,SHORT,2.151285359246166,16.0,80.0,0.0030222707411772538,0.055331514670743896
2025-08-18,BONK/USD,LONG,-0.5946478462525371,2.0,10.0,-0.01270937385517602,0.057897942474401366
2025-08-18,GIGA/USD,LONG,-0.5482959458551737,4.0,20.0,-0.014481986385751692,0.060179999320614956
2025-08-18,RSR/USD,LONG,-0.5637385608928112,3.0,15.0,-0.0045937051299884705,0.04555856933943553
2025-08-18,WIF/USD,LONG,-0.7676861778115076,1.0,5.0,-0.007284153515263856,0.061229245080737675
2025-08-18,ATH/USD,SHORT,1.095223752706742,19.0,95.0,-0.0001417580103290275,0.049342262441944014
2025-08-18,ENA/USD,SHORT,0.6759245553560684,17.0,85.0,0.014817546694763177,0.07927726420265258
2025-08-18,MAGIC/USD,SHORT,4.347755166661031,20.0,100.0,0.009458719899127225,0.10430940438180966
2025-08-18,PENGU/USD,SHORT,0.3267623371576738,16.0,80.0,0.00019342414041890397,0.07010615934705673
2025-08-18,XLM/USD,SHORT,0.6790666881652698,18.0,90.0,-0.0035521350857355694,0.04033255974919192
2025-08-25,ALGO/USD,LONG,-0.7704607388378606,3.0,15.0,-0.0036525845312287224,0.051028873417949185
2025-08-25,MOG/USD,LONG,-0.7600886060309882,4.0,20.0,-0.015190898096301746,0.07350310901513425
2025-08-25,RSR/USD,LONG,-0.8552825602561867,2.0,10.0,-0.004302195420791128,0.05263246177024528
2025-08-25,WIF/USD,LONG,-0.9806211145749555,1.0,5.0,-0.010372755920783098,0.0576760430924487
2025-08-25,ATH/USD,SHORT,0.08289515134008196,18.0,90.0,-0.0030662413245583,0.056711279904475255
2025-08-25,FARTCOIN/USD,SHORT,0.07756405849630221,17.0,85.0,-0.01754979088199327,0.0885532792032005
2025-08-25,MAGIC/USD,SHORT,4.524707180805306,20.0,100.0,0.009269809043220919,0.10304428528091618
2025-08-25,PENGU/USD,SHORT,0.39174142932022527,19.0,95.0,-0.011239581965554602,0.0663135176140678
2025-08-25,XLM/USD,SHORT,-0.14796757889117051,16.0,80.0,-0.004154344298286766,0.04290983708244376
2025-09-01,ALGO/USD,LONG,-0.5442096142630715,4.0,18.181818181818183,2.9291155956262063e-05,0.049440254754574475
2025-09-01,POPCAT/USD,LONG,-0.6104891014084157,3.0,13.636363636363635,-0.006426895248643202,0.06059309600184591
2025-09-01,RSR/USD,LONG,-0.867008933128333,1.0,4.545454545454546,-0.0002979119583242651,0.051757434903322436
2025-09-01,WIF/USD,LONG,-0.7623742105426814,2.0,9.090909090909092,-0.0037994879367307917,0.055926032234195074
2025-09-01,BIO/USD,SHORT,1.0242446763444937,19.0,86.36363636363636,0.029980423136226782,0.13936944218319153
2025-09-01,CRO/USD,SHORT,1.5749972553879559,20.0,90.9090909090909,0.02594020517128529,0.09193245386604647
2025-09-01,MAGIC/USD,SHORT,7.108485264529872,21.0,95.45454545454545,0.0049022954746063595,0.0955981394912714
2025-09-01,PENGU/USD,SHORT,0.7043139742510283,18.0,81.81818181818183,-0.00511331028464577,0.0640564129606286
2025-09-01,PYTH/USD,SHORT,15.744242533070086,22.0,100.0,0.013536035377173213,0.1423620449984056
2025-09-08,PNUT/USD,LONG,-0.6192164771213773,2.0,9.090909090909092,-0.003086619212030926,0.06130567002923359
2025-09-08,POPCAT/USD,LONG,-0.6071973465267004,3.0,13.636363636363635,-0.00822352776436115,0.060665354874864665
2025-09-08,TURBO/USD,LONG,-0.4164391588667158,4.0,18.181818181818183,-0.0057478801713055135,0.055471615539722026
2025-09-08,WIF/USD,LONG,-0.620098209754746,1.0,4.545454545454546,-0.00494072695683265,0.05506449939451297
2025-09-08,ATH/USD,SHORT,15.227750642101295,21.0,95.45454545454545,0.006384688374124083,0.08495106922290623
2025-09-08,BIO/USD,SHORT,1.5617704170518474,19.0,86.36363636363636,0.014523582645415166,0.1260202649923253
2025-09-08,CRO/USD,SHORT,1.8305237915858585,20.0,90.9090909090909,0.015584519112575669,0.09354193027744098
2025-09-08,FARTCOIN/USD,SHORT,0.4542789628959105,18.0,81.81818181818183,-0.009554793643717148,0.0844039098616774
2025-09-08,PYTH/USD,SHORT,15.528095316444439,22.0,100.0,0.007236739095291487,0.14408885224852175
2025-09-15,PNUT/USD,LONG,-0.8848272467547713,2.0,9.090909090909092,0.0014931052199918095,0.05484687526703591
2025-09-15,POPCAT/USD,LONG,-0.9535684665292732,1.0,4.545454545454546,-0.003699599750785156,0.0509384228491841
2025-09-15,TURBO/USD,LONG,-0.6172600284732046,3.0,13.636363636363635,-0.0032984802656162724,0.050117932982809
2025-09-15,WIF/USD,LONG,-0.5630703895290239,4.0,18.181818181818183,-0.0002644017639967927,0.046360627081215695
2025-09-15,ATH/USD,SHORT,11.42487977968401,21.0,95.45454545454545,0.021593874190241433,0.08683806912991725
2025-09-15,BIO/USD,SHORT,2.0742600310346875,20.0,90.9090909090909,0.01588738687681484,0.12146876971150465
2025-09-15,CRO/USD,SHORT,2.027240185335341,19.0,86.36363636363636,0.014258703788784587,0.09283247257945837
2025-09-15,PENGU/USD,SHORT,0.885198984905402,18.0,81.81818181818183,-5.0253791115544705e-05,0.06079632321946802
2025-09-15,PYTH/USD,SHORT,16.357194235446,22.0,100.0,0.00888990983595175,0.14215068956123542
2025-09-22,PNUT/USD,LONG,-0.92458298685407,2.0,9.090909090909092,-0.003045852734777068,0.052456844254261274
2025-09-22,POPCAT/USD,LONG,-0.9623761661046086,1.0,4.545454545454546,-0.008009887684681975,0.05109414007395853
2025-09-22,TURBO/USD,LONG,-0.8612904401274526,3.0,13.636363636363635,-0.006957023774148261,0.048934769281039334
2025-09-22,XLM/USD,LONG,-0.8322065777819541,4.0,18.181818181818183,-0.004074355655993483,0.02726926820706896
2025-09-22,ATH/USD,SHORT,13.613788869822145,21.0,95.45454545454545,0.01876460848456478,0.08435756218505247
2025-09-22,BIO/USD,SHORT,1.3419972517675998,18.0,81.81818181818183,-0.016162619740932683,0.07435872093423207
2025-09-22,CRO/USD,SHORT,2.763914351696016,19.0,86.36363636363636,0.009945017125623477,0.09078410307787092
2025-09-22,PYTH/USD,SHORT,17.051088053029705,22.0,100.0,0.005112283772863177,0.14166750996684088
2025-09-22,WLD/USD,SHORT,8.376169348591226,20.0,90.9090909090909,0.010642036235726175,0.09864095742599083
2025-09-29,BONK/USD,LONG,-0.6463186792806557,4.0,20.0,-0.004822678385824372,0.047640321271892085
2025-09-29,PENGU/USD,LONG,-0.6678996078408406,3.0,15.0,-0.0018756745145116383,0.0527468354942236
2025-09-29,POPCAT/USD,LONG,-0.7722611129394545,1.0,5.0,-0.005496782386784008,0.04671237021361865
2025-09-29,TURBO/USD,LONG,-0.7153483182372846,2.0,10.0,-0.004167602086032623,0.04430643835453878
2025-09-29,ATH/USD,SHORT,7.220977524902768,19.0,95.0,0.018793800784799978,0.09691288360911224
2025-09-29,BIO/USD,SHORT,2.1422297586100116,18.0,90.0,-0.00595132874251647,0.06445201480560549
2025-09-29,RSR/USD,SHORT,1.3723532970988872,17.0,85.0,-0.008938374419256613,0.04161520235723492
2025-09-29,W/USD,SHORT,1.0512681396413521,16.0,80.0,0.005164120890854817,0.06342479011235133
2025-09-29,WLD/USD,SHORT,9.011103903432785,20.0,100.0,0.011556013773791214,0.09701187362503645
2025-10-06,BONK/USD,LONG,-0.70523655812242,1.0,5.0,0.0029310587872319496,0.04820519261799977
2025-10-06,PENGU/USD,LONG,-0.4131833942090055,2.0,10.0,0.004580547278494531,0.054720870577466336
2025-10-06,PEPE/USD,LONG,-0.40420785970318773,3.0,15.0,0.001882220388925707,0.0372828423241407
2025-10-06,POPCAT/USD,LONG,-0.3998208450072136,4.0,20.0,0.0011332923057376443,0.04332251753327713
2025-10-06,ATH/USD,SHORT,5.364770374323584,18.0,90.0,0.021201586283979067,0.1022622332839202
2025-10-06,BIO/USD,SHORT,1.457805822610128,17.0,85.0,-0.007072301020359392,0.0585994364032369
2025-10-06,RSR/USD,SHORT,6.298266248684261,19.0,95.0,-0.004034487526975456,0.05507810349608264
2025-10-06,WLD/USD,SHORT,9.205830879211412,20.0,100.0,0.010232178470392473,0.09693170790561667
2025-10-06,XLM/USD,SHORT,0.8708077010104112,16.0,80.0,0.00460950428521189,0.03039363599240293
2025-10-13,ATH/USD,LONG,0.9708631500018372,1.0,5.0,-0.003169691507107954,0.08697104917032192
2025-10-13,ENA/USD,LONG,1.5603342603584087,3.0,15.0,-0.016371004963141225,0.07205609075482647
2025-10-13,MOG/USD,LONG,1.9404361055372732,4.0,20.0,-0.022165876786441625,0.09628367538151797
2025-10-13,PENGU/USD,LONG,1.184526902856918,2.0,10.0,-0.010798275014539165,0.0777279787635887
2025-10-13,FLOKI/USD,SHORT,6.730995309373457,16.0,80.0,-0.010506166378046921,0.07638198137188239
2025-10-13,PEPE/USD,SHORT,9.654959538395763,20.0,100.0,-0.013923470994762899,0.07163872108902979
2025-10-13,POPCAT/USD,SHORT,8.272245151593275,18.0,90.0,-0.017739050433947065,0.08378626681168477
2025-10-13,PYTH/USD,SHORT,7.56661055924223,17.0,85.0,-0.00943788700267022,0.07606437315188891
2025-10-13,WIF/USD,SHORT,9.420387230129286,19.0,95.0,-0.015920222199115607,0.0903482475281274
2025-10-20,ATH/USD,LONG,-0.3654370588963398,1.0,4.761904761904762,-0.02502301291286726,0.09487765049721263
2025-10-20,ENA/USD,LONG,0.7854621366446972,2.0,9.523809523809524,-0.012892849840214642,0.07669069805878634
2025-10-20,GIGA/USD,LONG,1.6872897896591388,4.0,19.047619047619047,-0.01780104157449278,0.08644481942011104
2025-10-20,PENGU/USD,LONG,1.35961448351605,3.0,14.285714285714285,-0.015152777422661641,0.07646554368719005
2025-10-20,FARTCOIN/USD,SHORT,7.662061775116536,18.0,85.71428571428571,-0.0244169104078315,0.12449737549396869
2025-10-20,PEPE/USD,SHORT,10.051754093184746,20.0,95.23809523809523,-0.013499959964557988,0.07115573618662108
2025-10-20,POPCAT/USD,SHORT,8.805327606867403,19.0,90.47619047619048,-0.017563499084537738,0.08282097704121923
2025-10-20,PYTH/USD,SHORT,6.847633407526546,17.0,80.95238095238095,-0.012358756342259929,0.07682374008586344
2025-10-20,WIF/USD,SHORT,10.172659648810379,21.0,100.0,-0.016867234434399137,0.0887135863868053
