symbol,name,cmc_rank,market_cap,price,volume_24h,percent_change_24h,percent_change_7d,market_cap_dominance,timestamp
BTC,Bitcoin,1,2286460550685.8896,114664.78592875513,39072983398.56797,2.69952504,5.10550057,58.9114,2025-10-26T23:02:17.655083
ETH,Ethereum,2,502160430746.1014,4160.461546609534,27043680860.517128,4.99337846,3.77367827,12.9383,2025-10-26T23:02:17.655103
USDT,Tether USDt,3,183052323810.96936,0.9999186117516796,98921301568.5752,-0.01585296,-0.06189936,4.7164,2025-10-26T23:02:17.655106
XRP,XRP,4,159227760731.5576,2.6530319603449546,3722289983.39338,2.01683235,10.48411651,4.1026,2025-10-26T23:02:17.655108
BNB,BNB,5,158834938060.90945,1141.2218800571786,2703081484.410143,1.90659601,2.0133737,4.0924,2025-10-26T23:02:17.655109
SOL,Solana,6,110025784984.1022,200.20019757663036,4557452353.021988,2.88884752,5.56001424,2.8349,2025-10-26T23:02:17.655111
USDC,USDC,7,76240890033.19186,0.9997575300572215,10992030345.191936,-0.0067973,-0.02412098,1.9644,2025-10-26T23:02:17.655112
DOGE,Dogecoin,8,31141284806.385906,0.20553125226228497,1619748679.8234515,4.17283922,4.4807267,0.8024,2025-10-26T23:02:17.655113
TRX,TRON,9,28527104948.193752,0.3013387818249192,886982636.4337933,1.07936263,-6.10319612,0.7349,2025-10-26T23:02:17.655114
ADA,Cardano,10,24502670271.70346,0.6833925454044741,764904783.6820363,4.06884062,3.80347592,0.6313,2025-10-26T23:02:17.655116
HYPE,Hyperliquid,11,16150722959.177797,47.96980101219649,594104951.3861995,8.15577886,26.74628922,0.4161,2025-10-26T23:02:17.655120
LINK,Chainlink,12,12615359510.238106,18.60398180200213,657183292.2448376,3.03891102,6.6934085,0.325,2025-10-26T23:02:17.655121
BCH,Bitcoin Cash,13,11137983552.64829,558.4498357623102,685427926.880923,9.61216663,17.54813949,0.287,2025-10-26T23:02:17.655122
XLM,Stellar,14,10639297506.454304,0.332237109339507,183283816.29095712,2.01102933,4.12861274,0.2741,2025-10-26T23:02:17.655123
USDe,Ethena USDe,15,10378030079.080894,0.9992773916264276,233347582.77539772,0.01334816,-0.03890099,0.2674,2025-10-26T23:02:17.655125
SUI,Sui,16,9688632644.565409,2.672178591643004,744734226.3964846,5.00695851,2.45529955,0.2496,2025-10-26T23:02:17.655126
AVAX,Avalanche,17,8840560413.995827,20.723513703499908,523804501.55385876,4.88278116,-0.05575104,0.2278,2025-10-26T23:02:17.655127
LEO,UNUS SED LEO,18,8254359117.123346,8.948749457747667,388739.97052558,-0.56786147,-5.36200133,0.2127,2025-10-26T23:02:17.655128
HBAR,Hedera,19,7681933372.462872,0.18085678135901698,165118386.26295552,4.51795074,5.40763335,0.1979,2025-10-26T23:02:17.655130
LTC,Litecoin,20,7673518731.268555,100.370827779355,486866753.7901483,3.5348602,6.70871213,0.1977,2025-10-26T23:02:17.655131
XMR,Monero,21,6379772959.976539,345.84818515854204,172046696.18379134,3.45091493,9.11920979,0.1644,2025-10-26T23:02:17.655132
SHIB,Shiba Inu,22,6246727462.43393,1.0601231279286088e-05,137475616.59389833,3.81585765,4.57163313,0.1609,2025-10-26T23:02:17.655133
MNT,Mantle,23,5836616506.653447,1.794256650789946,179260050.30372182,7.03262693,-2.22134585,0.1504,2025-10-26T23:02:17.655134
TON,Toncoin,24,5635554646.97507,2.235702479036929,118531170.67110078,3.73970827,0.46335152,0.1452,2025-10-26T23:02:17.655135
ZEC,Zcash,25,5617678592.894894,345.0332823406479,1228668695.2457333,23.53933275,42.63753351,0.1447,2025-10-26T23:02:17.655136
CRO,Cronos,26,5579425901.663643,0.15466232476233657,20808614.18617207,1.64963025,4.56901163,0.1437,2025-10-26T23:02:17.655138
DAI,Dai,27,5363223758.862587,0.9995976160654462,117811683.90993802,-0.02680948,-0.05080456,0.1382,2025-10-26T23:02:17.655139
DOT,Polkadot,28,5243002865.535356,3.217079893355306,163583506.18382657,3.67548559,6.2214781,0.1351,2025-10-26T23:02:17.655140
UNI,Uniswap,29,4232955421.0702577,6.715453615182889,225585629.9824389,7.19820933,6.28805625,0.1091,2025-10-26T23:02:17.655141
TAO,Bittensor,30,4131556726.592399,406.0643509132559,294837681.338987,2.70032079,-8.6526003,0.1065,2025-10-26T23:02:17.655143
AAVE,Aave,31,3685816874.9559174,241.56383929777493,257561859.0504386,6.21070306,7.45401482,0.095,2025-10-26T23:02:17.655145
WLFI,World Liberty Financial,32,3665506585.595285,0.14918679452882658,224687525.20426363,8.28003481,12.5273622,0.0944,2025-10-26T23:02:17.655146
ENA,Ethena,33,3644078634.9136744,0.5092162284595527,328305511.7341909,8.02479551,3.2675026,0.0939,2025-10-26T23:02:17.655148
OKB,OKB,34,3579194461.4661574,170.43783149838845,53830627.00653378,1.59659116,-0.7770397,0.0922,2025-10-26T23:02:17.655149
BGB,Bitget Token,35,3360988609.336925,4.825040762625878,73623987.8306888,3.08795238,2.44523573,0.0866,2025-10-26T23:02:17.655150
PEPE,Pepe,36,3104977052.706866,7.380678868838917e-06,371692150.2552606,2.80037008,4.54415016,0.08,2025-10-26T23:02:17.655151
NEAR,NEAR Protocol,37,3046914745.006713,2.383921872948737,164207401.47479448,4.01343425,4.34571913,0.0785,2025-10-26T23:02:17.655152
USD1,World Liberty Financial USD,38,2937856730.8545074,1.000503349460622,269804327.73297167,0.02481391,-0.02280382,0.0757,2025-10-26T23:02:17.655153
PYUSD,PayPal USD,39,2780487938.6458397,0.9993969484920046,45492250.49021933,-0.01706257,-0.06387277,0.0716,2025-10-26T23:02:17.655154
APT,Aptos,40,2578204264.1322665,3.5875539828108143,140836270.8064568,8.21757396,11.77374188,0.0664,2025-10-26T23:02:17.655155
ETC,Ethereum Classic,41,2573809707.592014,16.70551730269309,98261697.24880306,4.18160979,5.09239678,0.0663,2025-10-26T23:02:17.655156
ONDO,Ondo,42,2423267157.3073006,0.7670733379798483,84934765.34213758,3.96878821,3.73372081,0.0624,2025-10-26T23:02:17.655158
ASTER,Aster,43,2331629617.0344872,1.155587855991717,479661076.36227554,0.47917541,-4.33019515,0.0601,2025-10-26T23:02:17.655159
M,MemeCore,44,2278164877.990306,2.1915945567585458,9106933.57829025,-2.51561631,8.40768794,0.0587,2025-10-26T23:02:17.655160
WLD,Worldcoin,45,2144269285.0334883,0.954602523298359,209528238.44971266,6.22738886,3.97821405,0.0552,2025-10-26T23:02:17.655161
POL,Polygon (prev. MATIC),46,2138407082.816387,0.20317947182002363,109387430.61642744,3.50454899,3.44498869,0.0551,2025-10-26T23:02:17.655162
ARB,Arbitrum,47,1850155001.456257,0.33580008307950143,145207747.17793548,4.50654647,5.05702861,0.0477,2025-10-26T23:02:17.655163
PI,Pi,48,1792513079.7183948,0.2162691534165721,16602384.51821995,3.83189316,4.95841891,0.0462,2025-10-26T23:02:17.655164
ICP,Internet Computer,49,1782365510.7919111,3.304695464961428,54471525.49534784,5.31515774,6.67152562,0.0459,2025-10-26T23:02:17.655165
KCS,KuCoin Token,50,1776354036.716442,13.692821176534947,8321397.46842732,2.88333031,1.06293307,0.0458,2025-10-26T23:02:17.655169
IP,Story,51,1766259241.610935,5.4831404940195885,38452453.89494046,3.97158429,0.00125987,0.0455,2025-10-26T23:02:17.655170
ALGO,Algorand,52,1687122273.3988106,0.19141797382530723,56858998.86232195,3.10262116,3.29699418,0.0435,2025-10-26T23:02:17.655172
PUMP,Pump.fun,53,1685444091.249286,0.004761141500704198,399848073.32435066,12.26635843,22.24531447,0.0434,2025-10-26T23:02:17.655173
KAS,Kaspa,54,1574293966.5082302,0.05862897771217552,59107423.451125,2.30252783,9.78399142,0.0406,2025-10-26T23:02:17.655174
ATOM,Cosmos,55,1551897977.6379716,3.2686431061859067,78889124.73465404,3.52535764,0.41586955,0.04,2025-10-26T23:02:17.655177
VET,VeChain,56,1547773987.3971038,0.018000502950402904,24792929.49456553,3.56475471,1.17991381,0.0399,2025-10-26T23:02:17.655178
XAUt,Tether Gold,57,1547242010.3726175,4074.502605130119,163904526.72870392,-0.92808583,-4.09579337,0.0399,2025-10-26T23:02:17.655180
PENGU,Pudgy Penguins,58,1414736729.41667,0.022506010420141623,229446718.34285957,4.6817803,-0.12570476,0.0365,2025-10-26T23:02:17.655181
SKY,Sky,59,1392690769.7528749,0.05955670593811658,12388422.68652815,3.37192486,0.99821198,0.0359,2025-10-26T23:02:17.655182
JUP,Jupiter,60,1378791948.2294796,0.4356074460119409,61616755.36179005,1.27488238,22.8680366,0.0355,2025-10-26T23:02:17.655183
PAXG,PAX Gold,61,1353453679.9552455,4074.872398027015,153398550.66362882,-0.86351903,-4.29819024,0.0349,2025-10-26T23:02:17.655185
RENDER,Render,62,1335899563.639745,2.576049350482626,47501093.92485801,3.82220267,0.67464977,0.0344,2025-10-26T23:02:17.655186
FLR,Flare,63,1328804039.8805103,0.017392776151204572,6627099.36399879,1.52660705,-1.73680142,0.0342,2025-10-26T23:02:17.655187
SEI,Sei,64,1298591920.8108754,0.20781165165292267,93489070.90387009,3.30524321,5.57883278,0.0335,2025-10-26T23:02:17.655188
BONK,Bonk,65,1266713732.1673431,1.5463358607484925e-05,115665765.21571434,3.34389869,4.86453528,0.0326,2025-10-26T23:02:17.655194
TRUMP,OFFICIAL TRUMP,66,1252789916.7103305,6.263973103762845,274933591.7916689,4.49618395,4.63595196,0.0323,2025-10-26T23:02:17.655196
GT,GateToken,67,1247248130.7515538,15.537361080938474,4147581.64032144,-0.35392794,-2.86484012,0.0321,2025-10-26T23:02:17.655197
FIL,Filecoin,68,1165791750.2568703,1.6638983101064424,97994280.99256688,6.15463685,7.74184419,0.03,2025-10-26T23:02:17.655198
IMX,Immutable,69,1110266612.9588783,0.5651778416753019,33352946.92875564,4.92046383,9.04882464,0.0286,2025-10-26T23:02:17.655200
XDC,XDC Network,70,1105563323.2665536,0.06227411103850986,33146878.17504863,-0.92229124,1.91272203,0.0285,2025-10-26T23:02:17.655202
SPX,SPX6900,71,1062569048.9184943,1.1413286094729245,33074336.75686681,8.4780416,10.76455726,0.0274,2025-10-26T23:02:17.655203
QNT,Quant,72,1026382690.0107845,85.01656293798345,14908238.17119233,3.71492378,0.3446395,0.0264,2025-10-26T23:02:17.655204
FDUSD,First Digital USD,73,1002755883.3893149,0.9979331485764612,3915145448.5039167,0.02171624,-0.0169776,0.0258,2025-10-26T23:02:17.655205
VIRTUAL,Virtuals Protocol,74,975144688.1467165,1.486800442509642,681417926.0367767,16.42846239,85.89021324,0.0251,2025-10-26T23:02:17.655206
CAKE,PancakeSwap,75,973091049.7208455,2.8438997923099816,128477019.17497121,4.67271659,-2.93300718,0.0251,2025-10-26T23:02:17.655207
INJ,Injective,76,904957790.6673476,9.052208894074482,70594156.75121427,7.33513636,4.89143027,0.0233,2025-10-26T23:02:17.655208
RLUSD,Ripple USD,77,898309797.221062,0.9997916350790977,60270898.76608,-0.00086445,0.06067809,0.0231,2025-10-26T23:02:17.655209
TIA,Celestia,78,893770299.9087458,1.079631540773227,59229240.69056325,3.59256502,4.70485625,0.023,2025-10-26T23:02:17.655211
OP,Optimism,79,886215636.2946191,0.46727260922526587,94146766.33456708,4.06687842,5.53926753,0.0228,2025-10-26T23:02:17.655212
2Z,DoubleZero,80,876683253.2059497,0.2525433063599955,32138364.61927923,5.06260333,5.58893867,0.0226,2025-10-26T23:02:17.655213
LDO,Lido DAO,81,873517877.2366415,0.9751599676446925,90312989.97105719,4.8906995,7.06042641,0.0225,2025-10-26T23:02:17.655214
AERO,Aerodrome Finance,82,858940461.7243079,0.9488772222851539,48966119.07648256,2.28145968,12.63551371,0.0221,2025-10-26T23:02:17.655215
STX,Stacks,83,850203923.2867978,0.47045614806946084,19867821.18204825,5.31183885,6.54514322,0.0219,2025-10-26T23:02:17.655216
CRV,Curve DAO Token,84,817357831.4194525,0.5815617715110197,139417589.5478183,8.16778197,4.26474415,0.0211,2025-10-26T23:02:17.655218
MORPHO,Morpho,85,744319949.7048929,2.1066229903345666,36921032.49227317,5.51457573,8.54828802,0.0192,2025-10-26T23:02:17.655219
NEXO,Nexo,86,739596819.0845482,1.144628308016927,11022016.22468185,0.05633976,-2.2591976,0.0191,2025-10-26T23:02:17.655220
FLOKI,FLOKI,87,722828054.6248591,7.576443246065141e-05,78111937.79495463,2.63968364,12.16207451,0.0186,2025-10-26T23:02:17.655221
GRT,The Graph,88,706256692.2400745,0.06688427683536603,21041802.45829088,2.90653606,3.52104966,0.0182,2025-10-26T23:02:17.655222
XPL,Plasma,89,704604550.5412434,0.39144697252291305,256117158.22568738,0.45577573,-7.28107274,0.0182,2025-10-26T23:02:17.655224
H,Humanity Protocol,90,697491460.5154743,0.3204144865453863,236569024.7799086,-6.48341423,109.83128175,0.018,2025-10-26T23:02:17.655225
PYTH,Pyth Network,91,692637258.7140427,0.12045900874913702,29814672.80190963,3.85786966,3.66529917,0.0178,2025-10-26T23:02:17.655227
KAIA,Kaia,92,685854843.8021466,0.11146969816076406,14980033.6492077,2.93738747,4.17924271,0.0177,2025-10-26T23:02:17.655228
FET,Artificial Superintelligence Alliance,93,658602132.5791484,0.27790430861050314,98040329.79748629,6.15407396,-4.51877413,0.017,2025-10-26T23:02:17.655229
XTZ,Tezos,94,657137574.0402179,0.6180795717556616,16200116.33321275,2.25978813,3.13927408,0.0169,2025-10-26T23:02:17.655230
DASH,Dash,95,630421508.9287769,50.581052939628606,221364831.82583225,20.38546414,11.60604512,0.0162,2025-10-26T23:02:17.655231
MYX,MYX Finance,96,622704007.9518832,3.0212887985823698,37277616.87415981,1.26564832,7.20503164,0.016,2025-10-26T23:02:17.655232
IOTA,IOTA,97,619550071.3601755,0.15101590190735678,13667553.69049858,2.52953599,4.53747127,0.016,2025-10-26T23:02:17.655233
ENS,Ethereum Name Service,98,613284012.7706325,16.379068501236535,74745016.89803918,5.45558914,4.08955446,0.0158,2025-10-26T23:02:17.655234
ETHFI,ether.fi,99,598251569.9069587,1.0605210124362718,87268041.80325724,3.20535128,-3.16873101,0.0154,2025-10-26T23:02:17.655236
CFX,Conflux,100,597829092.2313174,0.11611888244449613,16732369.76500228,4.4857644,2.81476546,0.0154,2025-10-26T23:02:17.655237
PENDLE,Pendle,101,582041653.7795682,3.452364303205871,56569658.38718021,7.19620815,6.60370096,0.015,2025-10-26T23:02:17.655239
AB,AB,102,578239409.4759952,0.006901134527834008,13724572.74756782,-0.06046464,-3.24401347,0.0149,2025-10-26T23:02:17.655241
SAND,The Sandbox,103,575190420.6503526,0.22010209293407543,36506787.83465279,2.7266551,4.62856422,0.0148,2025-10-26T23:02:17.655242
WIF,dogwifhat,104,570486988.1840298,0.5711495814654342,125353427.70744114,3.75510184,6.59410052,0.0147,2025-10-26T23:02:17.655243
THETA,Theta Network,105,569516402.5818241,0.569516402581824,24799227.03423193,2.26735753,0.53270654,0.0147,2025-10-26T23:02:17.655244
DEXE,DeXe,106,566747367.2438753,6.768454074659979,7608886.14560399,2.80385635,3.99494028,0.0146,2025-10-26T23:02:17.655245
TWT,Trust Wallet Token,107,547476139.8706965,1.2736134633925016,27205995.22566338,-0.49019462,-6.62164969,0.0141,2025-10-26T23:02:17.655246
STRK,Starknet,108,545749470.2866592,0.12637257090134968,31918450.18930598,5.15184606,9.22190552,0.0141,2025-10-26T23:02:17.655248
JASMY,JasmyCoin,109,539789247.3132873,0.010916963309487614,21736343.49089734,1.86729225,7.04218204,0.0139,2025-10-26T23:02:17.655250
GALA,Gala,110,536347997.87468237,0.011572704272186424,52375302.64628182,3.85882309,2.93224274,0.0138,2025-10-26T23:02:17.655252
BTT,BitTorrent [New],111,510419352.8213806,5.176345873872472e-07,12630083.09199031,2.84048089,2.37259057,0.0131,2025-10-26T23:02:17.655253
RAY,Raydium,112,509816619.2346547,1.9012399519151997,33199161.11689525,5.44310531,1.18558526,0.0131,2025-10-26T23:02:17.655254
S,Sonic,113,505488663.8160089,0.17551689715833643,45261872.32649859,4.98701892,-1.46271165,0.013,2025-10-26T23:02:17.655255
TUSD,TrueUSD,114,493197903.5352133,0.9973364220626073,45701078.35988189,-0.00499748,0.0022336,0.0127,2025-10-26T23:02:17.655256
MANA,Decentraland,115,490016268.92975986,0.24877344363122464,21746387.27571995,2.67629484,4.67780135,0.0126,2025-10-26T23:02:17.655258
SYRUP,Maple Finance,116,479412883.1377614,0.39934105304803386,23070482.54601774,2.22303658,4.95180747,0.0124,2025-10-26T23:02:17.655259
A,Vaulta,117,479244616.3223641,0.29960339248051326,21075782.52246356,1.61073275,3.0771473,0.0123,2025-10-26T23:02:17.655260
EIGEN,EigenLayer,118,478072318.2904292,1.2266573693910208,106333805.59635028,10.03483505,9.56628989,0.0123,2025-10-26T23:02:17.655262
BSV,Bitcoin SV,119,466265710.00538915,23.384806469305424,73281121.77338928,9.15335446,6.60447457,0.012,2025-10-26T23:02:17.655263
FF,Falcon Finance,120,460204762.3382691,0.19666870185396115,149079100.82813707,21.69961128,54.53359365,0.0119,2025-10-26T23:02:17.655264
USDD,USDD,121,457632982.0173657,0.9999422256348159,2659641.27921034,-0.02976707,-0.08071947,0.0118,2025-10-26T23:02:17.655266
FLOW,Flow,122,456860856.6127957,0.2824612686874786,9524007.23369836,3.77490437,1.74646007,0.0118,2025-10-26T23:02:17.655267
JTO,Jito,123,455231478.9048982,1.1578688804322466,21357013.59508248,1.81898111,5.69644605,0.0117,2025-10-26T23:02:17.655268
ATH,Aethir,124,443428981.82956225,0.031151200426889663,70204782.43835294,8.89513962,5.27874546,0.0114,2025-10-26T23:02:17.655269
SUN,Sun [New],125,433996961.0238755,0.02263450901942836,20954235.30319171,0.96859801,-2.5385575,0.0112,2025-10-26T23:02:17.655270
MERL,Merlin Chain,126,429756830.20558125,0.43899380509508784,3137144275.4608097,12.12152603,32.28191753,0.0111,2025-10-26T23:02:17.655271
SNX,Synthetix,127,425166001.38593674,1.2378684724847888,72040138.97450559,0.6513533,-21.60612066,0.011,2025-10-26T23:02:17.655272
ZORA,ZORA,128,417696009.9933055,0.093444297558557,76793503.60780829,-1.71903187,3.6652115,0.0108,2025-10-26T23:02:17.655274
FARTCOIN,Fartcoin,129,417486460.64677477,0.4174871887444319,73923215.97970493,7.43929509,10.24945643,0.0108,2025-10-26T23:02:17.655275
NFT,APENFT,130,404501621.08390015,4.0450566614056153e-07,2522181.53662158,-0.92879789,-1.78072705,0.0104,2025-10-26T23:02:17.655277
TRAC,OriginTrail,131,399741909.25377685,0.7994865373981721,5489469.7150443,1.31215538,3.35960765,0.0103,2025-10-26T23:02:17.655278
HNT,Helium,132,391019626.1054069,2.0986292811046257,8668770.1959144,5.14954633,6.90717402,0.0101,2025-10-26T23:02:17.655279
WAL,Walrus,133,387667259.5565985,0.2621218264954314,43048223.95986325,5.53512923,6.17972209,0.01,2025-10-26T23:02:17.655280
DEEP,DeepBook Protocol,134,380204568.50699604,0.08987344428161659,13473051.21634638,5.2378024,5.18342734,0.0098,2025-10-26T23:02:17.655281
ZBCN,Zebec Network,135,379928831.7444474,0.00405801106289496,15134691.67695224,4.44716971,2.01381775,0.0098,2025-10-26T23:02:17.655283
NEO,Neo,136,378569844.120617,5.366829004022153,18246263.1937985,3.31702453,3.00770023,0.0098,2025-10-26T23:02:17.655284
COMP,Compound,137,378529811.66462594,38.93442239054516,17373373.67003341,1.921007,5.19366269,0.0098,2025-10-26T23:02:17.655285
0G,0G,138,376644551.7151728,1.766260974506644,26943044.47009667,0.36862906,-4.27929534,0.0097,2025-10-26T23:02:17.655286
GNO,Gnosis,139,369423641.319673,139.97473749674188,4856474.6696857,6.58718607,9.50546278,0.0095,2025-10-26T23:02:17.655287
W,Wormhole,140,366371710.6887225,0.07586855162159868,25348905.50362058,3.37906295,0.19398076,0.0094,2025-10-26T23:02:17.655289
ZRO,LayerZero,141,360171241.02125007,1.7684824495335618,27242000.65142044,2.42954836,2.85859444,0.0093,2025-10-26T23:02:17.655290
RSR,Reserve Rights,142,345081654.25014675,0.00567935893736379,13852722.64705586,2.95858085,-8.07987969,0.0089,2025-10-26T23:02:17.655291
WEMIX,WEMIX,143,340021830.1133308,0.7439242371150537,4382119.52480378,10.18730236,16.16281742,0.0088,2025-10-26T23:02:17.655292
APE,ApeCoin,144,338342050.386754,0.4495334741826089,31451698.30775612,-0.16916069,11.69199836,0.0087,2025-10-26T23:02:17.655293
CHZ,Chiliz,145,338253183.17878973,0.03361604217174901,17560710.82665304,2.99280279,1.11328893,0.0087,2025-10-26T23:02:17.655295
JST,JUST,146,335482386.6333025,0.03388710976093965,19990079.33779496,1.3994867,5.42116025,0.0086,2025-10-26T23:02:17.655296
TOSHI,Toshi,147,330335094.6466533,0.0007852487940767814,30114811.53874335,3.04689831,7.01410318,0.0085,2025-10-26T23:02:17.655297
XCN,Onyxcoin,148,325809376.2885826,0.009108680541164326,9053984.26338972,1.93303388,-0.16154503,0.0084,2025-10-26T23:02:17.655299
RUNE,THORChain,149,325646728.4935862,0.9272067258260953,69354602.30161211,7.77091421,7.78598966,0.0084,2025-10-26T23:02:17.655300
XEC,eCash,150,321208826.46812433,1.6109655073105553e-05,53968517.68880694,10.169363,8.34162581,0.0083,2025-10-26T23:02:17.655302
USELESS,Useless Coin,151,315297061.92516845,0.3155840017941673,83860332.61717977,8.50687588,5.23310413,0.0081,2025-10-26T23:02:17.655303
FORM,Four,152,308488952.2255239,0.8078434274463536,103908060.27374554,18.2185323,-1.42558993,0.0079,2025-10-26T23:02:17.655304
FTT,FTX Token,153,306039860.91890246,0.9305090205681963,6869988.61023886,4.26381982,15.19791686,0.0079,2025-10-26T23:02:17.655308
BRETT,Brett (Based),154,298477335.4514855,0.030118084327642874,53743703.49624962,7.72488827,10.36681157,0.0077,2025-10-26T23:02:17.655309
DCR,Decred,155,292342327.1449066,17.107235154947507,3531159.81602565,3.56816856,0.06098453,0.0075,2025-10-26T23:02:17.655311
EGLD,MultiversX,156,288877300.48714304,10.055149544967328,11326142.9890287,1.89462031,1.67870992,0.0074,2025-10-26T23:02:17.655312
KAITO,KAITO,157,283854148.58733994,1.1759205229505818,51724919.81987217,-0.5066073,9.50562558,0.0073,2025-10-26T23:02:17.655313
EURC,EURC,158,283749356.0121814,1.1635944561774743,71848430.24158812,0.14826464,-0.06532405,0.0073,2025-10-26T23:02:17.655314
DYDX,dYdX,159,282567949.82771313,0.35750908750377447,8439494.18971742,5.00626984,5.37419167,0.0073,2025-10-26T23:02:17.655315
ZK,ZKsync,160,279697527.75139374,0.03417422454324864,19429882.43856722,4.30178615,-9.34216166,0.0072,2025-10-26T23:02:17.655316
AXS,Axie Infinity,161,274772752.0538932,1.6479748075965723,16594987.08031921,2.62667609,3.12124475,0.0071,2025-10-26T23:02:17.655318
BEAM,Beam,162,267547395.34561557,0.005408712505601865,6913845.2892586,5.52904122,2.74557818,0.0069,2025-10-26T23:02:17.655319
LUNC,Terra Classic,163,264738022.21478972,4.7739460716048047e-05,8291437.16548065,1.67806675,13.828856,0.0068,2025-10-26T23:02:17.655320
RON,Ronin,164,263647064.2123276,0.3803766132910571,2993029.2398999,1.00687624,-1.41879793,0.0068,2025-10-26T23:02:17.655321
CHEEMS,Cheems (cheems.pet),165,262435513.31683007,1.399693136574011e-06,4088824.4532179,2.26801158,-5.56961153,0.0068,2025-10-26T23:02:17.655322
SUPER,SuperVerse,166,261017031.7319191,0.4153593075963847,15638342.62167855,6.51206064,2.08838848,0.0067,2025-10-26T23:02:17.655324
AR,Arweave,167,260813602.59160492,3.97263984861749,30699496.06207624,3.62105004,-0.96034301,0.0067,2025-10-26T23:02:17.655327
BAT,Basic Attention Token,168,260715426.93330047,0.17431043273891694,21511134.95435197,4.79710831,-10.49484616,0.0067,2025-10-26T23:02:17.655328
MET,Meteora,169,257821191.9811143,0.5371277266343726,61335961.25771766,-1.09651809,-40.33003547,0.0066,2025-10-26T23:02:17.655329
1INCH,1inch,170,257155977.7413658,0.18380486080856775,11916273.37870981,2.81534353,4.21070121,0.0066,2025-10-26T23:02:17.655330
AIOZ,AIOZ Network,171,255330251.78341803,0.21057583067332425,19009969.40272283,6.32234099,-3.08210158,0.0066,2025-10-26T23:02:17.655332
BERA,Berachain,172,247887532.9883568,1.9135038676775085,29779483.48699184,1.06014425,-0.39313726,0.0064,2025-10-26T23:02:17.655333
LINEA,Linea,173,243878668.14962626,0.015752250302249002,70980931.49216495,4.70805949,-13.38466324,0.0063,2025-10-26T23:02:17.655334
CORE,Core,174,241678666.78339925,0.238044969600546,11088445.8842155,2.22305982,-5.38740524,0.0062,2025-10-26T23:02:17.655335
LPT,Livepeer,175,240812676.82021305,5.249960766429343,13883565.00420788,3.02428983,3.03227858,0.0062,2025-10-26T23:02:17.655336
ZEN,Horizen,176,240408174.51730382,13.684928568626193,148535222.030617,20.57099305,19.35837179,0.0062,2025-10-26T23:02:17.655337
PLUME,Plume,177,238982051.31807122,0.07621054374813922,16362997.37657038,4.68187002,1.71986288,0.0062,2025-10-26T23:02:17.655338
AKT,Akash Network,178,237538688.71132722,0.8451538392192831,186662342.0136895,31.22522634,21.38770782,0.0061,2025-10-26T23:02:17.655339
CTC,Creditcoin,179,235561438.65880314,0.4745242166026471,7894361.70346511,3.48485656,4.23648055,0.0061,2025-10-26T23:02:17.655340
CVX,Convex Finance,180,231404777.50966206,2.372762634145961,6785460.80820017,6.83880674,-1.77135123,0.006,2025-10-26T23:02:17.655341
MOCA,Moca Network,181,225820470.39794192,0.057075662745563235,7408933.66972306,4.22305287,6.70260357,0.0058,2025-10-26T23:02:17.655342
MX,MX Token,182,225307553.87096637,2.436894539033928,22888977.92179528,1.20732031,0.87144026,0.0058,2025-10-26T23:02:17.655345
QTUM,Qtum,183,218794218.48090816,2.0667118148162937,48056439.34670522,2.9959128,3.77583992,0.0056,2025-10-26T23:02:17.655346
AMP,Amp,184,214047084.3857915,0.002539650317036877,6131738.71913741,2.28813002,-0.15162499,0.0055,2025-10-26T23:02:17.655347
MOVE,Movement,185,213118405.26133716,0.07611371616476327,12884806.77475364,2.50234193,-2.25709513,0.0055,2025-10-26T23:02:17.655348
SNEK,Snek,186,211371286.03473112,0.002830546059441806,3016838.9130699,8.32436617,-8.49896826,0.0054,2025-10-26T23:02:17.655349
AXL,Axelar,187,205521874.77321774,0.19397065689318935,6902671.87580342,2.49980238,-7.24701428,0.0053,2025-10-26T23:02:17.655352
AVNT,Avantis,188,202483405.81123096,0.7841935577135355,286436970.4733039,2.41958308,58.20575898,0.0052,2025-10-26T23:02:17.655353
KMNO,Kamino Finance,189,200642287.05076617,0.06475192919482366,14216912.71471319,4.03413276,0.15937536,0.0052,2025-10-26T23:02:17.655354
SFP,SafePal,190,197970423.21941283,0.39594084643882566,3117024.78530059,3.61372642,2.70065798,0.0051,2025-10-26T23:02:17.655355
DRIFT,Drift,191,194582246.34300914,0.5089583567464037,14821472.97359844,2.11512905,0.57110641,0.005,2025-10-26T23:02:17.655356
TFUEL,Theta Fuel,192,193008269.52203244,0.02713869497867646,1306818.2524656,1.96931326,1.09152584,0.005,2025-10-26T23:02:17.655357
MOG,Mog Coin,193,190090971.61764666,4.867044973083557e-07,8007726.37095102,4.24142241,3.11732688,0.0049,2025-10-26T23:02:17.655358
SAHARA,Sahara AI,194,189963158.291842,0.07991438733962451,17132982.86495949,2.08991398,4.53666109,0.0049,2025-10-26T23:02:17.655360
B,BUILDon,195,189760678.0932988,0.1897606780932988,11078648.32303455,12.08832451,10.7171181,0.0049,2025-10-26T23:02:17.655361
GLM,Golem,196,186968570.44652966,0.18696857044652965,5648510.57674856,3.63909318,4.0925069,0.0048,2025-10-26T23:02:17.655362
DOG,Dog (Bitcoin),197,185805980.73527917,0.0018580598073527918,4279437.07665637,4.69066753,4.89693343,0.0048,2025-10-26T23:02:17.655363
KSM,Kusama,198,185621881.31729093,10.82482457086139,7207755.66409147,2.18922421,-1.72295236,0.0048,2025-10-26T23:02:17.655364
BabyDoge,Baby Doge Coin,199,178888846.91959125,1.05098781321393e-09,8107436.03434745,3.98778224,3.43674231,0.0046,2025-10-26T23:02:17.655365
TURBO,Turbo,200,177702767.09152767,0.002575402421616343,16636590.88433122,6.10055857,-0.20020808,0.0046,2025-10-26T23:02:17.655366
JLP,Jupiter Perps LP,201,2279000728.7710047,5.621291573762514,21197289.79231676,1.88204055,3.4389174,0.0,2025-10-26T23:02:17.655367
USDf,Falcon USD,202,2100940063.8623319,0.9995003849650248,586108.76050885,0.10071695,0.42622838,0.0,2025-10-26T23:02:17.655369
COAI,ChainOpera AI,203,1027563925.1707038,5.4657626520980775,204832080.96262243,-22.37308709,-10.9939419,0.0,2025-10-26T23:02:17.655371
USDG,Global Dollar,204,966268814.0287883,1.0000775150545893,9717639.30440894,0.01999376,0.01566087,0.0,2025-10-26T23:02:17.655372
FTN,Fasttoken,205,836604238.3977219,1.9176668430930828,23540847.64465141,-5.32979836,-4.88598611,0.0,2025-10-26T23:02:17.655373
ZBU,Zeebu,206,692291334.0963199,1.673705213753303,308576.90708817,0.54242285,-0.16305675,0.0,2025-10-26T23:02:17.655375
USDY,Ondo US Dollar Yield,207,690643030.3779385,1.1067930409539761,2023026.5908176,0.65491763,0.05357871,0.0,2025-10-26T23:02:17.655376
APX,APX,208,641324312.7665149,1.2043425832153778,105844.24557685,1.10098566,0.4388394,0.0,2025-10-26T23:02:17.655378
USD0,Usual USD,209,601413611.8254579,0.99744892970816,566.26095545,-0.02790609,-0.05682674,0.0,2025-10-26T23:02:17.655379
BDX,Beldex,210,590679566.8315159,0.07899826563938597,9515168.38292875,0.75885317,3.63695568,0.0,2025-10-26T23:02:17.655380
USDAI,USDai,211,508863128.7705153,1.0149835163041308,1595271.70980933,0.24215308,-0.45208627,0.0,2025-10-26T23:02:17.655381
BORG,SwissBorg,212,472520316.0730768,0.4810579186927501,1055235.15856016,2.10242924,-4.54237945,0.0,2025-10-26T23:02:17.655382
VSN,Vision,213,414089944.0458904,0.11849172295619118,3418218.11085167,0.91268488,4.979117,0.0,2025-10-26T23:02:17.655383
TIBBIR,Ribbita by Virtuals,214,373671702.7169921,0.37367170271699207,3803055.31833074,-0.25502876,21.21070247,0.0,2025-10-26T23:02:17.655384
FLUID,Fluid,215,369169890.1967962,4.747964724851645,2963002.9564542,3.48855942,-0.40151022,0.0,2025-10-26T23:02:17.655385
GHO,GHO,216,352784181.14278245,0.9998947408707953,200129.19223669,0.00994092,-0.00087958,0.0,2025-10-26T23:02:17.655386
LION,Loaded Lions,217,347095892.16595465,0.011252825703513096,831674.28984791,1.32217397,1.02656112,0.0,2025-10-26T23:02:17.655387
TEL,Telcoin,218,346026815.7244601,0.0038021844805654114,1702399.92610398,1.14940338,-6.90383158,0.0,2025-10-26T23:02:17.655389
AIC,AI Companions,219,300526720.0794216,0.40070245372021024,4166530.30054262,1.35700212,28.64391005,0.0,2025-10-26T23:02:17.655390
FRAX,Legacy Frax Dollar,220,291388549.64665323,0.9977120396431575,560951.16289659,0.09369194,0.05620148,0.0,2025-10-26T23:02:17.655391
币安人生,币安人生,221,285197108.9410961,0.2851971089410961,49932938.56274146,-2.6119759,60.6319567,0.0,2025-10-26T23:02:17.655392
CCD,Concordium,222,251925656.6606779,0.02150454742369841,4704002.56440672,18.03507874,11.0300209,0.0,2025-10-26T23:02:17.655393
KTA,Keeta,223,230978489.97308767,0.5314188071584565,11186679.77163619,2.86526061,23.91431179,0.0,2025-10-26T23:02:17.655394
SOON,SOON,224,218880275.01989266,0.7009197292529249,42727122.49281126,-1.3063408,-25.1147775,0.0,2025-10-26T23:02:17.655395
SOSO,SoSoValue,225,218620977.90523732,0.7956607426124396,12849091.32339753,2.51104232,5.08463587,0.0,2025-10-26T23:02:17.655396
USDF,Aster USDF,226,214268595.44235122,0.9985686057703559,1574264.35089376,0.01799509,-0.01106421,0.0,2025-10-26T23:02:17.655398
DUSD,StandX DUSD,227,209814808.34192073,0.9993507267396149,212460235.95540076,-0.0188949,-0.05518973,0.0,2025-10-26T23:02:17.655399
ALE,Ailey,228,202587916.44094226,0.5156002115145932,340267.00225976,0.92579664,1.04036853,0.0,2025-10-26T23:02:17.655400
LGCT,Legacy Token,229,193732277.70432425,1.8252617706443448,5269834.86093493,0.10432613,-4.12750294,0.0,2025-10-26T23:02:17.655402
UPC,UPCX,230,192824944.72253072,2.0476243148734765,568177.77740873,-0.0382236,2.20067752,0.0,2025-10-26T23:02:17.655403
GIGGLE,Giggle Fund,231,191336974.47999397,191.33697447999396,71004902.72843687,-18.29710651,63.88938546,0.0,2025-10-26T23:02:17.655404
UDS,Undeads Games,232,182662999.20315778,2.3850890048977837,1579089.961899,0.02887874,-3.28032982,0.0,2025-10-26T23:02:17.655405
QUBIC,Qubic,233,180642895.91348338,1.431027150382147e-06,2988774.22489577,3.13612556,-2.54600641,0.0,2025-10-26T23:02:17.655406
MEW,cat in a dogs world,234,176558814.601782,0.0019862866642899103,12952182.67613563,3.64752229,1.95508712,0.0045,2025-10-26T23:02:17.655407
GAS,Gas,235,176405839.29902846,2.714256229693138,4261287.41642033,4.13263517,3.61050698,0.0045,2025-10-26T23:02:17.655408
PROM,Prom,236,172829748.17746016,9.470123187806037,2443756.69374729,0.6415334,-3.18448256,0.0045,2025-10-26T23:02:17.655409
SAFE,Safe,237,172380593.23263687,0.26636600700549595,11085807.80484226,5.99337526,-3.8273313,0.0044,2025-10-26T23:02:17.655411
PROVE,Succinct,238,171814896.03356016,0.8811020309413341,43305981.24588066,-1.74915493,10.26482445,0.0044,2025-10-26T23:02:17.655412
EUL,Euler,239,171669023.82279408,8.297250886294435,53921162.98728274,5.76221712,8.77903768,0.0044,2025-10-26T23:02:17.655413
ZRX,0x Protocol,240,170877314.2622519,0.20141207748260068,26269347.17145833,2.11618655,-0.71523259,0.0044,2025-10-26T23:02:17.655414
UB,Unibase,241,170121429.3080805,0.0680485717232322,38133922.55902319,6.21336918,96.53539087,0.0,2025-10-26T23:02:17.655415
GOMINING,GoМining,242,167362862.81579408,0.41130910553464545,10647119.14658852,0.74920631,-0.15032809,0.0,2025-10-26T23:02:17.655416
YFI,yearn.finance,243,166422380.09330377,4901.068489792353,10204311.03676939,2.81167249,0.68206754,0.0043,2025-10-26T23:02:17.655417
ALEO,Aleo,244,165476892.7031899,0.27402694910161296,7224671.63743049,3.06981534,-0.80225747,0.0,2025-10-26T23:02:17.655418
BIO,Bio Protocol,245,163362321.703288,0.09132575560682071,61446136.00030074,-0.96410305,7.81258777,0.0042,2025-10-26T23:02:17.655421
CKB,Nervos Network,246,162644126.52804998,0.0034220565631946317,4197614.94330425,3.39339363,1.56555176,0.0042,2025-10-26T23:02:17.655423
KOGE,48 Club Token,247,162617807.37365177,47.99493621321505,954045898.3942511,-0.02468567,-0.06984288,0.0,2025-10-26T23:02:17.655424
APEX,ApeX Protocol,248,162068929.6147722,1.2317209104201488,12694746.7547829,-1.75758475,-1.06957081,0.0,2025-10-26T23:02:17.655425
POPCAT,Popcat (SOL),249,161441550.3091847,0.16474078357060454,18675779.36788086,5.49200157,6.03280286,0.0042,2025-10-26T23:02:17.655427
RVN,Ravencoin,250,161051072.0644983,0.010234745378029889,5261390.05166906,3.8427181,3.66117702,0.0041,2025-10-26T23:02:17.655428
AIA,DeAgentAI,251,160716137.22693592,1.2434517386996977,15192376.92642017,1.95804194,21.15318512,0.0,2025-10-26T23:02:17.655429
ZIL,Zilliqa,252,160570580.0697985,0.008206816917412934,8822123.67432802,2.28510628,1.66378276,0.0041,2025-10-26T23:02:17.655430
SUSHI,SushiSwap,253,159363988.1294465,0.5583924098652553,21320291.26082621,4.22665962,3.24509876,0.0041,2025-10-26T23:02:17.655431
CELO,Celo,254,159277362.74246308,0.27268822328637327,23040739.56117757,8.79160194,8.18547069,0.0041,2025-10-26T23:02:17.655433
KAVA,Kava,255,158787154.08330166,0.14663776547561985,13178668.64565275,4.06743476,-4.99343198,0.0041,2025-10-26T23:02:17.655435
BARD,Lombard,256,151064278.39989874,0.6713967928884389,24988342.07278381,3.09613655,7.02708384,0.0039,2025-10-26T23:02:17.655436
DEUSD,Elixir deUSD,257,150336093.14696625,0.99948708497586,20585.81695757,0.02809339,-0.07806336,0.0,2025-10-26T23:02:17.655437
ULTIMA,Ultima,258,150001283.20426145,4009.7645808297857,14675572.65947776,1.35838513,-7.70234788,0.0,2025-10-26T23:02:17.655438
AWE,AWE,259,149773904.890451,0.07710684767821895,5527818.06466448,2.66928112,1.3824763,0.0039,2025-10-26T23:02:17.655439
ASTR,Astar,260,149236624.1825517,0.018206866354346013,3128726.92095742,3.54681402,0.06971337,0.0038,2025-10-26T23:02:17.655441
VELO,Velo,261,148377783.16942212,0.008447895111415851,13562602.86255477,3.80284766,-7.42969692,0.0038,2025-10-26T23:02:17.655442
BMX,BitMart Token,262,147792498.38602835,0.4557535521917341,6350018.23609772,0.25885316,13.33873788,0.0,2025-10-26T23:02:17.655443
VVS,VVS Finance,263,146716739.22061616,3.1327746964071577e-06,190979.59679571,1.55818977,4.94269169,0.0,2025-10-26T23:02:17.655444
RIVER,River,264,144395665.5792706,7.367125794860745,7728068.43903107,-0.04439362,78.01843342,0.0,2025-10-26T23:02:17.655445
PNUT,Peanut the Squirrel,265,143290153.23392755,0.14331141512522827,29981249.9906565,3.39994243,1.4128005,0.0037,2025-10-26T23:02:17.655447
XPR,XPR Network,266,141784562.7192056,0.00504042921829459,3065956.0514434,-1.4196476,-1.94795694,0.0037,2025-10-26T23:02:17.655448
T,Threshold,267,141472071.95812523,0.013118634886848049,3098641.30974847,1.85485477,5.36113649,0.0036,2025-10-26T23:02:17.655450
SHFL,Shuffle,268,139605453.97088188,0.4081657006239006,414690.217076,2.37508171,7.39652072,0.0,2025-10-26T23:02:17.655451
BLUR,Blur,269,138717575.8372601,0.053897533720583424,9005355.92381697,3.55836954,1.06855799,0.0036,2025-10-26T23:02:17.655452
MINA,Mina,270,138108641.77798173,0.10969394111366608,8589283.62766599,3.9796031,-0.01680342,0.0036,2025-10-26T23:02:17.655453
ID,SPACE ID,271,137992441.37514865,0.11515550371045986,8446999.96077072,2.7936933,2.75650622,0.0036,2025-10-26T23:02:17.655454
EURS,STASIS EURO,272,137878335.95619088,1.1107938917215119,0.0,0.0,-3.78457836,0.0,2025-10-26T23:02:17.655455
ZETA,ZetaChain,273,134742623.08022028,0.12568175411918994,10594644.40104541,3.72782574,5.96371557,0.0035,2025-10-26T23:02:17.655457
XPIN,XPIN Network,274,133404179.70562051,0.008186816796908285,64244387.10443129,-0.5957672,82.45293955,0.0,2025-10-26T23:02:17.655458
ZIG,ZIGChain,275,131498032.83479324,0.09333112738241515,1404170.82573354,1.45205032,-13.35622446,0.0,2025-10-26T23:02:17.655459
MPLX,Metaplex,276,130929436.83456306,0.22861279048607683,3176734.09673697,3.61322596,1.37691124,0.0,2025-10-26T23:02:17.655460
OM,MANTRA,277,130844870.56470983,0.11933911887347655,25554385.90056957,1.96438648,-3.54982785,0.0034,2025-10-26T23:02:17.655461
ROSE,Oasis,278,130598421.19054464,0.017613289851697835,3700396.33638323,5.01000729,-3.49748537,0.0034,2025-10-26T23:02:17.655462
FRAX,Frax (prev. FXS),279,130089364.20038325,1.456985105630577,6755838.98310307,2.1199146,4.51259517,0.0034,2025-10-26T23:02:17.655463
AUSD,AUSD,280,128892762.58224723,0.9998987290251395,18128715.13753865,0.01241746,-0.0114077,0.0,2025-10-26T23:02:17.655464
ACH,Alchemy Pay,281,128673853.91279002,0.013368922221586619,7263341.51961032,2.6905542,0.31232392,0.0033,2025-10-26T23:02:17.655465
4,4,282,128160232.95756797,0.12816023295756798,56543471.71448115,1.50795378,0.3011158,0.0,2025-10-26T23:02:17.655467
EDU,Open Campus,283,127785007.67170265,0.21664583600031853,93793658.49421868,13.55721841,28.11155319,0.0033,2025-10-26T23:02:17.655468
WFI,WeFi,284,127405392.24511175,1.7778282570458928,6722493.78389558,-1.20900925,58.3929036,0.0,2025-10-26T23:02:17.655470
FLZ,Fellaz,285,127299078.14282633,0.2697729151347311,4578972.15530928,-0.57822726,2.34520074,0.0,2025-10-26T23:02:17.655471
REKT,Rekt (rektcoin.com),286,127043169.06177989,4.552931271320314e-07,12652957.9665777,7.11324965,-2.16308164,0.0,2025-10-26T23:02:17.655473
XAN,Anoma,287,126812473.36516458,0.050724989346065834,32339337.6997385,-12.74183654,45.09194852,0.0033,2025-10-26T23:02:17.655474
COW,CoW Protocol,288,126479232.4186064,0.23949016400050901,3662205.16762746,4.38513048,1.77407889,0.0033,2025-10-26T23:02:17.655475
PEAQ,peaq,289,125235404.98452178,0.0899010603129145,9088117.00187242,-2.3857772,3.86742973,0.0032,2025-10-26T23:02:17.655476
CFG,Centrifuge,290,125041610.55238885,0.22055319346854885,2411606.72121299,1.83969117,4.36940901,0.0032,2025-10-26T23:02:17.655477
YU,Yala,291,124041212.3208803,0.9997039133456691,123912.66200461,0.02833221,-0.00711933,0.0,2025-10-26T23:02:17.655478
SQD,Subsquid,292,122779361.8349581,0.1362481363458547,11994834.23930932,5.35897299,-15.35263568,0.0,2025-10-26T23:02:17.655479
RLB,Rollbit Coin,293,122452398.78187276,0.06529409437426995,491309.46828343,3.94063437,4.1595566,0.0,2025-10-26T23:02:17.655480
VTHO,VeThor Token,294,122116613.81840438,0.0012783918040028621,1202982.57487463,5.60177838,2.12525345,0.0031,2025-10-26T23:02:17.655481
SLT,SLT,295,121515836.96786599,14.295980819748939,121991.60484563,2.1763762,3.08626501,0.0,2025-10-26T23:02:17.655483
WHITE,WhiteRock,296,121390418.74730372,0.00018675449038046727,348863.38734844,0.65861805,-15.11040486,0.0,2025-10-26T23:02:17.655484
DGB,DigiByte,297,120636256.84778169,0.006713054437210557,3239313.7067041,4.86091432,-1.10432511,0.0031,2025-10-26T23:02:17.655485
QRL,Quantum Resistant Ledger,298,120478666.14792521,1.7733836447400622,225170.58832499,-12.60578518,-3.48285624,0.0,2025-10-26T23:02:17.655486
MOODENG,Moo Deng (moodengsol.com),299,120123921.22520082,0.12134075162205596,16373819.19106785,3.77023244,6.74791134,0.0031,2025-10-26T23:02:17.655487
HOT,Holo,300,120113026.85043675,0.0006859062384933387,4204424.16316099,2.62765551,-1.20025219,0.0031,2025-10-26T23:02:17.655488
